time,asset,AdrActCnt,CapMrktCurUSD,HashRate,NVTAdj,PriceUSD,SplyCur,TxCnt,TxTfrValAdjUSD,VelCur1yr
2018-01-01 00:00:00+00:00,btc,972783,225887722580.948558563658214246,14923655.7184224,49.91509162,13464.6536116306,16776348.58618491,241625,4525439405.811560897843177708,37.9844065049478
2018-01-02 00:00:00+00:00,btc,1142721,247555189825.1814193788629499,16415540.6673567,41.63040382,14754.322204851,16778486.0861849,343664,5946499844.12464534636336797,38.0019339244505
2018-01-03 00:00:00+00:00,btc,1130917,251879335164.348596203277476304,15071578.273538,44.70739876,15010.2861595558,16780448.58618488,396942,5633951922.355870434052208124,37.983199878225
2018-01-04 00:00:00+00:00,btc,1253986,252918055361.861462796338311188,16127548.7258241,34.29180194,15070.3007986558,16782548.58618486,424762,7375467052.299311542338463204,37.9655404773754
2018-01-05 00:00:00+00:00,btc,1069525,285287177348.308949806708857774,13727615.8797194,32.28714867,16997.2274079486,16784336.08618409,339441,8835935940.634569630489584244,37.9288752436187
2018-01-06 00:00:00+00:00,btc,1163503,287108308287.37241392555320027,16127548.7258241,39.3886788,17103.589279661,16786436.08618407,356470,7289107352.71246689513374263,37.9317765164506
2018-01-07 00:00:00+00:00,btc,1130388,272505179860.495357959875422775,15551564.842759,33.61711289,16231.6949994155,16788461.08618405,372566,8106144651.51975225206852805,37.974968814609
2018-01-08 00:00:00+00:00,btc,1157303,250807207092.343770528332230456,15935554.0981357,36.48311025,14937.4150894214,16790536.08612404,345855,6874611439.138275342827682828,38.0225964452691
2018-01-09 00:00:00+00:00,btc,1145338,241453646852.438707822371885134,15743559.4704474,36.56896653,14378.5862174167,16792586.08610402,354874,6602692658.282621169981778968,38.0218489629587
2018-01-10 00:00:00+00:00,btc,1118949,246362365863.3231446816022054,15935554.0981357,35.82997797,14669.0882656341,16794661.086094,347701,6875872658.228399958522075891,38.0208019403846
2018-01-11 00:00:00+00:00,btc,1222969,221498893134.716947555896191164,18527481.5719289,35.92257189,13186.7549427236,16797073.58609399,334581,6166008764.161190538375553912,37.8927332003064
2018-01-12 00:00:00+00:00,btc,1153290,231652981446.498499228868814016,17087521.864266,42.08976645,13789.4436639392,16799298.58608398,304727,5503783959.207870854951003904,37.8310988842328
2018-01-13 00:00:00+00:00,btc,939348,239101104762.359611340833558937,15881806.2094572,53.02035754,14231.2250645821,16801161.08608397,264304,4509609437.98963906532375181,37.7789430402092
2018-01-14 00:00:00+00:00,btc,971840,229884291706.09931818226898251,17165770.5545811,55.89387346,13681.0654611338,16803098.58608395,236042,4112871008.332418061079211088,37.7731264253017
2018-01-15 00:00:00+00:00,btc,949563,228408095575.093235257385995598,16612036.0205623,48.6126017,13591.6961966686,16804973.58608393,272139,4698536749.628536654390355526,37.7705132781732
2018-01-16 00:00:00+00:00,btc,1001819,192121046221.587815960165066256,17608758.1817961,34.92009374,11431.0401052016,16806961.08608391,306170,5501733404.666835964929520752,37.8105788328455
2018-01-17 00:00:00+00:00,btc,1090483,187582403000.911514684980420267,18494733.4362261,35.49858507,11159.6085905903,16809048.58608389,314242,5284221966.872071607043181035,37.8096330974296
2018-01-18 00:00:00+00:00,btc,1050790,189059547788.133804277899641836,19159214.8770486,39.79011621,11246.0397302747,16811211.08608388,307893,4751419845.344011421282109864,37.8098005507374
2018-01-19 00:00:00+00:00,btc,1027992,192348146652.903803891999207426,18273239.6226186,38.11658067,11440.2555616598,16813273.58608387,242661,5046311691.55042010016831465,37.7967573587312
2018-01-20 00:00:00+00:00,btc,970060,214707089256.08001385443083824,19712949.4110673,56.40367826,12768.4045856224,16815498.58608385,236313,3806615027.013582288002088448,37.7764564033109
2018-01-21 00:00:00+00:00,btc,988506,192099954357.022136061634068407,20709671.572301,62.34155807,11422.3942589129,16817836.08608383,217475,3081410864.448530318218159104,37.7610688378357
2018-01-22 00:00:00+00:00,btc,946599,180601416229.532133638920622751,18494733.4362261,50.64807843,10737.3505774401,16819923.58608351,250083,3565809836.133203572670998233,37.7712665475878
2018-01-23 00:00:00+00:00,btc,893416,182509946645.006970149489416947,19602202.5042636,49.74835676,10849.3918793103,16822136.08608349,266082,3668662816.75500220342328208,37.7653131532439
2018-01-24 00:00:00+00:00,btc,940167,188868250111.499843778905863568,19491455.5974598,48.33785231,11225.8961747516,16824336.08608348,251628,3907253655.368708416328427652,37.7460874401506
2018-01-25 00:00:00+00:00,btc,854029,187284665737.683175292556917472,19419246.3436515,51.89340117,11130.4649473992,16826311.08608316,238459,3609026610.270045591210140232,37.7134476018003
2018-01-26 00:00:00+00:00,btc,807029,185709056259.207506263321367495,20056949.5413983,40.38724848,11035.5546098773,16828248.58598315,218851,4598210158.823496890624847519,37.71162789951
2018-01-27 00:00:00+00:00,btc,860840,190534317916.244805419130737554,20315748.8903196,72.22119185,11320.9701852718,16830211.08598303,192395,2638205117.436845143970829124,37.6898943097269
2018-01-28 00:00:00+00:00,btc,765711,195521978595.3604682711624656,20445148.5647802,64.23503528,11615.95871128,16832186.08598302,213698,3043852591.5784229658252376,37.7011852442095
2018-01-29 00:00:00+00:00,btc,775230,187405821048.539752036573892715,19151151.8201739,50.05780934,11132.5543138515,16834036.08598281,230013,3743787903.008718144557546955,37.7007594142996
2018-01-30 00:00:00+00:00,btc,845185,167680159360.3545180644203389363,21609745.6349259,49.74616562,9959.54671537113,16836123.58598251,239554,3370715255.8510469526667199274,37.6861543566797
2018-01-31 00:00:00+00:00,btc,685452,169219353157.6349981178846945,15139761.9118942,48.82099696,10050.0957971946,16837586.0859825,208360,3466118344.630398026086116432,37.6585881787498
2018-02-01 00:00:00+00:00,btc,833934,152227586137.8496033043960186212,20703947.9137015,39.83113942,9039.86507510228,16839586.08598229,252498,3821823537.2438923176174210884,37.6368411129863
2018-02-02 00:00:00+00:00,btc,853582,147972357159.337812151807265196,21739145.3093865,33.35244954,8786.0773798948,16841686.08598227,237739,4436626371.17088296520460812,37.6263974840924
2018-02-03 00:00:00+00:00,btc,714800,153818002832.4505981012558911925,20445148.5647802,62.34331923,9132.10032232613,16843661.08598225,190833,2467273233.6241397883098227619,37.5500822151333
2018-02-04 00:00:00+00:00,btc,711645,138987436238.7947986886640511038,23033142.0539929,61.67396845,8250.52689596727,16845886.08598194,172621,2253583476.82335358028199033,37.514899421519
2018-02-05 00:00:00+00:00,btc,915758,115402453262.5866536194272071924,23938939.7752173,33.77339479,6849.54255932203,16848198.58598108,221421,3416963381.8446607618211949271,37.5383850807935
2018-02-06 00:00:00+00:00,btc,999753,130398654837.1813805081499243306,22105953.9129441,30.45890532,7738.64395967271,16850323.58598086,245035,4281133989.6320377452676288158,37.5495708044551
2018-02-07 00:00:00+00:00,btc,804119,128490337875.2701861856306188992,20149017.2119133,46.15928405,7624.59538953828,16852086.08598064,207672,2783629350.6945381049755610644,37.522203548451
2018-02-08 00:00:00+00:00,btc,753618,138513689945.9611230643482351459,18720008.8990117,47.30838066,8218.58085184103,16853723.58598053,177469,2927889054.8336864573424542091,37.5017800875103
2018-02-09 00:00:00+00:00,btc,781921,145975503391.698984596143341606,19291612.2241723,42.12480688,8660.45346785505,16855411.08598012,178845,3465309735.4749772768211739735,37.4657916077357
2018-02-10 00:00:00+00:00,btc,737187,143796839806.93957116487847334,20434818.8744937,30.70210538,8530.29280479252,16857198.5859795,176305,4683614952.213815219296424214,37.4704627295199
2018-02-11 00:00:00+00:00,btc,814528,136503442480.996441951857541455,21578025.524815,39.83538665,8096.72848129749,16859086.0859795,147871,3426688026.8321861620090074402,37.4857137156818
2018-02-12 00:00:00+00:00,btc,912131,150193661791.1710943601450095948,23721537.9941675,28.51480214,8907.67017913501,16861161.08597948,185649,5267217393.7271809504079888519,37.5270451427638
2018-02-13 00:00:00+00:00,btc,868109,143741453662.4691743969945877416,23435736.3315871,33.64006389,8523.96693191116,16863211.08594926,188299,4272924514.2895594283446288856,37.5269895206993
2018-02-14 00:00:00+00:00,btc,937769,159670278815.201838750207055656,25579248.8009396,39.51468116,9467.3010327294,16865448.58594924,197735,4040783681.66432017451115429,37.5171439657355
2018-02-15 00:00:00+00:00,btc,779005,170471136968.402585195029365018,18720008.8990117,45.86613865,10106.7330835769,16867086.08594922,195903,3716710017.455032363079462533,37.5053893541063
2018-02-16 00:00:00+00:00,btc,773561,171884074815.12779633050277052,22435430.512556,56.0527026,10189.3164833431,16869048.5859492,185173,3066472566.611671334336576581,37.4798500215448
2018-02-17 00:00:00+00:00,btc,765638,187024145183.503814374639074144,21292223.8622346,43.10586701,11085.5984143776,16870911.08594919,172015,4338716703.204570222412655424,37.4640226175368
2018-02-18 00:00:00+00:00,btc,730130,176357479895.864197943179947897,23149934.6690068,43.99113813,10452.0919772063,16872936.08594919,160325,4008931966.552360506376317633,37.4867108137688
2018-02-19 00:00:00+00:00,btc,857787,187976194475.860210832295627783,23149934.6690068,38.98262837,11139.3557305669,16874961.08594907,191633,4822050290.992934591782517827,37.5103446699758
2018-02-20 00:00:00+00:00,btc,703065,189794491196.210348294246198862,20835108.4972582,48.32413201,11245.9323179427,16876723.58594906,194005,3927530269.456257247918137948,37.5025563146904
2018-02-21 00:00:00+00:00,btc,713740,176533469479.531729248286499517,25265138.8267234,37.25648408,10458.8650888369,16878836.08594893,208330,4738328745.33709652815671303,37.5003244969985
2018-02-22 00:00:00+00:00,btc,719848,166750223696.0134593387678104755,22275181.569123,31.34146484,9878.15894272355,16880698.58592881,182712,5320434911.1809255805816191595,37.4918609386838
2018-02-23 00:00:00+00:00,btc,732287,171510918790.792914467411155167,22125683.706243,46.10851085,10159.0656125073,16882548.58592879,180733,3719723660.847124154537060292,37.4481597322911
2018-02-24 00:00:00+00:00,btc,690001,163552082148.2341465366438975025,21677190.1176029,63.42957694,9686.60177995325,16884361.08591877,153121,2578482941.9783035463069744725,37.403226226384
2018-02-25 00:00:00+00:00,btc,526879,162164887219.0352763267924586104,25564134.5524835,97.43912946,9603.22747749854,16886498.58591876,143945,1664268637.4169322801259393316,37.3756504664881
2018-02-26 00:00:00+00:00,btc,688379,174157924575.181084348494368048,21079198.6660828,63.9700032,10312.3657130333,16888261.08591856,191999,2722493604.171954847906354949,37.3685887598576
2018-02-27 00:00:00+00:00,btc,699046,179950653847.519587991516279392,23919658.0608032,62.16620254,10654.1072948568,16890261.08591844,215369,2894670198.639692582426892936,37.3368707930566
2018-02-28 00:00:00+00:00,btc,817155,174108312562.129161969720361311,23172168.7464031,48.16881925,10307.0249663939,16892198.58589749,190181,3614543916.207436018229921472,37.3156016210604
2018-03-01 00:00:00+00:00,btc,821011,184546671784.812916491462635919,24667147.3752033,50.88978322,10923.6308617767,16894261.08589657,236700,3626399251.977078082652173149,37.291177809751
2018-03-02 00:00:00+00:00,btc,752300,186095856775.398270209703131476,23321666.6092831,68.94478978,11014.0584672706,16896211.08589546,192887,2699201163.23193329652914472,37.227665660179
2018-03-03 00:00:00+00:00,btc,934083,193076418415.275053240219336112,26909615.3184037,87.50562932,11425.6805654588,16898461.08589524,179832,2206445687.196408356418585768,37.164141227175
2018-03-04 00:00:00+00:00,btc,792569,193721221886.461942043198967226,22125683.706243,99.51814867,11462.5831975453,16900311.08589442,154847,1946591897.847421574736732585,37.1197787095779
2018-03-05 00:00:00+00:00,btc,857168,195062277838.50427214538391136,24020983.5292903,53.49595862,11540.6623205728,16902173.5858937,205776,3646299325.687392345526691968,37.1050655047701
2018-03-06 00:00:00+00:00,btc,834323,180485923073.373582405632195889,25517998.1075581,61.4663233,10677.0352308591,16904123.58589279,208778,2936338361.870140277571717219,37.0575738071975
2018-03-07 00:00:00+00:00,btc,922143,167422408355.891589711324236147,25681575.018504,61.19233674,9903.0850490941,16906086.08589167,212833,2736002860.507619902299082181,37.0082243818381
2018-03-08 00:00:00+00:00,btc,903578,157760715442.686669855027608186,26499459.5732334,61.15166597,9330.47545295149,16908111.0858914,189879,2579826942.5982452235261469821,36.9631222795441
2018-03-09 00:00:00+00:00,btc,888997,156892740604.114400789771159118,23882228.9980992,44.48270085,9278.13918439509,16909936.0858902,202179,3527050686.8674721988548672757,36.9325758753087
2018-03-10 00:00:00+00:00,btc,803717,148595551650.91343717440593604,22900767.5324239,80.04288504,8786.56042314436,16911686.085889,149505,1856449221.86764008431951338,36.8736926600531
2018-03-11 00:00:00+00:00,btc,889324,160908118884.280416004251126738,25027267.3747204,79.23077513,9513.53539976622,16913598.5858879,157234,2030879019.1062891482205622536,36.8263641881701
2018-03-12 00:00:00+00:00,btc,828676,154742152551.377298539674071585,26335882.6622875,66.59284458,9147.89018059615,16915611.0858879,185230,2323705400.002748733404071373,36.811108463202
2018-03-13 00:00:00+00:00,btc,773506,154974273658.910298311228723136,25845151.9294498,61.0176028,9160.54293278784,16917586.0858879,199201,2539828943.5930387562465934912,36.7574830685283
2018-03-14 00:00:00+00:00,btc,580666,139113345204.638481419211588971,23555075.1762074,58.80657732,8222.12723904149,16919386.0858879,193089,2365608602.5575522234226465141,36.6935321252673
2018-03-15 00:00:00+00:00,btc,602746,139914335208.604390934457124552,23555075.1762074,58.04410423,8268.58912244302,16921186.0858876,201087,2410483150.0166384104811246286,36.6501216422663
2018-03-16 00:00:00+00:00,btc,601517,141763494802.308522284848819008,25517998.1075581,70.43249995,8376.90449824664,16923136.0858872,188256,2012756822.4203855593834483224,36.5430141909962
2018-03-17 00:00:00+00:00,btc,452543,133397116859.145858928117504704,24372959.7309369,96.19349377,7881.66192051432,16924998.5858872,151432,1386758206.1455104017176637544,36.4380228360181
2018-03-18 00:00:00+00:00,btc,535510,138614553160.816856631912577968,25426608.9713916,77.96821465,8189.01671917008,16926886.0858871,164511,1777834131.2759147395464144288,36.3733467103469
2018-03-19 00:00:00+00:00,btc,587514,144521631437.14119991457140587,26679206.959874,59.1823652,8537.0156233197,16928823.5858871,193494,2441971201.299771464054430303,36.3350947898643
2018-03-20 00:00:00+00:00,btc,567891,150605270576.659093918196517371,21859737.3155097,63.77041183,8895.54717913501,16930411.0858871,193222,2361679441.1317840975740836886,36.2780690257769
2018-03-21 00:00:00+00:00,btc,586910,150352052268.78598792999127121,26162835.2122636,64.7973359,8879.5942565751,16932311.0858871,199262,2320343115.813151336963847484,36.2136484483894
2018-03-22 00:00:00+00:00,btc,577941,147507258760.045173467660535288,24613719.9694322,70.68642639,8710.66493512566,16934098.5858868,180421,2086783365.6510926087001395838,36.1309668759605
2018-03-23 00:00:00+00:00,btc,619608,148556200040.7051035898771097608,22892480.8107306,69.17744025,8771.74632349503,16935761.08588536,177341,2147465987.3729154002118906384,36.0599369043555
2018-03-24 00:00:00+00:00,btc,543804,145850435654.061907885548150792,26851330.8757442,97.19809687,8610.9885163647,16937711.08588536,159401,1500548265.42227433916401987,35.8851013102835
2018-03-25 00:00:00+00:00,btc,454187,142978872725.6198633181249919176,23236728.6424709,79.97388604,8440.61092255991,16939398.58588536,137632,1787819497.1576188828111327817,35.7746092213536
2018-03-26 00:00:00+00:00,btc,582295,138430269669.8003729059169118245,25818587.3805233,60.49868181,8171.18435447107,16941273.58588535,187477,2288153485.6536997711086629261,35.7521238037136
2018-03-27 00:00:00+00:00,btc,598612,132788146745.298791549572307451,26162835.2122636,77.62754252,7837.26531940386,16943173.58588535,185428,1710580322.842031563826779863,35.6907305462009
2018-03-28 00:00:00+00:00,btc,552755,134434473959.645372471041653984,23236728.6424709,67.30408858,7933.64272969024,16944861.08588535,181035,1997419128.4842960271306628032,35.6363657269663
2018-03-29 00:00:00+00:00,btc,559619,120467251234.393093744064184985,26162835.2122636,61.32036425,7108.5708132671,16946761.08586535,189556,1964555375.820932738169409105,35.5910978457555
2018-03-30 00:00:00+00:00,btc,571020,115796633032.064725560349207618,27884074.3709651,55.48552017,6832.14906633548,16948786.08586535,183947,2086970306.5479350859348600372,35.5437226752315
2018-03-31 00:00:00+00:00,btc,475498,117335340577.46039068337849184,22031861.2313799,92.89038284,6922.2812969024,16950386.08586535,149294,1263159188.240126393809736,35.4593319043996
2018-04-01 00:00:00+00:00,btc,425276,115353102998.0673600995409613725,28151789.8209148,92.69885453,6804.52487931035,16952411.08586535,133901,1244385419.6633120408144780055,35.418556970715
2018-04-02 00:00:00+00:00,btc,485666,119244423031.535719725400897356,27227579.616214,75.85721432,7033.25960958504,16954361.08586515,167141,1571958897.9677922812519527416,35.3948557248248
2018-04-03 00:00:00+00:00,btc,605514,125830051366.808438478426160503,28449329.9836082,52.78843322,7420.80051548802,16956398.58586515,203600,2383667097.1094460388203286668,35.3551340685178
2018-04-04 00:00:00+00:00,btc,565002,114986059183.0864292533816261775,25656757.7152785,64.53935521,6780.54360140269,16958236.08586475,183926,1781642515.9102038347673104506,35.2983528608664
2018-04-05 00:00:00+00:00,btc,534893,115302512667.860406801331015884,27227579.616214,69.72421614,6798.42261659848,16960186.08586455,181407,1653693925.089356234811963656,35.2455007134207
2018-04-06 00:00:00+00:00,btc,631476,112126583471.018072379468047652,24085935.8143431,72.22993893,6610.49234979544,16961911.08586455,169899,1552356060.7935308096989093864,35.1993220358648
2018-04-07 00:00:00+00:00,btc,502038,116823177434.9844313604306631465,31416438.0187084,92.69629983,6886.46947194623,16964161.08586455,155865,1260278755.9762189049079059054,35.1481206515956
2018-04-08 00:00:00+00:00,btc,414992,118932810742.211532740175744168,28100258.450067,104.08993379,7009.99610432496,16966173.58586455,139770,1142596660.5072450967304266032,35.1200691040765
2018-04-09 00:00:00+00:00,btc,535496,114311672118.168148506824251707,25656757.7152785,64.87513004,6736.89282378726,16968011.08584445,174115,1762026095.9718012199378374924,35.1040645925237
2018-04-10 00:00:00+00:00,btc,569509,115680131308.8514411063598644725,28623865.7503788,72.78399062,6816.71861542957,16970061.08584425,188256,1589362307.8098011898254118349,35.0615575488225
2018-04-11 00:00:00+00:00,btc,533732,117867416604.6504691650369621175,28100258.450067,58.09140222,6944.78585710111,16972073.58584425,179955,2028999337.0899305603669624226,35.0132598484132
2018-04-12 00:00:00+00:00,btc,629328,134168090914.608213197070830685,26878508.0826727,48.13569231,7904.33027527762,16973998.58584425,216526,2787289108.7857038527048758192,34.9737849538294
2018-04-13 00:00:00+00:00,btc,638968,134434525998.6730986962230430775,28798401.5171494,58.16379181,7919.06469462303,16976061.08584425,213311,2311309524.5154028623460995927,34.9357828929291
2018-04-14 00:00:00+00:00,btc,502546,135931151075.1241780455536374425,25934796.2703183,103.49369604,8006.41794330801,16977773.58584425,165043,1313424452.7046302369031309689,34.8661510439942
2018-04-15 00:00:00+00:00,btc,590187,141650187328.7155170881778710325,31109116.9538305,106.95597647,8342.27110140269,16979811.08584425,170677,1324378421.9013787409594326355,34.828924381503
2018-04-16 00:00:00+00:00,btc,721332,136650419244.8130406136011366275,26910340.4324546,65.42966774,8046.98213354763,16981573.58584425,194303,2088508530.7735034158443973848,34.8228228358825
2018-04-17 00:00:00+00:00,btc,614295,133962175227.6290849750931612375,30918263.4755861,59.30482158,7887.73795791935,16983598.58584425,204094,2258874939.004675828978478416,34.7872902413826
2018-04-18 00:00:00+00:00,btc,588686,138650636284.675138861967912745,30536556.5190974,80.05011702,8162.83486177674,16985598.58584425,200441,1732047890.0887830341321085816,34.730838251533
2018-04-19 00:00:00+00:00,btc,657714,140539709293.916032982493060445,33971919.1274958,54.32945132,8272.96731589714,16987823.58584425,215282,2586805238.793638097736629958,34.7052150195668
2018-04-20 00:00:00+00:00,btc,661833,150179023464.443807972003318975,26146926.5194772,61.53501228,8839.5011320865,16989536.08584415,210669,2440545925.118610144829073655,34.6739270803821
2018-04-21 00:00:00+00:00,btc,602722,150605063050.850488682354212061,30345703.0408531,72.85727033,8863.54082904734,16991523.58584415,191121,2067124699.6360702443749072144,34.6294894366673
2018-04-22 00:00:00+00:00,btc,502665,149559305824.316205618725068257,30536556.5190974,96.06425379,8800.95908708358,16993523.58583415,168980,1556867408.2483851869800327524,34.5945771856229
2018-04-23 00:00:00+00:00,btc,642298,151782579435.7191986239668292645,29200582.1713869,62.60259418,8930.78463354763,16995436.08582415,227377,2424541369.5597967486414096324,34.5751844713738
2018-04-24 00:00:00+00:00,btc,776436,164062766307.8072568263528792075,30345703.0408531,45.58973223,9652.21378872005,16997423.58582415,253956,3598677997.7133996161706751285,34.5454609815255
2018-04-25 00:00:00+00:00,btc,701507,150534451808.2068436251551529785,23474977.8240562,49.35961776,8855.50893658679,16998961.08582415,217684,3049749139.8744297261684606491,34.4579354147791
2018-04-26 00:00:00+00:00,btc,661663,157507070083.4660934111389846055,26910340.4324546,60.11872818,9264.72742694331,17000723.58582405,217258,2619933502.3833813003891183126,34.3977056548698
2018-04-27 00:00:00+00:00,btc,674680,152705064058.872612348200083261,27882432.4329455,59.45793327,8981.33079018118,17002498.58582395,212647,2568287454.203802279086018962,34.3251761397185
2018-04-28 00:00:00+00:00,btc,541764,158849307909.906925628390317314,25592018.8297845,85.34615032,9341.82468468732,17004098.58582395,194970,1861235771.193160302079798428,34.2719971586378
2018-04-29 00:00:00+00:00,btc,549120,159806033177.3194633943850831255,31590148.2430152,79.11565195,9396.99762974869,17006073.58582395,183812,2019904143.3199153361747299467,34.2406081873831
2018-04-30 00:00:00+00:00,btc,645424,156962282341.706262683491805435,30990335.3016921,72.98173203,9228.7264836353,17008011.08582395,215603,2150706457.381466890362976587,34.2181310173405
2018-05-01 00:00:00+00:00,btc,634217,154317464332.4519972647680074122,31590148.2430152,82.07141315,9072.16875745178,17009986.08581849,198167,1880282773.4188851622555176344,34.1641280693238
2018-05-02 00:00:00+00:00,btc,673769,156578190321.4114003023305822612,27991270.5950767,62.69724934,9204.12764056108,17011736.08581839,210896,2497369373.8820651167835595368,34.1068055418234
2018-05-03 00:00:00+00:00,btc,660104,165894741989.1293147651287371679,30190584.7132614,62.32498316,9750.70014640561,17013623.58581839,227954,2661769543.8171059420689198484,34.0563855420117
2018-05-04 00:00:00+00:00,btc,710689,164991759225.7550483053737206024,27591395.3008614,55.18565316,9696.64290999416,17015348.58581839,224579,2989758203.0326280489691370784,33.9847137339326
2018-05-05 00:00:00+00:00,btc,606625,166700806032.8764876288426743768,32189961.1843383,93.10389739,9795.92577206312,17017361.08579839,195965,1790481501.8806747976474427464,33.8989432796858
2018-05-06 00:00:00+00:00,btc,535825,163299488641.5585205387819477854,27391457.6537537,85.57435706,9595.08681940386,17019073.58579839,172671,1908275963.2061998047407884224,33.842003848354
2018-05-07 00:00:00+00:00,btc,662775,158967333946.106770554057950626,29990647.0661537,65.36829436,9339.5108471654,17020948.58579819,204816,2431872140.651531332041708454,33.7948775805988
2018-05-08 00:00:00+00:00,btc,665870,156819276398.111261305587133169,27791332.9479691,58.43887242,9212.36963471654,17022686.08579735,219628,2683475397.4981065486550978036,33.716800592975
2018-05-09 00:00:00+00:00,btc,603396,158211127488.7948701418558107375,31990023.5372306,61.14809309,9293.04227352425,17024686.08579735,204710,2587343603.0716639975627675625,33.6385392302478
2018-05-10 00:00:00+00:00,btc,633729,153878517153.7762480687457675705,30790397.6545844,58.24897695,9037.53050905903,17026611.08579735,215367,2641737678.8890426319340415704,33.5632744901659
2018-05-11 00:00:00+00:00,btc,772234,143373321270.3078612148729521035,26155095.4999563,48.72087078,8419.75858737581,17028198.58579735,207053,2942749564.3196231327297914758,33.5104527808104
2018-05-12 00:00:00+00:00,btc,563749,144514968309.057437380683803944,33988897.1882542,80.23960933,8485.77526680304,17030261.08579735,181270,1801042770.6887587455407768144,33.4438661653646
2018-05-13 00:00:00+00:00,btc,488836,148108395237.2360311024423993065,30487010.8112825,100.97316656,8695.83309380479,17032111.08579735,159530,1466809453.228312318375990942,33.3909119035056
2018-05-14 00:00:00+00:00,btc,641192,147701005849.9463449523350462335,27191117.7506033,46.02177404,8671.07417475161,17033761.08579735,211328,3209372279.0578085178139767636,33.3727448944545
2018-05-15 00:00:00+00:00,btc,624136,144605949351.01570335553500045,30075024.1786976,64.74641191,8488.463421391,17035586.08576995,208197,2233420278.88735053432435701,33.2960215962993
2018-05-16 00:00:00+00:00,btc,617403,141886841023.804024087505263164,36872803.6163485,57.59749729,8327.75620134424,17037823.58576985,213978,2463420247.560070055208296044,33.2338259819826
2018-05-17 00:00:00+00:00,btc,635676,137176558811.93734481501333097,27191117.7506033,44.8078241,8050.51623933372,17039473.58576975,190427,3061442093.6853045906533594904,33.1371220722433
2018-05-18 00:00:00+00:00,btc,701918,140302690393.9784215401058982095,30487010.8112825,51.35949575,8233.08645528931,17041323.58574245,216419,2731777023.0849538721693473211,33.0775063802265
2018-05-19 00:00:00+00:00,btc,500408,140257123405.4329578333123211695,31722970.7090372,121.64121806,8229.48293571011,17043248.58574245,167502,1153039451.9509644280453447704,32.995217138779
2018-05-20 00:00:00+00:00,btc,483041,145078058846.0958713456172831875,29663037.5461127,113.72413539,8511.44883021625,17045048.58574235,159863,1275701576.8782886795024510875,32.9250498814299
2018-05-21 00:00:00+00:00,btc,620329,143171421543.0004124394788059465,32340950.6579146,85.67420677,8398.62312653419,17047011.08574235,201185,1671114644.0046874107182325479,32.879476623984
2018-05-22 00:00:00+00:00,btc,595706,136519507769.1795816383803391375,31104990.7601599,78.82646747,8007.52653214495,17048898.58574225,207023,1731899350.0227251392164600525,32.7932975646172
2018-05-23 00:00:00+00:00,btc,636565,128237740095.4097184430488111725,33370917.2393768,61.65747583,7520.86767913501,17050923.58574225,222546,2079840901.0953818365317031031,32.7143418134559
2018-05-24 00:00:00+00:00,btc,559734,129184935653.373500148300151008,30032592.1199289,58.85499339,7575.62448597312,17052711.08574215,202902,2194969843.9358364176642584896,32.6248155150056
2018-05-25 00:00:00+00:00,btc,624713,126639121906.136631363459882929,37681533.9302757,66.00189868,7425.37567445938,17054911.08574205,198774,1918719376.8071015331374726634,32.5071818817766
2018-05-26 00:00:00+00:00,btc,459370,124964285195.887000683436106594,34684139.1858219,119.57943135,7326.30318644068,17056936.08574205,155834,1045031606.0669584446719735792,32.4067783818968
2018-05-27 00:00:00+00:00,btc,441802,125182133039.2186360604695827345,35112338.4350296,112.98211544,7338.19304441847,17058986.08574135,143384,1107981847.8120399500841935184,32.3536263838105
2018-05-28 00:00:00+00:00,btc,598556,121317311761.568346010544468648,33399541.4381989,58.13694828,7110.82388164816,17060936.08571405,192951,2086750600.7980860756991178512,32.3207843635695
2018-05-29 00:00:00+00:00,btc,600021,127178919277.3934615840510308095,29759847.8199336,62.51969565,7453.63372501461,17062673.58571395,204915,2034221663.2895883712851518703,32.2671843711039
2018-05-30 00:00:00+00:00,btc,596173,125847610692.340564419408963765,37253334.681068,68.44377559,7374.6690490941,17064848.58568665,204891,1838700591.87115438535030217,32.1917369272366
2018-05-31 00:00:00+00:00,btc,620191,127639489898.682097612430427267,36396936.1826526,76.11887093,7478.74186703682,17066973.58565935,206264,1676844235.0506438169634309706,32.105082392729
2018-06-01 00:00:00+00:00,btc,683588,128356441555.948761497662835109,35540537.6842373,74.73651586,7519.83573728814,17069048.58565935,201858,1717452841.804890273335009478,31.9900980099067
2018-06-02 00:00:00+00:00,btc,524370,130378486453.764134974902936353,32543142.9397835,94.73228337,7637.44825306838,17070948.58565935,175813,1376283583.7307910539420152868,31.894207310046
2018-06-03 00:00:00+00:00,btc,542740,131498835221.0268141340022941545,34898238.8104258,106.81864625,7702.15793308007,17072986.08565935,167198,1231047573.0644387988838524224,31.7866069512065
2018-06-04 00:00:00+00:00,btc,694350,127836651623.761825225706215704,39180231.3025025,84.7807391,7486.65319959088,17075273.58563205,205524,1507850167.2139110558882408992,31.7336734261044
2018-06-05 00:00:00+00:00,btc,655014,129979115426.4930168887463851225,38570079.4652277,71.19478616,7611.14985271771,17077461.08560475,214242,1825683065.2859773494473989399,31.6359979581062
2018-06-06 00:00:00+00:00,btc,653426,130669884421.2853274720389687044,36103754.4868986,75.26794022,7650.77580713033,17079298.58557668,207161,1736062977.6677932380574543773,31.5603786902448
2018-06-07 00:00:00+00:00,btc,635530,130942715943.34392085951491816,35121339.3988197,76.85126133,7665.9478962595,17081086.08554928,207335,1703846022.57553505107268514,31.4800415409407
2018-06-08 00:00:00+00:00,btc,640966,130216094923.583161981770028175,35612546.9428592,67.76051999,7622.60233021625,17082892.33552198,197681,1921710384.384061539304925525,31.4155253461673
2018-06-09 00:00:00+00:00,btc,503993,129094774239.7811966713409640504,35121339.3988197,89.76381657,7556.17169783752,17084679.83552127,176022,1438160487.9880203784787035616,31.3302377406143
2018-06-10 00:00:00+00:00,btc,527886,115242359003.2373240670198682339,31191679.0465042,70.33397232,6744.73580099357,17086267.33552127,178072,1638502066.7282176456662088097,31.2786946116125
2018-06-11 00:00:00+00:00,btc,586393,117043566259.5198063699280146464,34384528.0827606,62.79596826,6849.45268731736,17088017.33549324,213701,1863870715.1028407924570569088,31.2367232481618
2018-06-12 00:00:00+00:00,btc,662032,111540186918.5897833596757968386,35612546.9428592,60.86406886,6526.69968001169,17089829.83546594,216723,1832611407.8157362025828069396,31.1583829543659
2018-06-13 00:00:00+00:00,btc,660241,107788509788.8752252563010759576,35121339.3988197,55.35939554,6306.51316803039,17091617.33543784,212718,1947068040.1951074880935901809,31.0676017680116
2018-06-14 00:00:00+00:00,btc,586144,113326173419.8592241304904925964,37577377.119017,58.89890461,6629.77012419638,17093529.83540978,212115,1924079474.181123470729562086,30.9775687261324
2018-06-15 00:00:00+00:00,btc,613937,109405258626.7355632866323049792,37577377.119017,75.04613213,6399.67404646406,17095442.33540832,201252,1457840071.4815590641483973094,30.8795354145929
2018-06-16 00:00:00+00:00,btc,434955,111053766097.5783439116159116544,40770226.1552733,131.83076023,6495.31530917592,17097517.33540832,155858,842396462.7573083335813811136,30.7502066419293
2018-06-17 00:00:00+00:00,btc,439145,110303511512.6704324065835551996,38559792.2070958,120.02765783,6450.69397282291,17099479.83540756,145540,918984120.056636563477088318,30.6763569289072
2018-06-18 00:00:00+00:00,btc,569167,114645451013.7852783112172011412,40279018.6112339,76.37397993,6703.81258971362,17101529.83538026,194397,1501106150.4375068335929399022,30.6118432769817
2018-06-19 00:00:00+00:00,btc,628857,115149244502.8952177318316451584,38748592.0678864,77.15826161,6732.50880917592,17103467.33537952,192770,1492377382.5436577366444667024,30.5102206440782
2018-06-20 00:00:00+00:00,btc,590701,115516336692.9138773129774252805,39122596.1405431,85.72350552,6753.20682583285,17105404.83537873,199288,1347545646.8411821975245497185,30.4006131948348
2018-06-21 00:00:00+00:00,btc,556428,114968985603.3863787024089467185,42908653.8315634,82.58212563,6720.37323436587,17107529.83412755,200306,1392177601.7521008973387232784,30.2889958016633
2018-06-22 00:00:00+00:00,btc,616964,103675812241.779963908777256675,38112980.756271,60.1567451,6059.5758591467,17109417.33410025,202454,1723427889.379829829340593339,30.2087940972617
2018-06-23 00:00:00+00:00,btc,473376,105649754025.7397389189875811975,40384615.3708832,121.5280629,6174.22577936879,17111417.33410025,159934,869344507.8279410241891941986,30.1194659316133
2018-06-24 00:00:00+00:00,btc,465159,105188245647.2729078638767558278,43161057.6776314,95.49255597,6146.48719491526,17113554.83409953,160718,1101533460.6537568913863350694,30.0601449864971
2018-06-25 00:00:00+00:00,btc,618481,106861339065.9900398047132230107,39627403.8326791,72.98799104,6243.53544097019,17115517.33409953,202227,1464094812.7292039277259351014,29.9969935173984
2018-06-26 00:00:00+00:00,btc,601757,104349523004.1154074008907962627,36850961.5259309,86.81561553,6096.12876621859,17117342.33409953,189209,1201967207.9782853698286047523,29.8879177528747
2018-06-27 00:00:00+00:00,btc,591319,105095896985.9828538791735469814,30540865.3742304,68.43040294,6139.18968322618,17118854.83407223,189544,1535807075.1280264312603551582,29.8055646415582
2018-06-28 00:00:00+00:00,btc,566389,100304632985.2603133262344406084,39627403.8326791,77.30940391,5858.63577819988,17120817.33404493,195746,1297444138.8226761192528619828,29.7125263131728
2018-06-29 00:00:00+00:00,btc,584573,106518869341.188054430199441007,38112980.756271,81.71374546,6220.9137150789,17122704.83401763,194630,1303561215.291372680993419254,29.5899663931017
2018-06-30 00:00:00+00:00,btc,560237,109177747554.533744754761482404,35588942.2955908,102.69103463,6375.5412314436,17124467.33401689,177709,1063167275.951828567285767416,29.5012470461764
2018-07-01 00:00:00+00:00,btc,476547,108947319052.5059346959439624992,37103365.3719989,77.44021867,6361.40253886616,17126304.83401612,153443,1406857068.877595856516866664,29.4455818967913
2018-07-02 00:00:00+00:00,btc,662310,113188557636.73059499538635416,36328697.2314513,73.01715353,6608.367157218,17128067.33401612,206702,1550163929.49361760924960988,29.4085769929943
2018-07-03 00:00:00+00:00,btc,655359,111312877114.312871669417162743,30929068.6931176,59.24213494,6498.3078591467,17129517.33390629,217338,1878947766.341804557659761206,29.3379518904827
2018-07-04 00:00:00+00:00,btc,594400,112711825499.7932633742773930232,35728406.9386013,88.05954549,6579.33337638808,17131192.33390629,201935,1279950116.4349050356326629816,29.2758964300979
2018-07-05 00:00:00+00:00,btc,555588,111968645594.2585016896173632274,36528296.646182,80.72358248,6535.29840268849,17132904.83387826,202507,1387062394.2944176039910837384,29.1924724671956
2018-07-06 00:00:00+00:00,btc,640591,113063968657.0996461289165459284,42660784.4043001,80.03087194,6598.45909585038,17134904.83379718,200485,1412754427.3995503518699554858,29.1205258509948
2018-07-07 00:00:00+00:00,btc,460458,115465661540.1874294674291461448,41594264.7941926,133.7786772,6737.85608036236,17136854.83379718,164668,863109607.2907603880998065324,29.0375888701348
2018-07-08 00:00:00+00:00,btc,501981,114914482588.6505021896860414044,42127524.5992464,88.423996,6704.91998012858,17138829.83379718,157910,1299584816.1888877488995147608,28.9824263697034
2018-07-09 00:00:00+00:00,btc,627774,114224903787.8082221355803924613,36261666.7436551,79.23672317,6664.02409351257,17140529.83376909,206977,1441565213.8803586902841859925,28.9356677579265
2018-07-10 00:00:00+00:00,btc,669373,108152793264.3247202795766899568,39727855.4765045,69.88166684,6309.08400409118,17142392.33368776,215433,1547656175.9261110723885807488,28.8625463564737
2018-07-11 00:00:00+00:00,btc,636817,109344538488.5986576706448769464,35995036.8411282,72.0539534,6377.97651139684,17144079.83366046,201326,1517536975.2240149814410971776,28.7772186625786
2018-07-12 00:00:00+00:00,btc,923421,105609244489.6111295266332784584,37594816.2562895,75.92079329,6159.46667621274,17145842.33363316,207840,1391045060.49579195134850126,28.7118380067054
2018-07-13 00:00:00+00:00,btc,941540,106469386228.2422125325434617594,38128076.0613432,76.36478348,6208.98557188779,17147629.83349486,206358,1394221018.7818997721515457864,28.6443797994557
2018-07-14 00:00:00+00:00,btc,793757,107270752475.5595598099308893584,35461777.0360745,134.75844443,6255.11247866744,17149292.33349486,175324,796022489.9506290574652158744,28.5661620901564
2018-07-15 00:00:00+00:00,btc,502106,108867474201.1253884619886632928,35461777.0360745,124.7393749,6347.60427381648,17150954.83349486,158295,872759497.8624241030373113776,28.5114784904626
2018-07-16 00:00:00+00:00,btc,602482,115106821467.1903463879109300332,31995588.3032251,73.93288393,6710.80743746347,17152454.83346756,213849,1556909663.7987590665571472341,28.4653197105605
2018-07-17 00:00:00+00:00,btc,681518,125580721821.3215532484989475918,41051426.467194,68.68715411,7320.59482787843,17154442.33344026,232829,1828299970.2449244250734923495,28.3796760137336
2018-07-18 00:00:00+00:00,btc,762246,126547867223.5178957622732322144,44793365.5190134,68.87169885,7376.03833927528,17156617.33341148,233249,1837443671.965355104826440564,28.3071345697219
2018-07-19 00:00:00+00:00,btc,626926,128125010853.071139766217282124,44021066.1135132,72.44597947,7467.0342980713,17158754.83338348,225038,1768559301.511776677670702973,28.2357444587277
2018-07-20 00:00:00+00:00,btc,653321,125740705992.6491049281560978728,39644702.8156786,82.15053579,7327.25668293396,17160679.83335618,226470,1530613340.32509163684906125,28.1575973512331
2018-07-21 00:00:00+00:00,btc,511119,127183034589.3417363075773466174,35268339.5178439,111.12242068,7410.56562039743,17162392.33335618,186978,1144530813.9898486604475791019,28.0854019666222
2018-07-22 00:00:00+00:00,btc,459458,127009676954.6571649197515644116,46852830.6003474,140.62736039,7399.48374693162,17164667.33335618,167495,903164765.3980018993260083538,28.0269553014401
2018-07-23 00:00:00+00:00,btc,716690,132461306959.8550464627425969256,42733900.4376795,77.42290275,7716.15862741087,17166742.33332888,229101,1710880143.5154363235347977021,27.9913433401736
2018-07-24 00:00:00+00:00,btc,717759,144176409303.4392210200969063196,40931868.4915123,67.73000857,8397.61652162478,17168729.83330082,259522,2128693209.2960439380532587064,27.9255072890931
2018-07-25 00:00:00+00:00,btc,771199,140848438885.079063802779493296,45565664.9245137,73.68603379,8202.72039538282,17170942.3332728,248976,1911467229.9326351887595823336,27.5573007224576
2018-07-26 00:00:00+00:00,btc,641543,135905971504.213082326361299992,42476467.3025127,81.1591079,7913.93077819989,17173004.8332728,230206,1674562165.8527544965360089578,27.4115313555906
2018-07-27 00:00:00+00:00,btc,721812,140385333661.085508547304967768,42991333.5728462,78.4760784,8173.7746113384,17175092.33327127,232444,1788893335.763187216854487624,27.3364346068881
2018-07-28 00:00:00+00:00,btc,545883,140685035244.0186170331251209746,37327804.5991779,125.25290844,8190.36005669199,17176904.83327054,181696,1123207732.2345270215495930559,27.1514666987833
2018-07-29 00:00:00+00:00,btc,494042,141376644218.0338680833409175517,47480188.0482407,95.09701815,8229.60583869083,17179029.83316199,172401,1486656963.2881947006352090182,26.9501562305481
2018-07-30 00:00:00+00:00,btc,638966,140397962724.8377984766553062703,39630250.2088987,76.71115947,8171.83951928697,17180704.83316199,231060,1830215625.6465380608805390976,26.5241083188271
2018-07-31 00:00:00+00:00,btc,696566,132737425419.3308179040604456069,43474975.9754336,75.04688012,7725.13303594389,17182542.33315121,243458,1768726763.8797013310446398789,26.4203207740505
2018-08-01 00:00:00+00:00,btc,698015,130544828991.511506446538879242,44362220.3830956,81.27259845,7596.6980119813,17184417.33311234,238104,1606258831.200263931391163336,26.316519203344
2018-08-02 00:00:00+00:00,btc,622521,129631238285.9973917626283777502,45249464.7907575,72.51856506,7542.69466189363,17186329.83261354,222669,1787559339.8138410726372788029,26.2200709905427
2018-08-03 00:00:00+00:00,btc,694601,127389185324.8010730707018700264,49094190.5572924,72.42340857,7411.34425014611,17188404.83253624,232465,1758950425.619523549072546017,26.1722779164885
2018-08-04 00:00:00+00:00,btc,547308,120372201905.845549624783225904,52051671.9161655,126.81310984,7002.2086528346,17190604.83253624,192558,949209447.364484828613294424,26.1127896656675
2018-08-05 00:00:00+00:00,btc,495532,120891309546.9494698514842713096,47319701.7419686,119.92589293,7031.58775102279,17192604.83229624,171233,1008050109.8753138880002592222,26.058130515333
2018-08-06 00:00:00+00:00,btc,651894,119155942795.5256222435215799665,38743005.8012368,76.07252696,6929.99089421391,17194242.33226815,219051,1566346584.8122272271490609889,26.0246906917098
2018-08-07 00:00:00+00:00,btc,710766,115602331537.641915366379831264,44657968.5189829,75.2660141,6722.57843278784,17196129.83224085,236513,1535916747.11952830174685696,25.9678669046315
2018-08-08 00:00:00+00:00,btc,634443,107787129090.238068780336367815,46432457.3343067,64.94526421,6267.3886735827,17198092.33222845,229381,1659661106.906740297916269083,25.8901393234159
2018-08-09 00:00:00+00:00,btc,636143,112798970602.0566558084936916243,44066472.2472083,58.79461715,6558.09690794857,17199954.83222299,224091,1918525471.7229973482500256072,25.8252444565653
2018-08-10 00:00:00+00:00,btc,656819,105548153481.9173567437008978624,52051671.9161655,65.42406791,6135.75185856224,17202154.83203226,224863,1613292429.6700128658342939104,25.7308102810699
2018-08-11 00:00:00+00:00,btc,523641,108623509949.6108386781975802696,52485702.5441051,89.49165739,6313.74931180596,17204279.83203226,192213,1213783643.3130531296534163456,25.5995814631211
2018-08-12 00:00:00+00:00,btc,486939,108651957013.7186732530602965424,49230273.0794214,125.3950192,6314.69165575687,17206217.33203152,168546,866477454.2380870149065248198,25.5130176670162
2018-08-13 00:00:00+00:00,btc,602328,107823291676.7701369285629744552,47642199.7542788,70.53225774,6265.84804383402,17208092.33203076,217348,1528708921.6248191989130348232,25.4386437244199
2018-08-14 00:00:00+00:00,btc,672592,106439624172.6658847018038262544,43195594.4438794,55.53067741,6184.82908562244,17209792.33203076,252662,1916771578.1501542747235756892,25.3534067328097
2018-08-15 00:00:00+00:00,btc,677460,107921713369.3686591972601137816,51135961.0695926,58.2658891,6270.21479865576,17211804.83202991,246292,1852228036.461423145347956772,25.2773595379922
2018-08-16 00:00:00+00:00,btc,621029,108287593315.591926411515302963,50183117.074507,69.63802815,6290.7504552893,17213779.83202991,231430,1555006599.111441130103204756,25.1742129344028
2018-08-17 00:00:00+00:00,btc,650774,112987854531.1153051431908052225,48277429.0843358,68.32872166,6563.07828872005,17215679.83202445,235627,1653592395.389665063898333864,25.0754322054079
2018-08-18 00:00:00+00:00,btc,498238,110180882411.0053615757688868485,50818346.404564,123.43419291,6399.28744681473,17217679.83181445,189867,892628531.9765588919189900933,24.9689073486122
2018-08-19 00:00:00+00:00,btc,502449,111766836577.2711740028669668985,46054126.4291361,147.57160389,6490.71612711865,17219492.33156289,160808,757373597.861464322507737927,24.8686752266577
2018-08-20 00:00:00+00:00,btc,639365,108028823193.5425686800759871884,47642199.7542788,79.02806428,6272.95272881356,17221367.33110289,219696,1366967850.8984185106329346896,24.8042958936409
2018-08-21 00:00:00+00:00,btc,589991,111487195428.2081989725141568481,47006970.4242217,63.04041243,6473.07603945061,17223217.33110221,219552,1768503585.8077164975155218237,24.7233001102203
2018-08-22 00:00:00+00:00,btc,622189,109638677665.2356189168210089398,50818346.404564,64.81179246,6365.00983167738,17225217.33110071,224396,1691647052.2585875538161500142,24.669389412668
2018-08-23 00:00:00+00:00,btc,574017,112258698492.8971179197574266964,47324585.0892502,80.84423193,6516.40902542373,17227079.83107268,217634,1388580184.5370383405336407328,24.58089958921
2018-08-24 00:00:00+00:00,btc,633016,115394585122.4271354184311708882,47295605.0753526,82.23607116,6697.73187872589,17228904.83104538,221813,1403211309.7135409630863223847,24.531321121868
2018-08-25 00:00:00+00:00,btc,540988,116227908455.6043941631923897454,45145645.9144945,100.76751153,6745.43893921683,17230592.33104538,194213,1153426403.8908819610162452525,24.4898476864746
2018-08-26 00:00:00+00:00,btc,495145,115284878069.6907819734616982196,57853309.2089448,137.2415144,6689.86933313852,17232754.83104323,170466,840014616.3879398891181439412,24.4390226329942
2018-08-27 00:00:00+00:00,btc,675295,117873365030.6772133634737317472,61866255.5124554,65.30349668,6839.15895236704,17235067.33088593,227920,1805008476.2501018270421599104,24.4124115908243
2018-08-28 00:00:00+00:00,btc,676219,122261446474.4625265853491764412,51165065.3697604,61.04642337,7092.97380829924,17236979.83085863,236793,2002761828.0523083656308010292,24.3634054092645
2018-08-29 00:00:00+00:00,btc,643056,121247278332.5186058434414953572,46483294.6823314,72.70759398,7033.42806808884,17238717.33083133,235130,1667601301.3686433975670496504,24.3047079657492
2018-08-30 00:00:00+00:00,btc,626114,120114930037.1011759905285590151,51499477.5617197,79.50015153,6966.96374371713,17240642.33080327,233686,1510876743.4096261498108329198,24.26139183209
2018-08-31 00:00:00+00:00,btc,658225,121131550725.8113427424999944227,51833889.7536789,70.07994759,7025.14078024547,17242579.83077441,238587,1728476617.0274116448614861538,24.25712167913
2018-09-01 00:00:00+00:00,btc,556577,124028288534.0294990442103424634,50496240.985842,109.56750437,7192.35254734074,17244467.33077441,211324,1131980592.6983178383846515974,24.2108370638462
2018-09-02 00:00:00+00:00,btc,491997,125667820675.1216947275878028104,48155355.6421275,121.58810782,7286.66779105786,17246267.33077364,184405,1033553551.6791117390011886054,24.1738259288706
2018-09-03 00:00:00+00:00,btc,616107,125177334900.4002072023870178,48155355.6421275,84.50456998,7257.47021391,17248067.33074558,224964,1481308465.6884759711178335,24.14741019847
2018-09-04 00:00:00+00:00,btc,646393,126936865991.2383151039382517676,42135936.1868616,68.2033715,7358.81147895967,17249642.33071828,239053,1861152362.339785348582207958,24.0789402027822
2018-09-05 00:00:00+00:00,btc,644928,117151754999.241281721078587232,44142409.3386169,68.74289809,6790.89732846289,17251292.3304288,239620,1704201572.1549554468714377307,23.7732246034671
2018-09-06 00:00:00+00:00,btc,659910,111939859791.3200869350833921042,50161828.7938828,54.87360848,6488.07593687902,17253167.33040071,251946,2039958057.886376827678489362,23.7001681534204
2018-09-07 00:00:00+00:00,btc,694327,110581749752.2955919870197443641,52746513.6394839,71.50222366,6408.65362244301,17255067.33037341,230315,1546549800.7723004276842274532,23.6250057012023
2018-09-08 00:00:00+00:00,btc,541935,106782343851.2759001999752616321,52338942.9548858,122.82763094,6187.79050233781,17256942.33037341,204695,869367446.379712085543112367,23.5458437877185
2018-09-09 00:00:00+00:00,btc,506971,107855616025.2768723795247629703,56874984.6776426,113.5680107,6249.24631034483,17258979.83037341,189529,949700671.4824258301955293894,23.4774093989085
2018-09-10 00:00:00+00:00,btc,620579,108662608384.240867055064056476,47105048.6593973,78.47488268,6295.3886025716,17260667.33034611,222834,1384680099.798022563791922744,23.4302507858634
2018-09-11 00:00:00+00:00,btc,642145,108380864787.6678412733948642229,49198606.3775927,73.26051107,6278.42463968439,17262429.83034611,235440,1479389963.2978866337425388293,23.339419507168
2018-09-12 00:00:00+00:00,btc,602958,109241940295.646482914165167515,58619616.1094721,86.96896857,6327.53636323787,17264529.8303345,234777,1256102516.7214688499131975783,23.2573203791503
2018-09-13 00:00:00+00:00,btc,618775,112074557501.762319582339606583,51641090.382154,56.08004799,6490.91231648159,17266379.8303337,238597,1998474707.3740771427637799807,23.166024726358
2018-09-14 00:00:00+00:00,btc,615099,112150595269.431693621709342888,46058269.8002995,80.21729313,6494.69547895967,17268029.8303064,222661,1398085012.5110002945595764169,23.0449192117975
2018-09-15 00:00:00+00:00,btc,547938,112670904653.235386587895636016,48849680.0912268,130.82646309,6524.16566744594,17269779.8303064,207837,861224113.1890516768014094256,22.8979746408013
2018-09-16 00:00:00+00:00,btc,479019,112220037901.2762522805040266288,48500753.8048609,139.91002686,6497.40470134424,17271517.33030562,183118,802087172.8746577096279514784,22.8072785123358
2018-09-17 00:00:00+00:00,btc,616149,108105991224.445673814761169218,47105048.6593973,88.98203802,6258.59487492694,17273204.8302947,234503,1214919253.6619791010218185598,22.7576588613135
2018-09-18 00:00:00+00:00,btc,640750,109529380192.133558588890223932,49547532.6639586,86.09347531,6340.34779018118,17274979.8302474,243846,1272214645.7751380473112397814,22.6757522536877
2018-09-19 00:00:00+00:00,btc,638350,110295088597.761125407848976762,54432500.6730812,81.51708018,6383.95187580362,17276929.8302201,254819,1353030412.1496418207860803266,22.6143743788144
2018-09-20 00:00:00+00:00,btc,628755,112288488870.225392308510801576,53860675.976615,81.95639456,6498.60711104617,17278854.8301928,256241,1370100398.8512661269661028395,22.5539295524637
2018-09-21 00:00:00+00:00,btc,713347,116491363596.5264691529282295058,51200543.8778614,65.25092005,6741.14289888954,17280654.83016477,271751,1785283081.2896135929027643286,22.4996182049649
2018-09-22 00:00:00+00:00,btc,550844,115888008971.52519222496460916,55111696.535198,113.99214415,6705.47605113969,17282592.330164,219158,1016631539.240498534822281197,22.4354713285564
2018-09-23 00:00:00+00:00,btc,524121,115860149884.85667441844782644,53333899.8727723,137.44353049,6703.13684950321,17284467.330164,207166,842965467.1614430897527896719,22.3893373513996
2018-09-24 00:00:00+00:00,btc,601707,113684243861.49073075922442215,52622781.207802,112.65849624,6576.5450032145,17286317.3301367,232771,1009104929.097918272180115875,22.3537828432107
2018-09-25 00:00:00+00:00,btc,653042,110930242226.684970595153150932,60089527.1899902,64.73937585,6416.44402162478,17288429.8301094,252662,1713489522.7047728499953397242,22.2917864244165
2018-09-26 00:00:00+00:00,btc,624467,111750680973.862450718028800457,49422747.2154357,84.68716643,6463.25040356517,17290167.3300821,244200,1319570434.2191450815431335688,22.2257875393605
2018-09-27 00:00:00+00:00,btc,642476,115473953608.5266546830333671364,50844984.5453763,75.04449478,6677.90048860316,17291954.83005479,251227,1538739836.27881497815279197,22.1519474216763
2018-09-28 00:00:00+00:00,btc,654875,114539547907.1922882511750206196,54756137.2027129,75.36922412,6623.12615984804,17293879.82997749,248966,1519712445.5859959486033898056,22.0813477620842
2018-09-29 00:00:00+00:00,btc,564628,113884047547.0575143706439523548,54045018.5377426,118.4605493,6584.49914757452,17295779.82996749,222847,961366870.3702966722486855484,22.011093725202
2018-09-30 00:00:00+00:00,btc,514766,114243175578.83426822790847154,57956171.1950792,133.31957654,6604.485028346,17297817.32996749,202606,856912229.56543862045603768,21.9485572567866
2018-10-01 00:00:00+00:00,btc,688212,113518016605.8588240983796193496,56178374.5326535,84.61946949,6561.81383226184,17299792.32994019,246557,1341511797.4197259647787409504,21.9074177411854
2018-10-02 00:00:00+00:00,btc,660448,112610666756.3032814834311333782,48711628.5504654,76.80742232,6508.72093863238,17301504.82991289,240379,1466143028.322624443937209168,21.8535554972472
2018-10-03 00:00:00+00:00,btc,695230,111856548131.1767397414414104212,51556103.2103466,82.29995208,6464.45684365868,17303317.32988559,243276,1359132603.4217339484426841044,21.8131841769999
2018-10-04 00:00:00+00:00,btc,653916,113267427334.0738024483376253464,54987108.4738221,85.26343295,6545.28566773816,17305192.32985829,248357,1328440849.8447785520113970328,21.781712531007
2018-10-05 00:00:00+00:00,btc,686857,113967980867.0093687922299723739,48176505.2061282,84.95305123,6585.14957977791,17306817.32985829,241297,1341540759.4504236458352941301,21.731161879315
2018-10-06 00:00:00+00:00,btc,569596,113378166758.7981580485404162906,46323562.6982002,124.94448432,6550.47831589714,17308379.82985829,211031,907428346.08892164776683229,21.6845546814737
2018-10-07 00:00:00+00:00,btc,618542,113633692973.1851525022723480138,52623567.2251554,163.52837906,6564.56826008182,17310154.82985759,227911,694886683.4267391613189030264,21.6547946185379
2018-10-08 00:00:00+00:00,btc,643328,114339270103.7022455698084786089,50029447.7140562,88.49121254,6604.68527410871,17311842.32985759,248404,1292097450.3488867367793981548,21.6142896994985
2018-10-09 00:00:00+00:00,btc,604271,114103170639.1861553572254894291,48176505.2061282,82.55442431,6590.42862215079,17313467.32983029,227800,1382156941.8098971066326514311,21.5170735524277
2018-10-10 00:00:00+00:00,btc,651334,113053154102.9831441102753555966,53364744.2283266,78.73626658,6529.10243600234,17315267.32979299,248451,1435846008.6427150422321274598,21.4614672973374
2018-10-11 00:00:00+00:00,btc,689144,106661330255.6724424227886334954,58923571.7521107,58.34455132,6159.25164260666,17317254.82976569,262974,1828128382.7688578321938546376,21.4152039265991
2018-10-12 00:00:00+00:00,btc,699176,107233068566.1204462984601243875,48917682.2092994,65.84531234,6191.67722326125,17318904.82973839,241875,1628560405.5655714011335415375,21.3530815760302
2018-10-13 00:00:00+00:00,btc,553344,107348052161.2134611013096726121,52252978.7235698,119.4817905,6197.68569637639,17320667.32973839,203529,898446965.9661418228355627171,21.2840774968611
2018-10-14 00:00:00+00:00,btc,522288,107100406864.6118487629454547607,42247089.1807586,112.08583519,6182.87934424313,17322092.32973839,189268,955521334.912801662740875126,21.2308036941168
2018-10-15 00:00:00+00:00,btc,711826,111614357755.5524266414855073097,60035337.2568675,46.597519,6442.71541408533,17324117.32971109,275017,2395285417.4064513303934054671,21.2184625117069
2018-10-16 00:00:00+00:00,btc,674140,111958262043.0822577160089602061,50029447.7140562,67.25449336,6461.93715926359,17325804.82968379,253557,1664695642.6129918882609358537,21.1511611463972
2018-10-17 00:00:00+00:00,btc,662174,111636608391.7318476575749689566,51141213.218813,69.93916223,6442.73070017534,17327529.82965649,255908,1596195962.8933452541934232124,21.0391187687445
2018-10-18 00:00:00+00:00,btc,673350,110846228676.4281728126335701661,50884200.6681646,60.26910784,6396.47981209819,17329254.82962919,261959,1839188145.5697203395625348099,20.9764415420697
2018-10-19 00:00:00+00:00,btc,684662,110625312452.3444233740239032044,50702736.5834671,71.0206079,6383.07784015196,17331029.82960189,251721,1557650880.82974708521512442,20.9164433149687
2018-10-20 00:00:00+00:00,btc,583046,111073074254.3551328716078281513,51059798.1087028,86.61111221,6408.25274634717,17332817.32960189,225898,1282434452.3261795676349411911,20.8473565454756
2018-10-21 00:00:00+00:00,btc,540049,111206991506.7155668070707150903,49274490.4825244,158.48442471,6415.34050292227,17334542.32960189,204835,701690350.3792248451635767187,20.7878992289072
2018-10-22 00:00:00+00:00,btc,687801,111092745870.6973870258348882798,55344536.411531,70.51663896,6408.03363559322,17336479.82957459,258515,1575411810.8063934976135622044,20.741619612945
2018-10-23 00:00:00+00:00,btc,688951,110896223452.8310447901983456701,54987474.8862954,70.67711887,6395.98766686149,17338404.82954649,259288,1569054104.5000855906482764124,20.6455219623994
2018-10-24 00:00:00+00:00,btc,630269,111214183524.8685412173357177207,40347952.3516322,74.47171994,6413.80364114553,17339817.32951919,249113,1493374714.8695840139709102614,20.5733853732708
2018-10-25 00:00:00+00:00,btc,664579,111026107522.989961111879970263,48917428.9572887,71.66339939,6402.3248591467,17341529.82949189,258172,1549272131.396131992062026671,20.5207357361714
2018-10-26 00:00:00+00:00,btc,681997,111068486835.0259566948731578281,51059798.1087028,72.90786401,6404.10855230859,17343317.32946459,252435,1523408871.5703079970262446196,20.4588442711947
2018-10-27 00:00:00+00:00,btc,578121,111171246478.5454798125763673039,48560367.432053,114.35807924,6409.40532758621,17345017.32946459,234281,972132858.6514177208807829293,20.3881308236112
2018-10-28 00:00:00+00:00,btc,547630,111134376406.1880209300000586642,49988613.5329958,130.41035848,6406.63325306838,17346767.32946459,215502,852189793.066196725066651863,20.3348221621635
2018-10-29 00:00:00+00:00,btc,708860,108654957796.835132617863540549,52130982.6844099,73.61375511,6263.0417346581,17348592.32943729,268291,1476014335.070881872343670068,20.2805812804393
2018-10-30 00:00:00+00:00,btc,697640,108825354861.7764917631244975119,54987474.8862954,78.3781448,6272.16772822911,17350517.32943729,287764,1388465561.8935578653146655101,20.2200243729596
2018-10-31 00:00:00+00:00,btc,694833,109430710322.4832898658572278329,58201028.6134165,70.08142379,6306.31693132671,17352554.82940999,283381,1561479553.3846872906740779062,20.1502980588182
2018-11-01 00:00:00+00:00,btc,702856,110079075092.2942305815236686555,54989095.6997791,71.0315951,6342.97750058445,17354479.82940999,287126,1549719880.801078101954055668,20.0740541830143
2018-11-02 00:00:00+00:00,btc,764821,110180510973.5060543736404667982,51070835.0767113,62.63840641,6348.16858270018,17356267.32940999,290925,1758992881.4302664435398958686,19.9996037752613
2018-11-03 00:00:00+00:00,btc,635423,109920163681.277420062611401415,57499331.799654,122.28240735,6332.43413296318,17358279.82940925,247512,898904152.0160944460941998902,19.926159482679
2018-11-04 00:00:00+00:00,btc,619152,111457353102.7934551216732651275,43928060.9401084,111.42054514,6420.42200029223,17359817.32940925,227689,1000330351.7031443644136978832,19.8854994390647
2018-11-05 00:00:00+00:00,btc,709024,111165512798.9742996111272632125,51427973.7835415,72.83086582,6402.94683898305,17361617.32940925,295977,1526351658.0010753422028942515,19.8551798285515
2018-11-06 00:00:00+00:00,btc,698165,111839004285.4855784706130448075,45713754.4742591,68.04063444,6441.14521887785,17363217.32938195,287608,1643709016.1033189834187568775,19.806325854325
2018-11-07 00:00:00+00:00,btc,708634,112886579168.9543690651002938725,46428031.8879194,67.99393127,6500.86980508475,17364842.32935391,296293,1660244922.630605648693562415,19.7303450403991
2018-11-08 00:00:00+00:00,btc,702459,111261944815.8211768225015739367,43213783.5264481,70.51953272,6406.75293746347,17366354.82932661,276879,1577746484.2086231525211127163,19.6489520431953
2018-11-09 00:00:00+00:00,btc,696353,109963021291.8608171874631152637,45356615.767429,68.4578129,6331.37876709527,17367942.32929931,283042,1606288846.2269691424883570727,19.5665441758079
2018-11-10 00:00:00+00:00,btc,583550,110350898799.0300885170431411884,46785170.5947495,122.48501675,6353.11273407364,17369579.82929931,247175,900933858.9032246516260002208,19.4685977087619
2018-11-11 00:00:00+00:00,btc,601176,110055044898.5302514091896617468,52142251.1972018,119.19890297,6335.41420397428,17371404.82929931,252172,923289075.3054718840336386076,19.4028986585012
2018-11-12 00:00:00+00:00,btc,680949,109809736244.7167763251637815372,49999418.9562209,64.51624724,6320.65605376972,17373154.82927201,298929,1702047793.139278630104073326,19.3253552318214
2018-11-13 00:00:00+00:00,btc,637890,108903259088.786305150957476372,42856644.8196179,70.52950486,6267.9379912332,17374654.82924471,273801,1544080867.97394390400503516,19.115607843662
2018-11-14 00:00:00+00:00,btc,734241,96860221302.4627775307559497596,48213725.4220701,49.10002809,5574.25834891876,17376342.32924471,298332,1972712136.2538505111148827688,18.9587106161058
2018-11-15 00:00:00+00:00,btc,709708,96248717597.611526262306040192,45356615.767429,29.98026988,5538.56060783168,17377929.8291894,291290,3210401973.413601850924625728,18.8686825880123
2018-11-16 00:00:00+00:00,btc,704543,95518040630.448519376035367077,44814668.5643965,51.35035835,5496.01623115137,17379504.8291621,281416,1860124129.4665337626683672858,18.7122921234973
2018-11-17 00:00:00+00:00,btc,587644,95616231626.283320459581221578,47956936.4976081,95.44554926,5501.09234044418,17381317.3291621,261511,1001788269.53639477438552052,18.5365172703742
2018-11-18 00:00:00+00:00,btc,543353,96568300411.74496864129381306,40680711.6496951,110.74506509,5555.3763383986,17382854.8291621,238029,871987391.357603457191526614,18.4128009101288
2018-11-19 00:00:00+00:00,btc,680899,83309665038.675674854657495876,41672924.128956,48.96854728,4792.20002367037,17384429.8291348,269543,1701289290.1736575482684668154,18.296846542748
2018-11-20 00:00:00+00:00,btc,769611,75064932894.56098432244058785,43657349.0874777,33.75250495,4317.53067007598,17386079.8291075,289046,2223981094.5380240437680928396,18.1958117558542
2018-11-21 00:00:00+00:00,btc,620393,79100846618.071881462365433942,34727436.77413,49.30938786,4549.32200993571,17387392.3290802,256543,1604174175.4744171548904522176,18.0665558111996
2018-11-22 00:00:00+00:00,btc,653846,74835214989.060780382067719956,40349974.1566082,63.28825788,4303.61554850964,17388917.3290529,264718,1182450228.4392889311595426788,17.954715745693
2018-11-23 00:00:00+00:00,btc,624434,74603295134.032290779175175296,41342186.635869,58.98850054,4289.89285330216,17390479.8290256,273038,1264709128.8855638393753424008,17.8337660175666
2018-11-24 00:00:00+00:00,btc,578522,66200481496.815803935867261632,47295461.5114342,80.17938075,3806.31692489772,17392267.3290256,251955,825654686.7783583496811518748,17.7345426453878
2018-11-25 00:00:00+00:00,btc,577253,68650951140.126031268767377744,42003661.622043,62.17068812,3946.85087434249,17393854.8290256,241502,1104233413.2270672323176780687,17.6437867236878
2018-11-26 00:00:00+00:00,btc,628614,64367371529.515903488106989639,36711861.7326517,50.77435922,3700.28599269433,17395242.3289983,255328,1267714108.3742792352810893298,17.591822097713
2018-11-27 00:00:00+00:00,btc,627815,65700289252.320348231892328499,43326611.5943908,49.21940728,3776.55590531853,17396879.8289983,262477,1334845193.7253706213253587226,17.5227013970672
2018-11-28 00:00:00+00:00,btc,630438,73220546017.2314192400718743385,39027024.1842604,41.11256875,4208.47526914085,17398354.82796581,262267,1780977162.2140293650848196525,17.4382386338188
2018-11-29 00:00:00+00:00,btc,612685,73757876886.6048680881588009143,34727436.77413,45.49269321,4239.03948831093,17399667.32793851,245371,1621312603.9045602497033347065,17.3256331560567
2018-11-30 00:00:00+00:00,btc,597612,69139707027.0718636611180402939,33404486.8017821,37.9418131,3973.33405230859,17400929.82791121,248304,1822256275.4194858244879797037,17.2759841526977
2018-12-01 00:00:00+00:00,btc,579421,72186769334.4261413996657394626,41011449.1427821,83.61809615,4148.07372559906,17402479.82791121,242745,863291233.1202400518103234168,17.2126243761266
2018-12-02 00:00:00+00:00,btc,502649,71334198592.2899812941925864317,37704074.2119126,104.96352451,4098.74676388077,17403904.82791121,221524,679609406.4835961273872134192,17.1538037535319
2018-12-03 00:00:00+00:00,btc,586010,66905681722.154985183460224568,34851039.8061178,44.10948,3843.9766659848,17405329.82788391,241785,1516809577.328803923043250992,17.1271842512387
2018-12-04 00:00:00+00:00,btc,671416,67764822761.3506652543477752966,38734427.5898648,30.25385068,3892.95164699006,17407054.82785661,268150,2239874304.5283435417291218976,17.0922227193265
2018-12-05 00:00:00+00:00,btc,609238,64577860936.2773660358584502862,36488953.5266842,33.0959281,3709.52085827002,17408679.82782931,256736,1951232814.7766322058804161876,17.0352162987731
2018-12-06 00:00:00+00:00,btc,655016,61144670013.3235857463299333171,37892374.8161721,37.90791753,3511.96898158971,17410367.32780201,280512,1612978870.7620193797988769087,16.9367762396756
2018-12-07 00:00:00+00:00,btc,658859,58729900521.6370141382995485424,31998005.4003231,41.11631204,3372.99569257744,17411792.32777471,256146,1428384444.3623012491462059552,16.8243321045465
2018-12-08 00:00:00+00:00,btc,531426,59343948586.4893953416022175713,35646900.7529915,81.65137876,3407.95119462303,17413379.82777471,231269,726796650.4021977012699779922,16.739945857477
2018-12-09 00:00:00+00:00,btc,518114,61656683797.1288361203465801016,35927585.0108891,103.06459984,3540.43957597896,17414979.82777471,237071,598233378.8191693540002798912,16.6285514113606
2018-12-10 00:00:00+00:00,btc,600210,59452937061.8228166277213747071,34804847.9792988,62.08920881,3413.59258416131,17416529.82774741,253368,957540580.7525291565200164056,16.5680909671473
2018-12-11 00:00:00+00:00,btc,635401,58395272773.2606152403703090756,35085532.2371964,56.89549832,3352.56420017534,17418092.32771934,255759,1026360160.1860008972855265456,16.4744810954884
2018-12-12 00:00:00+00:00,btc,616176,59627489561.9677468216121971312,33682110.9477085,60.61883879,3423.01291788428,17419592.32769204,258638,983646185.8487417303836776608,16.3641008895712
2018-12-13 00:00:00+00:00,btc,638713,56799160023.821036485414510683,36769637.7845818,57.53822837,3260.34158240795,17421229.82766474,266702,987155177.2674603803914807925,16.2494104713875
2018-12-14 00:00:00+00:00,btc,701381,55735437225.0002341750559966496,40979901.6530454,56.8062795,3198.94747369959,17423054.82763744,278774,981149227.0942817679270032781,16.1593315904246
2018-12-15 00:00:00+00:00,btc,594065,55499651896.2116662085660977088,41821954.4267381,89.32547161,3185.07404383402,17424917.32763744,263117,621319438.831971174564162426,16.0653359185628
2018-12-16 00:00:00+00:00,btc,539434,55684427860.8502403144475793984,32278689.6582207,93.12282157,3195.41455523086,17426354.82763744,225399,597967575.772770465601758711,15.984293559728
2018-12-17 00:00:00+00:00,btc,682984,60984540763.5704223789798268716,44909481.2636114,53.65608268,3499.15648188194,17428354.82761014,296295,1136582055.9115551187157753848,15.9197504842164
2018-12-18 00:00:00+00:00,btc,656410,63785396911.6819772560429012905,35632316.4387212,42.24229369,3659.52737931035,17429954.82758283,269609,1509988955.085387614388466872,15.8310769473041
2018-12-19 00:00:00+00:00,btc,701481,64458072015.1525044537420838311,37822407.4037366,44.27416673,3697.72530333139,17431817.32755549,302963,1455884475.5400794026912715639,15.8093209408317
2018-12-20 00:00:00+00:00,btc,641537,70914924965.5830590062499523537,34268624.1577479,44.17465871,4067.73770777323,17433504.82752819,282826,1605330455.1086215556422345931,15.7631647017525
2018-12-21 00:00:00+00:00,btc,656212,66935427169.6991082471140653557,35537832.4598867,47.47396619,3839.08510841613,17435254.82750089,280679,1409939647.8618906404738452545,15.7414209366652
2018-12-22 00:00:00+00:00,btc,551516,69138519234.7388705048403875625,44422290.5748584,95.84799273,3964.94611630625,17437442.32750089,251236,721335077.2085173030129060625,15.6908073350607
2018-12-23 00:00:00+00:00,btc,520086,68758702225.0924099726281838587,44676132.2352862,90.30716621,3942.66699590883,17439642.32750089,249032,761386998.4878171982766817648,15.6407431453971
2018-12-24 00:00:00+00:00,btc,583425,70464629644.1828278412858253607,38583932.3850198,56.6147045,4040.04578959673,17441542.32747359,278193,1244634768.8228528517274455566,15.6170211204708
2018-12-25 00:00:00+00:00,btc,481186,65615302891.1536640378371697801,40360824.0080142,86.69351364,3761.58401081239,17443529.82747359,259581,756865192.5108412038124869029,15.5654266154958
2018-12-26 00:00:00+00:00,btc,536230,66426458891.3088687821524658246,39853140.6871587,76.59282053,3807.65745353594,17445492.32747359,281142,867267433.5995030827089775694,15.4965756684856
2018-12-27 00:00:00+00:00,btc,624625,62557922646.8362738408684286681,44168448.9144307,54.93819667,3585.46053594389,17447667.32744629,302098,1138696324.9958879492042043065,15.4399983776026
2018-12-28 00:00:00+00:00,btc,644439,67723456212.588772264402255775,42391557.2914363,53.44395136,3881.05488486265,17449754.8274135,312462,1267186547.6721058498249014205,15.4070946146919
2018-12-29 00:00:00+00:00,btc,572182,66719421375.7621995465549635628,35030149.1390311,77.65454602,3823.13832612507,17451479.82740804,265401,859182427.800229965327879192,15.3564534445717
2018-12-30 00:00:00+00:00,btc,514111,66767437066.610493077670893088,44676132.2352862,120.08939659,3825.4074628872,17453679.82740804,259817,555981118.775957508538365432,15.2956038314527
2018-12-31 00:00:00+00:00,btc,557851,64362351163.8134996614389729974,40567549.5659183,68.11159662,3687.19994009351,17455617.32738074,262001,944954374.311012507267247272,15.2608390930047
