Date,MFI_14
2014-09-17,
2014-09-18,
2014-09-19,
2014-09-20,
2014-09-21,
2014-09-22,
2014-09-23,
2014-09-24,
2014-09-25,
2014-09-26,
2014-09-27,
2014-09-28,
2014-09-29,
2014-09-30,
2014-10-01,47.723240220004556
2014-10-02,49.685391266925386
2014-10-03,50.93848222980577
2014-10-04,41.15066291169735
2014-10-05,37.43647736503545
2014-10-06,42.705205302606124
2014-10-07,41.84711069180668
2014-10-08,43.590114983700516
2014-10-09,53.954810948860924
2014-10-10,52.20574328800881
2014-10-11,52.49208400891314
2014-10-12,56.12391020636716
2014-10-13,62.02459689316752
2014-10-14,62.391929531378786
2014-10-15,57.82600618161109
2014-10-16,57.26364214773011
2014-10-17,58.87999452888876
2014-10-18,64.40189770940934
2014-10-19,74.31078975393505
2014-10-20,67.27568141412415
2014-10-21,64.90517900719378
2014-10-22,57.86337411021242
2014-10-23,41.72207367538262
2014-10-24,45.83268011001274
2014-10-25,45.17553191961152
2014-10-26,43.824206824804875
2014-10-27,38.47879549189345
2014-10-28,28.94215237033694
2014-10-29,30.335806143643364
2014-10-30,43.66981202781867
2014-10-31,44.18595380314906
2014-11-01,37.900471324652834
2014-11-02,34.72353112218162
2014-11-03,41.224981063131125
2014-11-04,40.967179355417244
2014-11-05,48.35710213406344
2014-11-06,59.08297073827799
2014-11-07,58.90378024378715
2014-11-08,61.68778981519487
2014-11-09,64.02167324257006
2014-11-10,66.85372325846282
2014-11-11,68.01623583337673
2014-11-12,78.36637875463465
2014-11-13,81.18258568483317
2014-11-14,76.097692166633
2014-11-15,75.7505042794031
2014-11-16,78.37046833322657
2014-11-17,80.28989283023627
2014-11-18,72.67714999862595
2014-11-19,72.77371025293392
2014-11-20,66.94182774608089
2014-11-21,64.86619769739397
2014-11-22,67.3685151054339
2014-11-23,66.68575909777641
2014-11-24,66.79685090390176
2014-11-25,67.63514206372348
2014-11-26,60.11461720243816
2014-11-27,52.85956370918535
2014-11-28,61.65821188150651
2014-11-29,66.75837023513026
2014-11-30,63.438093994688636
2014-12-01,59.287548086870615
2014-12-02,68.80147175995207
2014-12-03,62.74017322580854
2014-12-04,65.3906701581352
2014-12-05,75.68876343301007
2014-12-06,74.86241368251481
2014-12-07,73.89119032238708
2014-12-08,63.0030378936619
2014-12-09,48.80113538484597
2014-12-10,49.55600854541415
2014-12-11,54.43859819681285
2014-12-12,52.99455204273836
2014-12-13,46.84137069250128
2014-12-14,51.740500459744155
2014-12-15,45.32061361693383
2014-12-16,37.04731956846677
2014-12-17,34.26761048782881
2014-12-18,31.950424557062583
2014-12-19,33.144826502304014
2014-12-20,35.734335773548445
2014-12-21,32.713701158754574
2014-12-22,39.24353824950494
2014-12-23,46.8465067999774
2014-12-24,47.20875967996787
2014-12-25,39.345552037117265
2014-12-26,38.93834670908871
2014-12-27,38.62236330629684
2014-12-28,34.2995300667041
2014-12-29,35.085243972288154
2014-12-30,37.68381742775836
2014-12-31,47.01808385227547
2015-01-01,53.66810057214063
2015-01-02,46.14025696169916
2015-01-03,33.95738591599494
2015-01-04,29.491412935004696
2015-01-05,33.52006122896225
2015-01-06,34.35234297938969
2015-01-07,41.97581857372304
2015-01-08,40.74106110392493
2015-01-09,40.7682537287809
2015-01-10,41.04457970755392
2015-01-11,40.47296829003217
2015-01-12,39.93225161663621
2015-01-13,34.70354423971596
2015-01-14,26.690633618911747
2015-01-15,36.595396604876
2015-01-16,40.99785421807069
2015-01-17,42.5309348048296
2015-01-18,50.640137303474035
2015-01-19,47.200778294118216
2015-01-20,42.043191707341244
2015-01-21,41.72468939459847
2015-01-22,47.75407604679411
2015-01-23,42.9590818476521
2015-01-24,47.44737168747548
2015-01-25,53.058085459139704
2015-01-26,64.54016057568019
2015-01-27,67.15380332211697
2015-01-28,71.18848736914624
2015-01-29,62.903963501734964
2015-01-30,62.31958402524926
2015-01-31,62.08580846668966
2015-02-01,62.166479464432015
2015-02-02,63.14039350013913
2015-02-03,60.972441273206435
2015-02-04,56.0885335685795
2015-02-05,51.10513461141557
2015-02-06,51.202268332961765
2015-02-07,50.7709331249583
2015-02-08,45.66154387500584
2015-02-09,25.8403827669467
2015-02-10,27.897143527950064
2015-02-11,34.908095410251555
2015-02-12,41.06260493542469
2015-02-13,43.787965132666514
2015-02-14,54.25671887828073
2015-02-15,43.389401074840656
2015-02-16,36.13056229695078
2015-02-17,44.38523981027851
2015-02-18,44.3957238559503
2015-02-19,49.484767626708866
2015-02-20,55.59824914116148
2015-02-21,54.6837442445585
2015-02-22,54.19721169310117
2015-02-23,55.56077992603109
2015-02-24,60.21044440008454
2015-02-25,56.569658982751235
2015-02-26,52.77873531215146
2015-02-27,53.33394749559025
2015-02-28,48.01200909143173
2015-03-01,61.97697637208034
2015-03-02,72.88501134149759
2015-03-03,75.32581453139795
2015-03-04,70.727491965741
2015-03-05,60.985385529488504
2015-03-06,53.711195633304975
2015-03-07,54.57576629557075
2015-03-08,59.83766101508711
2015-03-09,67.84835059962934
2015-03-10,71.928424822267
2015-03-11,75.39926466094713
2015-03-12,72.05465222026709
2015-03-13,65.30120959345898
2015-03-14,61.57212133090696
2015-03-15,60.74702082136736
2015-03-16,59.405723187551786
2015-03-17,52.15348140886764
2015-03-18,50.719929083592696
2015-03-19,49.866160220372485
2015-03-20,54.68419623089352
2015-03-21,51.154492540118234
2015-03-22,50.717839158742386
2015-03-23,46.28912271288938
2015-03-24,32.305918869885666
2015-03-25,23.470341471045717
2015-03-26,30.257909322980097
2015-03-27,35.964562175366254
2015-03-28,40.92803767406063
2015-03-29,36.74750418736992
2015-03-30,30.70741105071262
2015-03-31,30.899141056737626
2015-04-01,40.407153510178524
2015-04-02,51.80952454441532
2015-04-03,52.41225900063324
2015-04-04,53.22385585686648
2015-04-05,53.31681315105604
2015-04-06,46.44536649476991
2015-04-07,49.75077713942759
2015-04-08,50.613012293617956
2015-04-09,42.70757800051985
2015-04-10,35.62863338313393
2015-04-11,30.40706591266129
2015-04-12,31.400028409531856
2015-04-13,30.790499442438502
2015-04-14,30.21853898184082
2015-04-15,29.666612443509667
2015-04-16,28.773646567898904
2015-04-17,21.30529050997777
2015-04-18,21.386994035846378
2015-04-19,19.521993008757082
2015-04-20,25.630631070541366
2015-04-21,33.29075379984293
2015-04-22,42.179754752084364
2015-04-23,48.77971702073215
2015-04-24,50.145832847575086
2015-04-25,50.665768188623026
2015-04-26,48.149806603428466
2015-04-27,59.31206722947642
2015-04-28,61.13680260328424
2015-04-29,54.4767073114557
2015-04-30,55.9312310638352
2015-05-01,62.32707694877925
2015-05-02,62.27935214750009
2015-05-03,62.83910006993181
2015-05-04,63.335799120608904
2015-05-05,55.47573078898774
2015-05-06,46.92460205694587
2015-05-07,48.88078512792883
2015-05-08,56.34401120711009
2015-05-09,61.226808758603326
2015-05-10,63.41936673463431
2015-05-11,61.57567655579004
2015-05-12,61.744807057238916
2015-05-13,59.93377362362683
2015-05-14,50.890816502085876
2015-05-15,50.5341107367031
2015-05-16,50.75478208066932
2015-05-17,49.50888362945876
2015-05-18,43.00494383152955
2015-05-19,44.497510315078785
2015-05-20,52.42147234735687
2015-05-21,49.84780098408668
2015-05-22,49.68381566071132
2015-05-23,48.565952972532536
2015-05-24,54.031342674162985
2015-05-25,46.646943063040155
2015-05-26,47.28265653997266
2015-05-27,57.35290855722431
2015-05-28,60.12943495712007
2015-05-29,52.95916243016998
2015-05-30,52.26214826241758
2015-05-31,46.46782935994509
2015-06-01,44.8035604708661
2015-06-02,43.76714409381721
2015-06-03,44.15643479533255
2015-06-04,37.97995745588369
2015-06-05,27.609150783495146
2015-06-06,26.24072523601696
2015-06-07,20.875030086450643
2015-06-08,29.891890721911246
2015-06-09,39.909240539652664
2015-06-10,32.551221053884746
2015-06-11,38.41234922560366
2015-06-12,44.360968542870324
2015-06-13,50.054641473887095
2015-06-14,55.70517172861259
2015-06-15,65.61154884342739
2015-06-16,76.56745450757437
2015-06-17,79.02460559629391
2015-06-18,74.15347157010767
2015-06-19,72.2736739819528
2015-06-20,66.53873283180964
2015-06-21,66.89228491806787
2015-06-22,66.46841183791373
2015-06-23,59.96240152615412
2015-06-24,59.500354818150605
2015-06-25,59.83410435312515
2015-06-26,59.92910022100997
2015-06-27,61.00909901154967
2015-06-28,61.489921805793344
2015-06-29,63.48725058201735
2015-06-30,64.13244374217759
2015-07-01,53.18115596302896
2015-07-02,54.70962426718848
2015-07-03,55.47926122959779
2015-07-04,61.76583015394132
2015-07-05,69.21378643432377
2015-07-06,72.24447165539566
2015-07-07,69.19716298615404
2015-07-08,75.10713385159973
2015-07-09,76.71077394294163
2015-07-10,81.08751977729426
2015-07-11,82.02068421517576
2015-07-12,83.60145471850325
2015-07-13,73.32195087184647
2015-07-14,67.53585868869963
2015-07-15,67.15834081985302
2015-07-16,63.81937628187359
2015-07-17,62.78342416872257
2015-07-18,59.408711884632496
2015-07-19,55.029383895403264
2015-07-20,53.04562915425887
2015-07-21,57.514805532135526
2015-07-22,52.758840825097984
2015-07-23,50.92847323248262
2015-07-24,44.218103680540125
2015-07-25,41.509544702586005
2015-07-26,34.91437801020735
2015-07-27,46.855324844587784
2015-07-28,54.63271993297154
2015-07-29,55.03471326954209
2015-07-30,59.586309676024406
2015-07-31,60.17372328653431
2015-08-01,61.25945813596668
2015-08-02,60.7354231838674
2015-08-03,60.6370640336115
2015-08-04,60.57875571371641
2015-08-05,60.3560021218769
2015-08-06,54.66182825579446
2015-08-07,42.500651371746216
2015-08-08,32.656169367283304
2015-08-09,27.658026237048173
2015-08-10,25.205537212176942
2015-08-11,24.695552323182653
2015-08-12,24.696949212650335
2015-08-13,24.431375145817846
2015-08-14,31.404903848242792
2015-08-15,31.486664768513293
2015-08-16,30.66024165543609
2015-08-17,24.93586666283763
2015-08-18,18.324717864581658
2015-08-19,29.13548401135886
2015-08-20,34.992110104966216
2015-08-21,41.90946154832164
2015-08-22,46.213882767701314
2015-08-23,47.18760420443023
2015-08-24,38.68892174632681
2015-08-25,30.39982653858486
2015-08-26,36.80782340830176
2015-08-27,37.60532098377908
2015-08-28,37.60871231912943
2015-08-29,41.63918975544394
2015-08-30,42.92913383373963
2015-08-31,47.82302203559207
2015-09-01,50.15234549428737
2015-09-02,44.80576151729198
2015-09-03,37.92991080708889
2015-09-04,37.493011558280585
2015-09-05,43.37177609155873
2015-09-06,49.42599214855035
2015-09-07,60.64021051693164
2015-09-08,75.15893973163078
2015-09-09,66.67124594913366
2015-09-10,66.56262546550906
2015-09-11,65.31378091013067
2015-09-12,59.317187682076955
2015-09-13,59.45502211278051
2015-09-14,52.50214068007797
2015-09-15,59.25366560587396
2015-09-16,52.77916818303168
2015-09-17,58.746653711551275
2015-09-18,58.69373085959896
2015-09-19,53.18968284893369
2015-09-20,46.05769843586598
2015-09-21,38.571876612985676
2015-09-22,37.80241346785403
2015-09-23,45.27443756024251
2015-09-24,54.05301044677615
2015-09-25,54.52741629724043
2015-09-26,55.43431993882224
2015-09-27,56.319368394316015
2015-09-28,64.79950595439404
2015-09-29,65.24052179891363
2015-09-30,65.18776055640838
2015-10-01,65.46730504022801
2015-10-02,65.44188897400758
2015-10-03,70.53217434676469
2015-10-04,75.6179364224072
2015-10-05,82.89118810975222
2015-10-06,83.14686469060398
2015-10-07,75.3025333154623
2015-10-08,68.05357161017649
2015-10-09,67.54717262897488
2015-10-10,72.72662849182034
2015-10-11,77.99081382273346
2015-10-12,70.93808869291695
2015-10-13,71.63029423509013
2015-10-14,79.27303453231124
2015-10-15,79.7255865558251
2015-10-16,80.98398548084344
2015-10-17,82.73759331585919
2015-10-18,76.41656644803881
2015-10-19,69.08773437087157
2015-10-20,69.62545069767933
2015-10-21,68.67377132403406
2015-10-22,75.26191833644738
2015-10-23,76.23154583141356
2015-10-24,77.00910580020381
2015-10-25,78.84565982963493
2015-10-26,75.58611657327509
2015-10-27,76.87692718251003
2015-10-28,78.35185410181025
2015-10-29,80.38546317991047
2015-10-30,82.34077616712204
2015-10-31,73.39332546978817
2015-11-01,77.78241938322634
2015-11-02,84.31369749501046
2015-11-03,88.49058794153508
2015-11-04,93.52014079837303
2015-11-05,80.07881129980994
2015-11-06,71.87093161013478
2015-11-07,72.71194776039339
2015-11-08,69.07575546094877
2015-11-09,66.8151172221307
2015-11-10,61.7116294236875
2015-11-11,56.77979575405176
2015-11-12,57.25045292384253
2015-11-13,56.613573458905975
2015-11-14,56.88688087254131
2015-11-15,54.43694358911186
2015-11-16,52.69013216735496
2015-11-17,46.08474311481618
2015-11-18,27.22263445665321
2015-11-19,31.25244521340806
2015-11-20,34.437114269804255
2015-11-21,31.41184395894826
2015-11-22,32.85740779662146
2015-11-23,35.127429134844334
2015-11-24,38.9848200257553
2015-11-25,49.826115587515275
2015-11-26,52.458129620196694
2015-11-27,52.968478908450976
2015-11-28,52.90953561855336
2015-11-29,59.76166641479696
2015-11-30,61.80530216553397
2015-12-01,52.982363537804076
2015-12-02,51.91308125910305
2015-12-03,58.88676333712283
2015-12-04,59.92543558536501
2015-12-05,62.510689736393886
2015-12-06,68.4677241269886
2015-12-07,73.31141769209249
2015-12-08,77.67075227766816
2015-12-09,79.32990833220698
2015-12-10,71.34410308653494
2015-12-11,73.79610931875874
2015-12-12,65.22332871821565
2015-12-13,59.96311625245505
2015-12-14,62.83829921880909
2015-12-15,69.20760788958647
2015-12-16,64.82975574625937
2015-12-17,60.47968743242811
2015-12-18,64.32550230447852
2015-12-19,64.09577705592562
2015-12-20,57.43152205135136
2015-12-21,51.377496606908856
2015-12-22,51.25711999722755
2015-12-23,49.52962049358695
2015-12-24,54.4478746664162
2015-12-25,51.32748508671704
2015-12-26,52.28147469781652
2015-12-27,52.45328486877819
2015-12-28,48.18416858951935
2015-12-29,46.065651891402744
2015-12-30,49.76683747387093
2015-12-31,50.06280841057921
2016-01-01,48.3247075542682
2016-01-02,46.941048891675806
2016-01-03,49.37375599191035
2016-01-04,57.6516725107885
2016-01-05,51.5704087403425
2016-01-06,45.50734796167339
2016-01-07,47.91708572507425
2016-01-08,49.272656040200474
2016-01-09,55.51209072987056
2016-01-10,56.824012428993676
2016-01-11,56.35372975732703
2016-01-12,43.42506177527599
2016-01-13,36.64471069072506
2016-01-14,36.72220839807063
2016-01-15,28.679338765874178
2016-01-16,23.43825054212479
2016-01-17,27.498684357250173
2016-01-18,23.36862254582095
2016-01-19,23.207810722226554
2016-01-20,32.04932837233274
2016-01-21,30.409826904995885
2016-01-22,24.235941833182093
2016-01-23,23.86304131411068
2016-01-24,28.11993731463697
2016-01-25,24.09463401189363
2016-01-26,25.56599648611787
2016-01-27,33.79625772245774
2016-01-28,33.471189147490875
2016-01-29,35.840226776853605
2016-01-30,42.69538839849663
2016-01-31,38.00950039218821
2016-02-01,43.85810369709115
2016-02-02,48.70289734429011
2016-02-03,37.63068400035504
2016-02-04,37.291794068344906
2016-02-05,45.713543386206275
2016-02-06,46.230962785228904
2016-02-07,39.56439546579315
2016-02-08,40.3586713447128
2016-02-09,40.679711931334076
2016-02-10,43.591400731686754
2016-02-11,42.762095895707006
2016-02-12,53.02629647495832
2016-02-13,55.068694815511186
2016-02-14,61.99171109322502
2016-02-15,63.25711067642909
2016-02-16,64.8684902948188
2016-02-17,71.50296357209785
2016-02-18,71.96455766843194
2016-02-19,65.98338962175309
2016-02-20,72.80338637421231
2016-02-21,77.91402938217186
2016-02-22,74.39053766768426
2016-02-23,71.78329064355106
2016-02-24,65.04661308382383
2016-02-25,71.57987491411957
2016-02-26,71.62368052828491
2016-02-27,71.23171983115749
2016-02-28,65.43215543656959
2016-02-29,65.16346630430814
2016-03-01,57.798298213545095
2016-03-02,50.03930216802037
2016-03-03,41.479300706838615
2016-03-04,40.160484991783754
2016-03-05,30.210104927687954
2016-03-06,29.8408295068782
2016-03-07,37.64467258108816
2016-03-08,44.66626598365448
2016-03-09,51.015631144485326
2016-03-10,51.40863070745991
2016-03-11,51.91101708238568
2016-03-12,45.972436266320166
2016-03-13,45.22979862261325
2016-03-14,46.65356941862271
2016-03-15,52.68455153312288
2016-03-16,58.712734789076606
2016-03-17,66.8115433632375
2016-03-18,66.06759733338676
2016-03-19,70.43477388247835
2016-03-20,69.23563018357464
2016-03-21,62.66436360423787
2016-03-22,62.5540793266915
2016-03-23,62.265962875385796
2016-03-24,55.07561194210976
2016-03-25,54.07624679946751
2016-03-26,61.513608637164374
2016-03-27,69.2709341228998
2016-03-28,68.4298218168451
2016-03-29,60.58564607326087
2016-03-30,53.53976774243678
2016-03-31,52.31260016484644
2016-04-01,61.540085642998164
2016-04-02,67.84091651251325
2016-04-03,67.56708954369105
2016-04-04,74.57394674296242
2016-04-05,74.41511398364031
2016-04-06,74.36492271060392
2016-04-07,75.26002416279415
2016-04-08,67.78208312124384
2016-04-09,61.926107396752116
2016-04-10,62.00443190307333
2016-04-11,61.13686218441394
2016-04-12,70.36773375905085
2016-04-13,69.96611445703608
2016-04-14,63.64056738548287
2016-04-15,63.86660170110038
2016-04-16,63.62247033364742
2016-04-17,57.69328981024925
2016-04-18,58.00672895798505
2016-04-19,57.657887686498945
2016-04-20,58.520098389269194
2016-04-21,66.20606924516215
2016-04-22,66.30138998608705
2016-04-23,72.40012435358983
2016-04-24,72.41182948459485
2016-04-25,73.80347521638303
2016-04-26,74.2667019645555
2016-04-27,71.79771219554031
2016-04-28,69.35375855273273
2016-04-29,69.26375486559539
2016-04-30,62.82801012242353
2016-05-01,67.87169700770097
2016-05-02,59.60876780213628
2016-05-03,59.954703632064245
2016-05-04,53.74799783899326
2016-05-05,47.453933841611985
2016-05-06,54.51199939462129
2016-05-07,53.96558472657817
2016-05-08,47.986868703742154
2016-05-09,46.047944706924824
2016-05-10,37.62135607353193
2016-05-11,39.63473160210622
2016-05-12,47.89624384834383
2016-05-13,48.679271155082596
2016-05-14,55.56087578149194
2016-05-15,54.873693960326584
2016-05-16,57.24766818416287
2016-05-17,48.763160828428894
2016-05-18,57.754471316817046
2016-05-19,54.60007396821537
2016-05-20,45.19746954506137
2016-05-21,45.39436542195908
2016-05-22,45.51565158440949
2016-05-23,45.050629738850745
2016-05-24,52.659266766154985
2016-05-25,59.54270996577117
2016-05-26,59.79233216904428
2016-05-27,64.43601978951361
2016-05-28,69.78481006571857
2016-05-29,73.27811301042782
2016-05-30,78.74796048279129
2016-05-31,73.20671080201687
2016-06-01,73.48142811877919
2016-06-02,79.80827407496733
2016-06-03,86.24317935618042
2016-06-04,86.94593857426116
2016-06-05,84.27261780776684
2016-06-06,84.68913758718641
2016-06-07,77.29017083531106
2016-06-08,77.78466350147062
2016-06-09,72.99005444048673
2016-06-10,71.62737491094629
2016-06-11,69.91136466715982
2016-06-12,73.6590168343299
2016-06-13,77.06277603244854
2016-06-14,72.89979083805996
2016-06-15,73.48839374980078
2016-06-16,77.2730267964927
2016-06-17,80.58191626788246
2016-06-18,82.31233788107387
2016-06-19,85.50516562882063
2016-06-20,78.53884719377308
2016-06-21,72.16410130632586
2016-06-22,65.38061901864025
2016-06-23,61.829932680068275
2016-06-24,63.74377912980677
2016-06-25,64.32509720709936
2016-06-26,59.09568104124866
2016-06-27,57.24908567637102
2016-06-28,62.91980976989592
2016-06-29,58.77285622583717
2016-06-30,56.34613731020036
2016-07-01,51.70889339272765
2016-07-02,48.26415029591524
2016-07-03,42.18087297380109
2016-07-04,48.220797263735776
2016-07-05,58.91042243717829
2016-07-06,69.26761702525603
2016-07-07,68.56190808652636
2016-07-08,67.2101658805053
2016-07-09,58.97444914521922
2016-07-10,59.121442958100765
2016-07-11,58.85404557296893
2016-07-12,58.91242405394347
2016-07-13,59.10468143396693
2016-07-14,53.048501712561816
2016-07-15,51.62473143139189
2016-07-16,46.935633120499865
2016-07-17,52.87364377602712
2016-07-18,48.05932703365497
2016-07-19,41.971482121143424
2016-07-20,34.3677807566933
2016-07-21,39.09014585680291
2016-07-22,29.119180911512515
2016-07-23,31.608238542460832
2016-07-24,40.31110421684676
2016-07-25,32.80821122819179
2016-07-26,20.48842315545573
2016-07-27,30.982780488111256
2016-07-28,37.62602268341935
2016-07-29,36.60826581557454
2016-07-30,36.94994668232315
2016-07-31,30.46467842699449
2016-08-01,29.539471211732355
2016-08-02,25.492337252850383
2016-08-03,24.271970237574834
2016-08-04,29.87240177947912
2016-08-05,31.229098434777924
2016-08-06,35.46177712332375
2016-08-07,33.70767223753634
2016-08-08,34.19245184674573
2016-08-09,37.47540377797396
2016-08-10,35.091400564561745
2016-08-11,29.376769073789728
2016-08-12,24.99759311940958
2016-08-13,24.98827324488034
2016-08-14,25.99430420910321
2016-08-15,27.302015429902323
2016-08-16,38.304604433486375
2016-08-17,43.74825483720613
2016-08-18,36.07698326949889
2016-08-19,42.309430566239186
2016-08-20,39.90812781237407
2016-08-21,36.5297913688251
2016-08-22,44.94900722368205
2016-08-23,45.35727926903162
2016-08-24,34.545707842476
2016-08-25,32.0604015033172
2016-08-26,38.953125102668324
2016-08-27,38.24733410365992
2016-08-28,37.11734068832885
2016-08-29,47.07358456176349
2016-08-30,47.77040227664653
2016-08-31,46.68088469328035
2016-09-01,43.16280549419339
2016-09-02,44.739776415331555
2016-09-03,50.3210500599397
2016-09-04,52.925109292235405
2016-09-05,53.40812684577884
2016-09-06,60.2813429569978
2016-09-07,65.52012939442939
2016-09-08,75.53553440596676
2016-09-09,75.94569564570709
2016-09-10,80.57841792801503
2016-09-11,81.0791420434175
2016-09-12,74.06967662184964
2016-09-13,74.53152212500514
2016-09-14,80.4049221920826
2016-09-15,81.35281680010705
2016-09-16,75.25024771880499
2016-09-17,68.49585368449289
2016-09-18,66.84049658016633
2016-09-19,65.83965233446014
2016-09-20,57.500112357802635
2016-09-21,48.746975695280774
2016-09-22,39.91983512866702
2016-09-23,38.82590927829835
2016-09-24,38.02945987426474
2016-09-25,39.92516547919506
2016-09-26,47.99422075863458
2016-09-27,45.409523386600455
2016-09-28,39.06844471231645
2016-09-29,46.60260637574854
2016-09-30,54.6503961601916
2016-10-01,60.64112386642036
2016-10-02,54.95860287649583
2016-10-03,54.48807448913258
2016-10-04,56.19179466427686
2016-10-05,66.79531796299779
2016-10-06,75.71331694538782
2016-10-07,76.19931910797781
2016-10-08,76.46122506560175
2016-10-09,75.81085544094755
2016-10-10,76.12812566002121
2016-10-11,77.87229111134685
2016-10-12,84.82117403521146
2016-10-13,77.48675477899522
2016-10-14,77.61804479488121
2016-10-15,72.37651395740151
2016-10-16,77.09926784117833
2016-10-17,70.4244484869106
2016-10-18,68.93131937630599
2016-10-19,60.94961618164082
2016-10-20,54.406804435878755
2016-10-21,54.06349942850499
2016-10-22,56.08832604176445
2016-10-23,61.19071428293601
2016-10-24,54.020078570754734
2016-10-25,53.522242347689684
2016-10-26,53.587699591299334
2016-10-27,62.26054661316469
2016-10-28,63.40783713593928
2016-10-29,70.82887026769316
2016-10-30,62.907655142591445
2016-10-31,60.35398109625979
2016-11-01,68.06536328959018
2016-11-02,74.05739890459742
2016-11-03,67.12544971209205
2016-11-04,60.97537885499046
2016-11-05,60.424518912714554
2016-11-06,60.70228667767474
2016-11-07,60.37574097013688
2016-11-08,60.24642853762767
2016-11-09,61.709449273452854
2016-11-10,55.950187174803304
2016-11-11,50.72764819668737
2016-11-12,42.96966608856597
2016-11-13,43.683741556373995
2016-11-14,49.98798342690524
2016-11-15,47.37251289687734
2016-11-16,49.88444297137056
2016-11-17,62.16380022680749
2016-11-18,70.46486924750177
2016-11-19,72.0094961741552
2016-11-20,62.0304060437772
2016-11-21,66.89000899300034
2016-11-22,68.26887574918624
2016-11-23,60.86608252013191
2016-11-24,59.95173412878928
2016-11-25,59.643756626434865
2016-11-26,59.98013170268421
2016-11-27,61.10249465029335
2016-11-28,61.15187898493104
2016-11-29,61.118851643362774
2016-11-30,59.32572570482408
2016-12-01,58.37974722593825
2016-12-02,59.90894818863103
2016-12-03,52.44126461610339
2016-12-04,62.52140761797907
2016-12-05,54.55048961231805
2016-12-06,54.09383116521829
2016-12-07,61.67714024353972
2016-12-08,69.05351611329318
2016-12-09,75.02012961742234
2016-12-10,79.77797608864282
2016-12-11,79.26739208241948
2016-12-12,79.59883767944864
2016-12-13,79.90744367984925
2016-12-14,73.14790497503549
2016-12-15,66.08918381571287
2016-12-16,64.77903901794663
2016-12-17,71.33599728952782
2016-12-18,71.37345885357925
2016-12-19,80.22844004400666
2016-12-20,80.01155103994545
2016-12-21,81.22692634944386
2016-12-22,83.29208427335142
2016-12-23,86.03208254791618
2016-12-24,77.20476958900805
2016-12-25,72.4872995614445
2016-12-26,73.51098022802383
2016-12-27,75.11335982020988
2016-12-28,81.16093176716315
2016-12-29,86.04098437323707
2016-12-30,77.51655438512938
2016-12-31,77.89305093926487
2017-01-01,78.95057619222044
2017-01-02,80.53425312044975
2017-01-03,81.47512686978733
2017-01-04,83.32585920997731
2017-01-05,67.35146217440645
2017-01-06,57.26679911436634
2017-01-07,55.052036918403665
2017-01-08,59.32576547569448
2017-01-09,55.51323735474812
2017-01-10,54.80613956444428
2017-01-11,47.12279632806439
2017-01-12,41.21843667454536
2017-01-13,46.201265423037945
2017-01-14,45.878243538771265
2017-01-15,42.35009125247562
2017-01-16,39.152716734211005
2017-01-17,37.95015111482936
2017-01-18,33.505538536309984
2017-01-19,44.63592095845113
2017-01-20,50.6043574385989
2017-01-21,60.528558977031345
2017-01-22,59.66305604359407
2017-01-23,65.88184342205831
2017-01-24,59.72606995678633
2017-01-25,65.50515646689573
2017-01-26,76.31665149448811
2017-01-27,75.961130708095
2017-01-28,75.7427847685807
2017-01-29,75.85792300644958
2017-01-30,75.91660974987184
2017-01-31,76.25243124378389
2017-02-01,75.35180005200822
2017-02-02,76.2337383491414
2017-02-03,83.11574883339429
2017-02-04,83.72444343527899
2017-02-05,76.64771616371043
2017-02-06,77.31243773661876
2017-02-07,83.78279764879692
2017-02-08,90.58905713151722
2017-02-09,72.59633235516473
2017-02-10,65.04218615210902
2017-02-11,65.64190707746488
2017-02-12,68.29700381234555
2017-02-13,64.32472104764805
2017-02-14,64.02543034173061
2017-02-15,63.09359033320096
2017-02-16,62.73673419824976
2017-02-17,61.61486915968766
2017-02-18,60.57612004806795
2017-02-19,61.66424248378577
2017-02-20,61.682338592630636
2017-02-21,62.640965534450885
2017-02-22,61.491652862254476
2017-02-23,79.94080123440098
2017-02-24,91.09455068666193
2017-02-25,83.65324148892753
2017-02-26,84.16062059481175
2017-02-27,89.0584715518651
2017-02-28,89.44287370038707
2017-03-01,90.23735058242166
2017-03-02,91.39297952405498
2017-03-03,92.11773902958129
2017-03-04,85.22710245259496
2017-03-05,88.09631734695164
2017-03-06,88.37428138272166
2017-03-07,78.64784527676397
2017-03-08,69.58384150734172
2017-03-09,63.2384275022978
2017-03-10,49.56001935203706
2017-03-11,55.38498909337558
2017-03-12,56.8178821274392
2017-03-13,59.708907950585555
2017-03-14,60.42444295233338
2017-03-15,61.19654949403327
2017-03-16,48.66447908228421
2017-03-17,37.984490566155166
2017-03-18,35.42782767918584
2017-03-19,38.022900486089306
2017-03-20,39.06337531137532
2017-03-21,44.862417473834796
2017-03-22,44.77167384402879
2017-03-23,44.70564958513088
2017-03-24,45.96962499090451
2017-03-25,40.07895754077663
2017-03-26,40.28961498696074
2017-03-27,39.45235973872629
2017-03-28,39.82684971648784
2017-03-29,34.20280550795516
2017-03-30,36.586530800231166
2017-03-31,47.455123870992274
2017-04-01,56.5015324038756
2017-04-02,57.700055249031024
2017-04-03,60.380370470595814
2017-04-04,61.2421151328604
2017-04-05,60.586264423297465
2017-04-06,66.95875023831502
2017-04-07,74.27793008514014
2017-04-08,76.4083364899541
2017-04-09,76.37159666435976
2017-04-10,71.40116472439375
2017-04-11,70.98651083439445
2017-04-12,76.60986811232713
2017-04-13,75.94192904103187
2017-04-14,69.82655175423643
2017-04-15,69.42632937222135
2017-04-16,67.36924761746826
2017-04-17,64.94051767832933
2017-04-18,63.65782494536643
2017-04-19,73.05338298535088
2017-04-20,71.74002254377217
2017-04-21,63.65468953231134
2017-04-22,69.8480287827677
2017-04-23,62.801112385824375
2017-04-24,68.94460609193663
2017-04-25,69.27004143457471
2017-04-26,69.78364348592123
2017-04-27,79.7579863371622
2017-04-28,87.22459628354827
2017-04-29,87.98156345915285
2017-04-30,88.68667134525606
2017-05-01,89.91832552043991
2017-05-02,90.45918068402568
2017-05-03,91.13004918159025
2017-05-04,92.25126911428431
2017-05-05,96.6929791017921
2017-05-06,87.87026054355684
2017-05-07,92.07318005457296
2017-05-08,93.22715242149306
2017-05-09,94.00935798558928
2017-05-10,84.607340270971
2017-05-11,85.38407652775969
2017-05-12,78.60860460276456
2017-05-13,73.60214072199423
2017-05-14,73.93853163633186
2017-05-15,67.53887971436421
2017-05-16,60.75028314874504
2017-05-17,62.70648807239514
2017-05-18,63.1060662423937
2017-05-19,64.42895450115893
2017-05-20,70.03672629739668
2017-05-21,70.87368817205649
2017-05-22,73.09532928116789
2017-05-23,74.17422105524535
2017-05-24,81.97870721598494
2017-05-25,84.35493628553952
2017-05-26,78.04396465514768
2017-05-27,73.08251787284257
2017-05-28,74.20252820973809
2017-05-29,77.87206187410857
2017-05-30,75.13142656935513
2017-05-31,76.00657286405075
2017-06-01,77.16839934679619
2017-06-02,77.62594483222333
2017-06-03,78.45069379653363
2017-06-04,78.89273504522252
2017-06-05,78.6369368842298
2017-06-06,79.77792031646257
2017-06-07,71.83856206164391
2017-06-08,63.51497215609755
2017-06-09,71.37286958966621
2017-06-10,79.26447177007579
2017-06-11,80.26185497301617
2017-06-12,70.18576520758538
2017-06-13,68.29400063294342
2017-06-14,61.78723152135911
2017-06-15,54.68863691457799
2017-06-16,54.501626292285074
2017-06-17,54.64852712537369
2017-06-18,49.57330393427869
2017-06-19,49.70391402376884
2017-06-20,48.923794762433374
2017-06-21,55.80308192025984
2017-06-22,56.33168962453695
2017-06-23,55.47046861880921
2017-06-24,48.46041285002347
2017-06-25,41.039383218030785
2017-06-26,43.27168050534584
2017-06-27,44.23823774088534
2017-06-28,51.45058291753005
2017-06-29,54.09817567503246
2017-06-30,48.7030005797161
2017-07-01,42.031067944233385
2017-07-02,47.5847208518588
2017-07-03,45.96872863147143
2017-07-04,42.68287044612973
2017-07-05,33.30601024127044
2017-07-06,39.53319234729754
2017-07-07,39.193784328167084
2017-07-08,39.995127738792455
2017-07-09,45.86796564361999
2017-07-10,47.90488364945261
2017-07-11,48.74749785785109
2017-07-12,48.13824065210662
2017-07-13,55.08773306161841
2017-07-14,55.371189759491855
2017-07-15,55.117622742834094
2017-07-16,48.34124204515007
2017-07-17,48.51130700290421
2017-07-18,49.9277049160159
2017-07-19,57.90360057251396
2017-07-20,62.423003396772955
2017-07-21,63.97649301885542
2017-07-22,69.85684226471012
2017-07-23,63.989311607742216
2017-07-24,70.1646490945441
2017-07-25,69.0291446350594
2017-07-26,63.18533887750477
2017-07-27,63.26561789849797
2017-07-28,69.35628897808222
2017-07-29,69.12966273268766
2017-07-30,69.72861047786957
2017-07-31,69.64103649841648
2017-08-01,61.40175798009062
2017-08-02,54.72094892308211
2017-08-03,50.48067186850955
2017-08-04,48.977935181478244
2017-08-05,52.44174086197133
2017-08-06,60.05994323789188
2017-08-07,62.317158127849616
2017-08-08,72.13348791356935
2017-08-09,68.46017805828701
2017-08-10,70.28478987753026
2017-08-11,72.06049452606209
2017-08-12,78.40175219613165
2017-08-13,84.22767991659954
2017-08-14,85.77102243767014
2017-08-15,76.40823138186254
2017-08-16,81.05914494696567
2017-08-17,82.6369788848035
2017-08-18,73.45765622972955
2017-08-19,64.74308907706916
2017-08-20,59.34622040880681
2017-08-21,52.84341783789797
2017-08-22,45.33845973754635
2017-08-23,50.49150172118624
2017-08-24,51.667188762443416
2017-08-25,51.78024299689268
2017-08-26,46.78898191801535
2017-08-27,44.54507023935541
2017-08-28,37.81954793814081
2017-08-29,46.52297062215128
2017-08-30,46.20196811184767
2017-08-31,45.39583150926838
2017-09-01,54.47896713255991
2017-09-02,54.31352450911685
2017-09-03,54.25431902213441
2017-09-04,53.63538443971938
2017-09-05,54.98984636941708
2017-09-06,54.98232250050552
2017-09-07,54.892360135232224
2017-09-08,47.8456120542941
2017-09-09,48.08928572143824
2017-09-10,43.1869613377147
2017-09-11,48.56845725280451
2017-09-12,47.246801339238004
2017-09-13,40.658744210007
2017-09-14,33.806316815735435
2017-09-15,34.65619481410891
2017-09-16,41.421291868484225
2017-09-17,42.889672706177485
2017-09-18,51.151082491262244
2017-09-19,58.965308900229765
2017-09-20,52.68142497988494
2017-09-21,46.28886533463553
2017-09-22,49.72515769734325
2017-09-23,54.56073537387163
2017-09-24,56.954931311827714
2017-09-25,56.383769556929664
2017-09-26,54.52013452259272
2017-09-27,63.78205072108888
2017-09-28,73.99615534815376
2017-09-29,63.4190095783146
2017-09-30,62.697075493205226
2017-10-01,69.08887245500411
2017-10-02,68.54753272280828
2017-10-03,60.54227945654706
2017-10-04,60.551056812718464
2017-10-05,67.70562150058275
2017-10-06,73.8823762562162
2017-10-07,74.06952292135307
2017-10-08,78.89828083221279
2017-10-09,79.96394955873608
2017-10-10,80.83286449181882
2017-10-11,73.45561880361186
2017-10-12,75.6554871859915
2017-10-13,84.48914448288035
2017-10-14,85.11868672750225
2017-10-15,76.14735386059121
2017-10-16,77.15672987552178
2017-10-17,74.27325248401011
2017-10-18,69.6353156803298
2017-10-19,70.75634418037068
2017-10-20,72.58472882666305
2017-10-21,74.22739739239498
2017-10-22,67.75989807495468
2017-10-23,60.234111032314594
2017-10-24,53.18255290733822
2017-10-25,51.65448825880493
2017-10-26,50.71506497694467
2017-10-27,41.66242775057269
2017-10-28,36.23470532219841
2017-10-29,45.02721306671915
2017-10-30,44.850760390224906
2017-10-31,52.08515340305754
2017-11-01,60.87307842139838
2017-11-02,65.24500572805474
2017-11-03,66.9378054802499
2017-11-04,67.65391832959203
2017-11-05,73.85009955551925
2017-11-06,71.29135357827683
2017-11-07,70.94462307847856
2017-11-08,77.86921516666561
2017-11-09,70.21268391017347
2017-11-10,64.16990033197965
2017-11-11,59.398004710408735
2017-11-12,48.393905521754235
2017-11-13,52.31897606189386
2017-11-14,53.1109023837108
2017-11-15,54.36673513412901
2017-11-16,55.083740362833055
2017-11-17,56.33959773452219
2017-11-18,50.79501559219772
2017-11-19,51.613615469114585
2017-11-20,57.31031544807757
2017-11-21,55.091356281579316
2017-11-22,54.65378884123812
2017-11-23,53.37409718821656
2017-11-24,61.428578080956406
2017-11-25,68.50118613223786
2017-11-26,79.6121864461935
2017-11-27,80.21535671021056
2017-11-28,81.780933632822
2017-11-29,84.40804771141563
2017-11-30,72.88753847611783
2017-12-01,74.26237675262817
2017-12-02,79.14210173815616
2017-12-03,80.4762489640858
2017-12-04,81.46861412844096
2017-12-05,86.43622157987407
2017-12-06,88.33168999283109
2017-12-07,93.43423537797207
2017-12-08,72.75692809906744
2017-12-09,63.408443552429894
2017-12-10,55.80116083666653
2017-12-11,58.97498500338463
2017-12-12,62.42964752102703
2017-12-13,54.72084741106734
2017-12-14,51.5229066548335
2017-12-15,54.774738789684804
2017-12-16,57.69746739886946
2017-12-17,60.25807326810819
2017-12-18,54.16566010323448
2017-12-19,48.30773196562735
2017-12-20,40.96679654739802
2017-12-21,33.10107902782491
2017-12-22,33.46165399351667
2017-12-23,39.02140366329674
2017-12-24,39.46371697485092
2017-12-25,38.55295777230799
2017-12-26,37.784176098903956
2017-12-27,43.796563053262524
2017-12-28,44.39493336510537
2017-12-29,37.63537325770061
2017-12-30,30.82746497584383
2017-12-31,28.842115283252106
2018-01-01,30.177845145296878
2018-01-02,39.00826229672132
2018-01-03,49.57182299392901
2018-01-04,59.85219923765908
2018-01-05,71.27619016351045
2018-01-06,72.41805679344314
2018-01-07,70.058361947448
2018-01-08,62.896175888806525
2018-01-09,56.08334681890664
2018-01-10,49.250786147460715
2018-01-11,48.60765463771373
2018-01-12,48.96366856632457
2018-01-13,54.323251635023574
2018-01-14,49.7438528581492
2018-01-15,54.264428319023736
2018-01-16,47.610520242405144
2018-01-17,40.91834177379254
2018-01-18,38.04189474135273
2018-01-19,32.37719175738697
2018-01-20,28.351486801465715
2018-01-21,29.89313499133405
2018-01-22,31.846072373429717
2018-01-23,33.75152158725254
2018-01-24,41.118389788531005
2018-01-25,48.41712914749
2018-01-26,49.79513007671022
2018-01-27,47.30143597726816
2018-01-28,53.87312654578519
2018-01-29,46.858322275414814
2018-01-30,50.59710818795067
2018-01-31,54.57027847322463
2018-02-01,45.704091590189755
2018-02-02,37.586719186318845
2018-02-03,33.78661781914537
2018-02-04,35.28704133816641
2018-02-05,36.63424492097302
2018-02-06,36.72790685545889
2018-02-07,34.668268336894286
2018-02-08,33.31662549042965
2018-02-09,39.828770765520275
2018-02-10,38.83582646286208
2018-02-11,31.42089197791727
2018-02-12,37.420758701401375
2018-02-13,38.95160103606777
2018-02-14,46.58744081180313
2018-02-15,55.826664626300115
2018-02-16,65.6025750124608
2018-02-17,66.59658584503228
2018-02-18,64.4116584670177
2018-02-19,71.55219117820924
2018-02-20,81.5442610647286
2018-02-21,72.611546737844
2018-02-22,65.14469304366366
2018-02-23,58.71328379733611
2018-02-24,52.546999998226596
2018-02-25,52.32083188333911
2018-02-26,53.135403840917995
2018-02-27,58.39179100028182
2018-02-28,58.42428388377253
2018-03-01,58.02275371321349
2018-03-02,58.394161387497014
2018-03-03,57.74988092452005
2018-03-04,65.23047702752007
2018-03-05,64.93718083126555
2018-03-06,56.611216112580465
2018-03-07,57.27996267289824
2018-03-08,58.04239003532092
2018-03-09,58.013806609410814
2018-03-10,59.16067305578042
2018-03-11,64.67645326247592
2018-03-12,64.21465418452777
2018-03-13,57.98263078101659
2018-03-14,51.52375680954099
2018-03-15,44.478846886824606
2018-03-16,42.030003841871185
2018-03-17,35.265543471577374
2018-03-18,27.836729282656965
2018-03-19,26.310879359679262
2018-03-20,33.76495565416582
2018-03-21,42.235119193114826
2018-03-22,43.37289162250987
2018-03-23,44.992531299887894
2018-03-24,51.705206010315955
2018-03-25,44.9323820915432
2018-03-26,37.0917635643739
2018-03-27,37.75623128647758
2018-03-28,44.45931575255464
2018-03-29,45.03815630275535
2018-03-30,38.46038900532886
2018-03-31,43.48584100404181
2018-04-01,44.975055841492
2018-04-02,42.575477941583614
2018-04-03,41.09415255699106
2018-04-04,33.10701269052162
2018-04-05,33.70798997694289
2018-04-06,35.363973533192876
2018-04-07,32.576441238838214
2018-04-08,38.49983722259302
2018-04-09,39.678832524901416
2018-04-10,40.81755094723356
2018-04-11,39.91413241419986
2018-04-12,51.970066893214636
2018-04-13,62.266742064677516
2018-04-14,62.96196172116336
2018-04-15,69.63929893478507
2018-04-16,62.112659911487114
2018-04-17,53.243370342076204
2018-04-18,60.708284303793235
2018-04-19,68.41999551152752
2018-04-20,74.65730086833761
2018-04-21,76.11695091855962
2018-04-22,77.21711482603483
2018-04-23,82.57222991367857
2018-04-24,87.65300411146782
2018-04-25,77.21545616117118
2018-04-26,68.53843708172083
2018-04-27,68.79023204163107
2018-04-28,69.80493526721808
2018-04-29,71.03518893505732
2018-04-30,68.59234238387828
2018-05-01,67.6109169794996
2018-05-02,68.12248158923055
2018-05-03,69.28289195419711
2018-05-04,69.46769874151468
2018-05-05,69.70335427595802
2018-05-06,63.71769709062908
2018-05-07,57.75947154498725
2018-05-08,50.18882955374675
2018-05-09,51.826910189917456
2018-05-10,52.74483966648933
2018-05-11,45.89247425175574
2018-05-12,39.505290040870506
2018-05-13,37.52972397232831
2018-05-14,44.71016449746828
2018-05-15,45.286738942306194
2018-05-16,38.60878565493376
2018-05-17,29.888300764677105
2018-05-18,21.83998140518551
2018-05-19,18.42742774414078
2018-05-20,24.4552114394509
2018-05-21,30.85945616558159
2018-05-22,31.96138971188628
2018-05-23,32.68994597467907
2018-05-24,33.48983236225877
2018-05-25,35.29215637359082
2018-05-26,36.78235734299297
2018-05-27,29.998937335397617
2018-05-28,20.83450267147432
2018-05-29,28.46602353608417
2018-05-30,35.874725707931326
2018-05-31,43.34396429358568
2018-06-01,50.85997574799443
2018-06-02,50.73815077409334
2018-06-03,50.156611688980924
2018-06-04,42.57808913307449
2018-06-05,42.92985363811748
2018-06-06,51.00784826304824
2018-06-07,58.93740793736932
2018-06-08,59.443434061313006
2018-06-09,59.557197826385696
2018-06-10,58.29683557732955
2018-06-11,58.7464157316271
2018-06-12,51.62678759448966
2018-06-13,44.652412467631244
2018-06-14,44.12991611784715
2018-06-15,37.42446795833241
2018-06-16,30.636040867167214
2018-06-17,27.97029361053221
2018-06-18,34.88232597970654
2018-06-19,42.197638262309816
2018-06-20,34.5349582517785
2018-06-21,32.802159640587206
2018-06-22,32.83048442937515
2018-06-23,33.49960598522767
2018-06-24,34.63001442879112
2018-06-25,43.403280026502664
2018-06-26,44.670212820039204
2018-06-27,46.187390581619155
2018-06-28,38.19830828618574
2018-06-29,45.375711330305165
2018-06-30,52.50470069494957
2018-07-01,53.83908721797338
2018-07-02,54.07295865439242
2018-07-03,54.46433276070242
2018-07-04,61.70551157996176
2018-07-05,62.652112971240726
2018-07-06,63.195889973120565
2018-07-07,69.26525970316256
2018-07-08,76.22779052882464
2018-07-09,68.81156546100415
2018-07-10,67.70383097449
2018-07-11,67.15077879657049
2018-07-12,66.65069344784986
2018-07-13,60.356924830221736
2018-07-14,59.21996197725512
2018-07-15,58.12408706238135
2018-07-16,58.41557940275142
2018-07-17,59.73925719553985
2018-07-18,61.542134175579655
2018-07-19,61.998261705678395
2018-07-20,69.82945959716336
2018-07-21,63.09800441504443
2018-07-22,63.501946596734
2018-07-23,70.6480538987744
2018-07-24,78.5290794462342
2018-07-25,84.46879109897151
2018-07-26,81.78490440685661
2018-07-27,87.03785936497857
2018-07-28,87.3874997860014
2018-07-29,87.68694751857396
2018-07-30,79.904953178727
2018-07-31,72.37585869040375
2018-08-01,65.25746943400364
2018-08-02,58.9653189589449
2018-08-03,52.41271725076571
2018-08-04,52.1099513796873
2018-08-05,47.17907541647434
2018-08-06,40.819259280080615
2018-08-07,31.17417575290389
2018-08-08,22.28132463154851
2018-08-09,28.659206177628427
2018-08-10,20.383027794762032
2018-08-11,13.521015800280276
2018-08-12,13.919372720761421
2018-08-13,20.46534553901447
2018-08-14,20.89955140908256
2018-08-15,28.552591492222046
2018-08-16,28.8597644842135
2018-08-17,36.795944743409976
2018-08-18,37.230118068061316
2018-08-19,42.906778301958
2018-08-20,43.344386001460755
2018-08-21,50.04598943014299
2018-08-22,58.113273501677924
2018-08-23,51.7409055992897
2018-08-24,59.02537031858353
2018-08-25,65.38969492072229
2018-08-26,58.06199835794605
2018-08-27,58.2286088288733
2018-08-28,67.11180722592202
2018-08-29,66.93245516716911
2018-08-30,66.29155527979223
2018-08-31,66.20530863173019
2018-09-01,73.4632043196352
2018-09-02,74.15182883361028
2018-09-03,80.59292054594427
2018-09-04,81.06271948925345
2018-09-05,71.60178953708846
2018-09-06,69.22193015378878
2018-09-07,62.716863264712806
2018-09-08,57.17197739041728
2018-09-09,57.02297546919047
2018-09-10,56.62666419626594
2018-09-11,49.85195351343045
2018-09-12,49.42507653030903
2018-09-13,56.60125541612205
2018-09-14,56.07016753118225
2018-09-15,55.12466030566141
2018-09-16,48.3802643818339
2018-09-17,41.13901112703448
2018-09-18,33.26782993443368
2018-09-19,42.21960400509469
2018-09-20,51.181884692673805
2018-09-21,60.79338531454943
2018-09-22,67.89861391037691
2018-09-23,74.43304327474495
2018-09-24,67.49347189142914
2018-09-25,66.41079828109648
2018-09-26,66.67545680217034
2018-09-27,66.94850889475488
2018-09-28,67.5134453595834
2018-09-29,61.130903504417645
2018-09-30,66.73275187565012
2018-10-01,66.48913130984863
2018-10-02,66.54732823861784
2018-10-03,60.21170840020487
2018-10-04,59.921028235913745
2018-10-05,57.94117106771669
2018-10-06,51.36470578870957
2018-10-07,50.5418112838682
2018-10-08,57.74556997644632
2018-10-09,65.26326367024227
2018-10-10,58.05690201073082
2018-10-11,49.36572839530935
2018-10-12,41.34655181029871
2018-10-13,48.00358509724365
2018-10-14,46.93822276463336
2018-10-15,57.45622322519335
2018-10-16,64.72637471149675
2018-10-17,64.46215722184665
2018-10-18,57.52814977129089
2018-10-19,51.05955452868992
2018-10-20,56.99745127974267
2018-10-21,56.91952268455588
2018-10-22,50.02854895149549
2018-10-23,43.430130181745014
2018-10-24,49.93998620685324
2018-10-25,51.66991755608223
2018-10-26,52.02233623270843
2018-10-27,52.39900197242444
2018-10-28,46.425452731938336
2018-10-29,34.71634198883959
2018-10-30,26.77004270245392
2018-10-31,26.792664111736208
2018-11-01,34.37737396319832
2018-11-02,33.97635077349337
2018-11-03,27.19435323766598
2018-11-04,20.36256400912551
2018-11-05,28.08217142560054
2018-11-06,36.338054300990656
2018-11-07,38.12011360418028
2018-11-08,37.14949016466969
2018-11-09,36.50554987955387
2018-11-10,36.80561790630841
2018-11-11,36.52481408504834
2018-11-12,36.46234686408037
2018-11-13,36.011918552089455
2018-11-14,34.473654385738925
2018-11-15,27.34289230638615
2018-11-16,27.180922557205296
2018-11-17,27.142538915480223
2018-11-18,33.10885107037272
2018-11-19,26.02190523575199
2018-11-20,18.47321120834804
2018-11-21,11.085718409196952
2018-11-22,11.34919396342873
2018-11-23,11.539131509622075
2018-11-24,5.78903600026216
2018-11-25,5.768063230972469
2018-11-26,5.804647517547301
2018-11-27,5.8923446412228735
2018-11-28,13.997266452468313
2018-11-29,21.923930646461088
2018-11-30,22.20377357883939
2018-12-01,28.424390363727913
2018-12-02,28.163660513027978
2018-12-03,29.442992222749798
2018-12-04,31.09888793605743
2018-12-05,31.823397318925956
2018-12-06,31.720881028255686
2018-12-07,31.500623954542593
2018-12-08,37.18360474100295
2018-12-09,43.85328082995634
2018-12-10,44.864417721806646
2018-12-11,45.83107193841242
2018-12-12,42.8323099072357
2018-12-13,34.71538268447587
2018-12-14,36.1043849643966
2018-12-15,28.775688408914817
2018-12-16,25.8916232488817
2018-12-17,33.83848178695399
2018-12-18,42.479024377124475
2018-12-19,51.96034462430593
2018-12-20,62.774249619166426
2018-12-21,61.501699921201066
2018-12-22,53.88032342321068
2018-12-23,55.0349452962557
2018-12-24,63.016344470055415
2018-12-25,61.374220865749486
2018-12-26,55.42184386920894
2018-12-27,54.61701780536856
2018-12-28,60.18350120548899
2018-12-29,64.69003774094801
2018-12-30,59.77995624000451
2018-12-31,54.288030823662815
2019-01-01,53.58085438718215
2019-01-02,52.79855966094157
2019-01-03,44.0813879158087
2019-01-04,45.61519400345838
2019-01-05,52.88316088412254
2019-01-06,52.495520881018464
2019-01-07,51.01059496677589
2019-01-08,51.47108973190478
2019-01-09,51.429058511759415
2019-01-10,50.14758721358801
2019-01-11,42.65186259217676
2019-01-12,35.99238047847971
2019-01-13,36.1977358885677
2019-01-14,43.18793766079559
2019-01-15,36.81979003404237
2019-01-16,29.689175500482296
2019-01-17,36.432081938004565
2019-01-18,36.469029707476075
2019-01-19,36.97065514753257
2019-01-20,29.399311135986622
2019-01-21,22.243850837583388
2019-01-22,29.244955237815358
2019-01-23,36.36612076729819
2019-01-24,44.29752758556029
2019-01-25,51.54909382902109
2019-01-26,58.18203202999397
2019-01-27,57.50778698493806
2019-01-28,49.33464953087031
2019-01-29,49.32630789601529
2019-01-30,56.57409704704304
2019-01-31,49.35552403331124
2019-02-01,56.00295338637273
2019-02-02,55.30827961617663
2019-02-03,55.875438808026715
2019-02-04,55.767646925371686
2019-02-05,55.612904198708854
2019-02-06,48.56529441068102
2019-02-07,41.8757584153687
2019-02-08,43.71337603267405
2019-02-09,44.53866917885991
2019-02-10,52.146985394414735
2019-02-11,52.364608145177904
2019-02-12,51.7567216684368
2019-02-13,44.14263795389806
2019-02-14,43.76737142863992
2019-02-15,44.384581660790566
2019-02-16,45.08734600536648
2019-02-17,52.24661691055387
2019-02-18,60.7363513773112
2019-02-19,63.12028559901105
2019-02-20,69.87007542668871
2019-02-21,67.32161059094392
2019-02-22,67.6195530888588
2019-02-23,68.75987197820835
2019-02-24,59.98189615578697
2019-02-25,58.15313146192593
2019-02-26,57.218919019784266
2019-02-27,56.127802745001276
2019-02-28,62.08475659198943
2019-03-01,62.708556314167716
2019-03-02,57.08238578163706
2019-03-03,51.347688372043656
2019-03-04,43.62371726910144
2019-03-05,43.60727407723333
2019-03-06,43.75272620119506
2019-03-07,51.04090773832573
2019-03-08,43.51663261085555
2019-03-09,44.218514914306986
2019-03-10,44.596919504669096
2019-03-11,44.26494548791383
2019-03-12,43.5870700181822
2019-03-13,50.494790558801775
2019-03-14,51.32895237082239
2019-03-15,52.02353764096743
2019-03-16,58.4872906753534
2019-03-17,57.922066371390876
2019-03-18,64.62608367639098
2019-03-19,64.54575797766691
2019-03-20,64.9131672336276
2019-03-21,57.35887909283819
2019-03-22,57.80685906748692
2019-03-23,57.497323301935154
2019-03-24,57.66232362453516
2019-03-25,57.50054885586163
2019-03-26,57.051419903910315
2019-03-27,57.604473413047494
2019-03-28,57.367774193974896
2019-03-29,57.93931737221073
2019-03-30,57.99220202049854
2019-03-31,57.57996913678174
2019-04-01,57.812431460926994
2019-04-02,61.9241862430453
2019-04-03,65.95685299245866
2019-04-04,61.86595863621719
2019-04-05,68.81348859536713
2019-04-06,70.57115580641279
2019-04-07,76.32229566094975
2019-04-08,81.93713077155974
2019-04-09,79.05047383114045
2019-04-10,79.841434684579
2019-04-11,72.70099229514356
2019-04-12,66.94947005081261
2019-04-13,67.39242853117238
2019-04-14,71.19549282115858
2019-04-15,66.20384782638872
2019-04-16,65.00525090238705
2019-04-17,63.31969648118919
2019-04-18,71.38758568754842
2019-04-19,71.06839150884885
2019-04-20,70.6080789478864
2019-04-21,62.825744872908615
2019-04-22,62.37852239869902
2019-04-23,70.59437079307743
2019-04-24,61.5156501736678
2019-04-25,61.74848575041487
2019-04-26,60.54664498778409
2019-04-27,54.35357300653394
2019-04-28,54.98657469713147
2019-04-29,54.48449042370716
2019-04-30,55.06554124656735
2019-05-01,55.4190687975877
2019-05-02,55.83236737026864
2019-05-03,57.17461351597386
2019-05-04,58.348295760121935
2019-05-05,57.712172474900335
2019-05-06,50.44670425404403
2019-05-07,51.18468593244242
2019-05-08,58.96179230108398
2019-05-09,66.41728949650029
2019-05-10,74.48031508717688
2019-05-11,81.95899599914964
2019-05-12,83.50986751630344
2019-05-13,89.34122046226388
2019-05-14,90.40078665144273
2019-05-15,91.15441952039806
2019-05-16,79.72336703030322
2019-05-17,70.98859249469983
2019-05-18,64.99310476159174
2019-05-19,70.16337850476945
2019-05-20,74.84252375276334
2019-05-21,75.73652781064725
2019-05-22,69.66745295826672
2019-05-23,70.60352100185465
2019-05-24,71.44745395486758
2019-05-25,71.22971705183735
2019-05-26,71.50157585711881
2019-05-27,71.77288159467447
2019-05-28,64.10451432895418
2019-05-29,56.760589682450245
2019-05-30,57.067420441374615
2019-05-31,57.254709434485754
2019-06-01,63.17243120813137
2019-06-02,62.807815529241395
2019-06-03,56.31129163918096
2019-06-04,49.46971900214472
2019-06-05,49.857096443606466
2019-06-06,43.752205852754514
2019-06-07,42.64489406690041
2019-06-08,36.76321592617446
2019-06-09,29.483168158187812
2019-06-10,26.705670600056745
2019-06-11,33.11237243636498
2019-06-12,40.24928587705136
2019-06-13,48.64941570823048
2019-06-14,57.184260023953534
2019-06-15,56.57744997813937
2019-06-16,57.25250178835953
2019-06-17,64.84394543571452
2019-06-18,66.28023543273007
2019-06-19,73.83800206244882
2019-06-20,81.11021235003753
2019-06-21,81.55819943782453
2019-06-22,88.52541615259429
2019-06-23,94.16702789031609
2019-06-24,94.31090867829745
2019-06-25,94.63035003898436
2019-06-26,95.36277610009401
2019-06-27,82.22556878229082
2019-06-28,83.4266635444656
2019-06-29,84.26565416171174
2019-06-30,76.92958942528193
2019-07-01,70.34023062950621
2019-07-02,67.41132396028627
2019-07-03,68.94278859465125
2019-07-04,63.435204579393655
2019-07-05,58.307092089704845
2019-07-06,57.57251220354058
2019-07-07,57.497918199385325
2019-07-08,58.14747599583161
2019-07-09,58.726108824928225
2019-07-10,48.2570931853235
2019-07-11,49.72121705931328
2019-07-12,48.04372612317
2019-07-13,40.90188796668058
2019-07-14,41.5690043561665
2019-07-15,41.99369315306453
2019-07-16,42.87410883586359
2019-07-17,35.053115784401584
2019-07-18,42.098179793380076
2019-07-19,48.316205536428654
2019-07-20,48.03847008482855
2019-07-21,42.662719548861105
2019-07-22,36.23736663291605
2019-07-23,27.87737440080639
2019-07-24,29.991988679092103
2019-07-25,36.850334791741474
2019-07-26,29.130117763092816
2019-07-27,29.914812569518727
2019-07-28,31.112315214975595
2019-07-29,37.850266309804994
2019-07-30,44.827458061445206
2019-07-31,52.97509455184005
2019-08-01,51.31543184391742
2019-08-02,50.60490717572371
2019-08-03,49.458356724734955
2019-08-04,57.50324570156469
2019-08-05,66.63334396880664
2019-08-06,75.27328949509726
2019-08-07,82.86307899657179
2019-08-08,83.34275832802383
2019-08-09,89.10793583946855
2019-08-10,87.6053115977896
2019-08-11,86.02135477921222
2019-08-12,80.59686676985532
2019-08-13,74.50579558553774
2019-08-14,67.75824353394295
2019-08-15,60.52073119813609
2019-08-16,60.83129352157691
2019-08-17,60.51571985547236
2019-08-18,59.89874949225447
2019-08-19,58.413696419907744
2019-08-20,56.656501242544586
2019-08-21,48.02863575331454
2019-08-22,40.16510988458994
2019-08-23,38.83044720220456
2019-08-24,39.64280089016192
2019-08-25,40.24076761783994
2019-08-26,47.40280823189278
2019-08-27,48.0551427332612
2019-08-28,48.69177611376514
2019-08-29,50.137908402073286
2019-08-30,42.6571193486889
2019-08-31,41.8514949767756
2019-09-01,41.244416127197326
2019-09-02,41.33390427031497
2019-09-03,42.442196715714175
2019-09-04,50.87004243554869
2019-09-05,51.29107604950931
2019-09-06,43.11278015872232
2019-09-07,43.05631418751231
2019-09-08,49.430922395553
2019-09-09,41.12956641840124
2019-09-10,41.11376969420339
2019-09-11,41.45328848504392
2019-09-12,48.67018836514574
2019-09-13,54.85290815013764
2019-09-14,55.43907024417841
2019-09-15,50.23046504628903
2019-09-16,42.901526582271984
2019-09-17,34.57273940680067
2019-09-18,26.693114435895264
2019-09-19,26.11955102385718
2019-09-20,33.634212565299705
2019-09-21,34.02480069644421
2019-09-22,27.550299688859457
2019-09-23,27.969904068727384
2019-09-24,27.05718844988369
2019-09-25,26.70390050664093
2019-09-26,19.599874195046294
2019-09-27,13.10597561193788
2019-09-28,12.181624753999278
2019-09-29,12.287295668965163
2019-09-30,18.85879370594237
2019-10-01,25.138982842086378
2019-10-02,25.81783946669497
2019-10-03,26.979548494135475
2019-10-04,19.80968994214141
2019-10-05,20.182848972372884
2019-10-06,20.46858815381997
2019-10-07,28.338204956940803
2019-10-08,37.086477470480474
2019-10-09,46.878216933586415
2019-10-10,55.67907281314158
2019-10-11,54.685763821271294
2019-10-12,48.019794303795734
2019-10-13,54.18961359569154
2019-10-14,46.761698754242744
2019-10-15,39.63335689907767
2019-10-16,39.18297609374548
2019-10-17,39.12740342313302
2019-10-18,38.752168101514094
2019-10-19,44.54634873876503
2019-10-20,50.87122448209042
2019-10-21,50.443541626065254
2019-10-22,43.245552356986806
2019-10-23,34.265991441002875
2019-10-24,26.52776012352014
2019-10-25,38.07294666530248
2019-10-26,51.92491865479625
2019-10-27,55.831403175430935
2019-10-28,52.19763834647654
2019-10-29,49.45397709494393
2019-10-30,47.236536206828724
2019-10-31,45.16417251403198
2019-11-01,51.0723205670602
2019-11-02,52.44072558986087
2019-11-03,47.352921622849934
2019-11-04,49.17136605381992
2019-11-05,47.617077705419334
2019-11-06,53.20838959223539
2019-11-07,51.879875273974854
2019-11-08,45.450414894864174
2019-11-09,36.40070873130517
2019-11-10,33.906830246626896
2019-11-11,35.16531539481566
2019-11-12,36.22046549773928
2019-11-13,42.929544579694806
2019-11-14,44.13459626418319
2019-11-15,36.5375239130356
2019-11-16,29.924854172882647
2019-11-17,36.39684110629368
2019-11-18,27.78818788664586
2019-11-19,28.578520221755614
2019-11-20,20.335157508407402
2019-11-21,20.632235226545735
2019-11-22,20.359143277292667
2019-11-23,26.64258458772893
2019-11-24,18.85224277962619
2019-11-25,17.979977221016235
2019-11-26,24.061850733452918
2019-11-27,24.717671792474633
2019-11-28,30.50771640730571
2019-11-29,36.86971135549006
2019-11-30,37.01149527773786
2019-12-01,30.943196141958506
2019-12-02,31.648948071821863
2019-12-03,32.51273151320503
2019-12-04,32.64112520961555
2019-12-05,39.107195424957595
2019-12-06,47.183815190591986
2019-12-07,46.28944667030661
2019-12-08,54.086110092084226
2019-12-09,58.75603959626871
2019-12-10,51.36177500077338
2019-12-11,43.4312594718838
2019-12-12,35.80457756689296
2019-12-13,34.86082519363507
2019-12-14,35.01691559328515
2019-12-15,35.397358787167015
2019-12-16,35.081970727805185
2019-12-17,34.28204049565513
2019-12-18,44.82014394560884
2019-12-19,46.10859868328299
2019-12-20,38.65639907808394
2019-12-21,32.42598205542526
2019-12-22,34.216409395647915
2019-12-23,42.72594007139555
2019-12-24,42.01709308371315
2019-12-25,41.28462274368917
2019-12-26,40.74967132798345
2019-12-27,41.82532606064247
2019-12-28,47.9797577530799
2019-12-29,54.065866645213745
2019-12-30,53.46901613791475
2019-12-31,53.411408853138084
2020-01-01,45.76564291001809
2020-01-02,38.33185113776653
2020-01-03,46.47890844064103
2020-01-04,52.447205225890116
2020-01-05,51.942089146747364
2020-01-06,51.319897199595765
2020-01-07,59.964686589686664
2020-01-08,68.15906198150363
2020-01-09,67.45916078339941
2020-01-10,68.29832319300941
2020-01-11,68.91881676963224
2020-01-12,69.1617068031928
2020-01-13,75.84050307560251
2020-01-14,83.2752372481498
2020-01-15,88.88799395760417
2020-01-16,85.32529544867174
2020-01-17,85.85735836252678
2020-01-18,86.48553510420388
2020-01-19,78.6514046652033
2020-01-20,72.66497823089321
2020-01-21,72.49890177177896
2020-01-22,72.02523941612658
2020-01-23,71.46986301268726
2020-01-24,65.50376453708398
2020-01-25,60.412836710581175
2020-01-26,60.43982716839496
2020-01-27,61.21008844139503
2020-01-28,60.443038529697425
2020-01-29,59.68708214835027
2020-01-30,67.8985005747833
2020-01-31,59.449240071667084
2020-02-01,58.905676601594706
2020-02-02,59.15017038945534
2020-02-03,66.51937953567251
2020-02-04,59.300313561138964
2020-02-05,60.837615069827756
2020-02-06,68.113067824119
2020-02-07,74.42023485436694
2020-02-08,79.55375297520669
2020-02-09,80.3694931957477
2020-02-10,72.11736164147321
2020-02-11,72.50104108940069
2020-02-12,73.45901147941962
2020-02-13,64.09111293031248
2020-02-14,61.93190423425754
2020-02-15,54.91252496877971
2020-02-16,53.459129480895974
2020-02-17,46.66822039369885
2020-02-18,53.33799289433109
2020-02-19,46.43697474637925
2020-02-20,39.723236538431216
2020-02-21,40.30924070590132
2020-02-22,34.50417921939224
2020-02-23,35.007016032812324
2020-02-24,34.73738070209339
2020-02-25,28.368718500647173
2020-02-26,20.971088688429518
2020-02-27,21.351030105494193
2020-02-28,21.55698409992821
2020-02-29,22.04349646029023
2020-03-01,22.53544648366427
2020-03-02,29.564714456902447
2020-03-03,28.294507383269956
2020-03-04,29.125843079290135
2020-03-05,36.33768781002609
2020-03-06,36.0473647540769
2020-03-07,36.18914110296352
2020-03-08,28.7905656344472
2020-03-09,29.163462293355057
2020-03-10,36.25666961216971
2020-03-11,37.36737091207987
2020-03-12,37.985456307256385
2020-03-13,38.017705743230685
2020-03-14,43.1108223642096
2020-03-15,48.32759359411968
2020-03-16,41.40085503591205
2020-03-17,39.003503722107666
2020-03-18,44.832186525372975
2020-03-19,44.081694813184455
2020-03-20,43.68298108775974
2020-03-21,44.38400291417472
2020-03-22,45.46397842927085
2020-03-23,54.107367558014396
2020-03-24,53.92055750648497
2020-03-25,61.926686646005905
2020-03-26,63.334236435083135
2020-03-27,66.1376050533615
2020-03-28,60.22318419497705
2020-03-29,55.21561436695246
2020-03-30,61.69578555895896
2020-03-31,61.809573796853
2020-04-01,62.4828307493687
2020-04-02,62.72452284744776
2020-04-03,54.46056249208251
2020-04-04,61.430514208455655
2020-04-05,62.139303072747055
2020-04-06,62.615990200103276
2020-04-07,62.61811571636353
2020-04-08,62.34707166023643
2020-04-09,62.041039202968165
2020-04-10,60.705061772255576
2020-04-11,60.78617921985586
2020-04-12,66.28007947209608
2020-04-13,59.43699739536772
2020-04-14,59.687987330450966
2020-04-15,53.302274748872826
2020-04-16,53.29137590547089
2020-04-17,57.42883753385571
2020-04-18,54.41029137078719
2020-04-19,61.00805899476263
2020-04-20,51.759040607939944
2020-04-21,42.87672273376171
2020-04-22,42.13048612906413
2020-04-23,51.60451114711345
2020-04-24,60.95655332124156
2020-04-25,68.39247523555693
2020-04-26,68.4310538910062
2020-04-27,77.14453781394639
2020-04-28,77.32214196619613
2020-04-29,85.66452801436341
2020-04-30,86.71798855772734
2020-05-01,78.38792787336753
2020-05-02,80.14015692737959
2020-05-03,80.98470644608467
2020-05-04,78.59654343511096
2020-05-05,83.86122690745178
2020-05-06,84.55397794677552
2020-05-07,85.33347124961398
2020-05-08,85.9818367337051
2020-05-09,78.77178676192342
2020-05-10,70.70853785479736
2020-05-11,63.94932859298434
2020-05-12,64.56673426200608
2020-05-13,64.04243299452828
2020-05-14,63.742102914035485
2020-05-15,63.10139093651069
2020-05-16,57.68640670831056
2020-05-17,57.44124249892488
2020-05-18,63.80354633436428
2020-05-19,57.78431469021727
2020-05-20,51.48107409768511
2020-05-21,43.63438911093235
2020-05-22,36.60652111244734
2020-05-23,42.454801508553665
2020-05-24,44.63598317481344
2020-05-25,46.54314907801433
2020-05-26,45.39135203824252
2020-05-27,44.05931615828014
2020-05-28,41.44048437829848
2020-05-29,49.655679485976094
2020-05-30,56.9368081493796
2020-05-31,49.68642813949169
2020-06-01,49.017499524672274
2020-06-02,49.02032276967784
2020-06-03,50.308583096870876
2020-06-04,57.80759034036029
2020-06-05,58.43165956071974
2020-06-06,52.876421427454176
2020-06-07,53.54092019622117
2020-06-08,59.88415969836469
2020-06-09,59.56531675889723
2020-06-10,59.0947122028212
2020-06-11,51.06315036407455
2020-06-12,43.9325830261614
2020-06-13,41.57686779895035
2020-06-14,42.6201641443559
2020-06-15,33.40722890287603
2020-06-16,41.76685355232995
2020-06-17,42.432833877358505
2020-06-18,35.27033251805938
2020-06-19,35.81067722231373
2020-06-20,36.273661475814585
2020-06-21,42.57719151259098
2020-06-22,42.41175424586411
2020-06-23,40.991485544037566
2020-06-24,32.71167861939675
2020-06-25,34.18367812997614
2020-06-26,34.789317240117526
2020-06-27,28.318219757735903
2020-06-28,34.211516696700535
2020-06-29,41.975871026098474
2020-06-30,34.217563675623865
2020-07-01,41.36126633161926
2020-07-02,41.6875669639777
2020-07-03,42.90817277097272
2020-07-04,49.10521481872445
2020-07-05,42.93955808488103
2020-07-06,41.96830774371817
2020-07-07,40.967746055146556
2020-07-08,49.86492782100088
2020-07-09,49.96780087807188
2020-07-10,50.287681963769295
2020-07-11,57.288469741681794
2020-07-12,57.31643979791801
2020-07-13,49.48905404242062
2020-07-14,48.928013727035776
2020-07-15,41.71229991247919
2020-07-16,41.82992568946281
2020-07-17,41.66053555973124
2020-07-18,41.66483594337066
2020-07-19,41.63424191075132
2020-07-20,40.47439590668579
2020-07-21,41.641611475265314
2020-07-22,40.817212089658575
2020-07-23,49.31497611149269
2020-07-24,49.25511031367875
2020-07-25,50.18401727900993
2020-07-26,51.78830704234421
2020-07-27,63.20104348103679
2020-07-28,72.09451707309623
2020-07-29,79.03718834148984
2020-07-30,75.87037647437351
2020-07-31,81.45848998871654
2020-08-01,82.61630475073997
2020-08-02,77.69035042951717
2020-08-03,71.54847179637805
2020-08-04,65.1386066078526
2020-08-05,66.38003277715484
2020-08-06,67.32042023891378
2020-08-07,65.32475131419952
2020-08-08,65.74136445447513
2020-08-09,60.380241851578695
2020-08-10,59.6394318972144
2020-08-11,51.25070501302289
2020-08-12,51.45929862591265
2020-08-13,58.94713078068866
2020-08-14,59.23938875164636
2020-08-15,51.69229657271279
2020-08-16,52.62637366911096
2020-08-17,59.94569518907531
2020-08-18,58.78169136305178
2020-08-19,51.505210853677106
2020-08-20,51.05129752027444
2020-08-21,50.94024323499298
2020-08-22,45.345495674583205
2020-08-23,50.66582027599289
2020-08-24,49.814177818817654
2020-08-25,49.9465304485835
2020-08-26,42.84229917761132
2020-08-27,35.037773808229225
2020-08-28,33.982906118123395
2020-08-29,40.20451128824617
2020-08-30,46.68336183156572
2020-08-31,45.44854791211598
2020-09-01,54.43066531960669
2020-09-02,53.91224197206257
2020-09-03,45.99497286689191
2020-09-04,45.55415120779802
2020-09-05,42.967010328005486
2020-09-06,36.03831583925541
2020-09-07,29.424686599744
2020-09-08,29.15716774038159
2020-09-09,35.01890294153738
2020-09-10,45.09891108062707
2020-09-11,38.10589193333252
2020-09-12,40.37196658297746
2020-09-13,34.71142517196547
2020-09-14,36.142308698747655
2020-09-15,36.4644881736269
2020-09-16,42.75050883589325
2020-09-17,42.132244839323576
2020-09-18,47.73801759716989
2020-09-19,54.587763450832504
2020-09-20,55.77260874436523
2020-09-21,56.20145426929973
2020-09-22,57.25854729985558
2020-09-23,52.30529733673502
2020-09-24,48.94661071034702
2020-09-25,56.92686435182473
2020-09-26,54.95144887146689
2020-09-27,62.447481929129836
2020-09-28,61.16706497595874
2020-09-29,53.792140766644295
2020-09-30,46.06251111181734
2020-10-01,47.7552190001483
2020-10-02,39.889696361721974
2020-10-03,38.610416023655496
2020-10-04,45.36576522546282
2020-10-05,53.40943477948038
2020-10-06,53.588792362404334
2020-10-07,54.45866110199616
2020-10-08,54.370051850938296
2020-10-09,50.73878930967184
2020-10-10,47.13329969923596
2020-10-11,47.79115404873597
2020-10-12,42.55246036014063
2020-10-13,46.777336885564814
2020-10-14,52.01056932447339
2020-10-15,66.35818750482792
2020-10-16,64.82828259889392
2020-10-17,54.97954673351912
2020-10-18,55.461715457717695
2020-10-19,56.892180234799106
2020-10-20,69.66822527482908
2020-10-21,80.86187010211748
2020-10-22,82.27822300832169
2020-10-23,72.79156926802428
2020-10-24,75.23732935532841
2020-10-25,75.86412230437315
2020-10-26,68.64707303322223
2020-10-27,71.82377559889943
2020-10-28,64.90935240857195
2020-10-29,54.116582981447216
2020-10-30,60.33784364157666
2020-10-31,65.47630797063543
2020-11-01,60.51712509234235
2020-11-02,54.51873320872186
2020-11-03,54.84793618526924
2020-11-04,54.4145289868596
2020-11-05,55.655835258124334
2020-11-06,63.16489152905772
2020-11-07,56.38891136567311
2020-11-08,56.9572109198502
2020-11-09,63.42739669506163
2020-11-10,57.331218363884204
2020-11-11,64.30201666690148
2020-11-12,74.64154258926824
2020-11-13,75.03072980769626
2020-11-14,68.54648807331967
2020-11-15,68.12603599145028
2020-11-16,74.68243463121125
2020-11-17,75.62586360852865
2020-11-18,76.87665956725338
2020-11-19,68.28025496105917
2020-11-20,68.53100027906108
2020-11-21,76.11767198388208
2020-11-22,67.90353428110679
2020-11-23,68.89896449859883
2020-11-24,75.2446176222653
2020-11-25,76.19810257334616
2020-11-26,66.61941152596042
2020-11-27,60.51564975528749
2020-11-28,65.3558543223834
2020-11-29,69.61642891821812
2020-11-30,70.73723785606076
2020-12-01,62.88579958559731
2020-12-02,55.77926244685345
2020-12-03,61.69716108807326
2020-12-04,55.594993179307565
2020-12-05,49.75111460021655
2020-12-06,55.77388564919127
2020-12-07,49.430584874969384
2020-12-08,41.29929758445976
2020-12-09,33.38846588172993
2020-12-10,35.67810422700061
2020-12-11,36.33697507743836
2020-12-12,35.094155267192264
2020-12-13,34.51739967020401
2020-12-14,30.523041542152228
2020-12-15,39.131862538916785
2020-12-16,49.9591151368639
2020-12-17,55.66171198701162
2020-12-18,64.1939789810509
2020-12-19,71.18591497282434
2020-12-20,72.3841843957661
2020-12-21,68.6105436599595
2020-12-22,75.36748991789761
2020-12-23,82.1627327919467
2020-12-24,86.84953246570855
2020-12-25,91.46430400225576
2020-12-26,92.01179852664072
2020-12-27,92.72654751850511
2020-12-28,93.14620488401371
2020-12-29,93.44464672136019
2020-12-30,93.65622116935836
2020-12-31,93.55425817208771
2021-01-01,93.65727952028958
2021-01-02,94.09298370840699
2021-01-03,94.61025077145574
2021-01-04,87.91004181845801
2021-01-05,88.55674959735602
2021-01-06,89.27760206547302
2021-01-07,90.23033122661278
2021-01-08,91.08235770152291
2021-01-09,91.45395523919817
2021-01-10,81.88939043639712
2021-01-11,70.86946911748824
2021-01-12,64.72385759860023
2021-01-13,65.72041369575331
2021-01-14,66.73578915969263
2021-01-15,61.41197576851597
2021-01-16,55.95897648954501
2021-01-17,50.21554298884886
2021-01-18,56.03041172527434
2021-01-19,55.883726894032804
2021-01-20,49.10797955563957
2021-01-21,41.16300916639002
2021-01-22,32.363851948590536
2021-01-23,30.51625571176169
2021-01-24,31.94474213529724
2021-01-25,40.93889974654294
2021-01-26,41.81798979996284
2021-01-27,34.066902031920186
2021-01-28,34.071320858373326
2021-01-29,45.712725838704976
2021-01-30,45.5550609851144
2021-01-31,45.714762684880355
2021-02-01,46.17519905802178
2021-02-02,46.36418657564804
2021-02-03,53.78962285239295
2021-02-04,61.826099246924294
2021-02-05,69.50841274262014
2021-02-06,70.69670933295635
2021-02-07,68.62036679354183
2021-02-08,70.77209328230082
2021-02-09,77.70262152358754
2021-02-10,73.74287998537523
2021-02-11,74.60448037047776
2021-02-12,74.30676207769079
2021-02-13,72.35337422072584
2021-02-14,77.46271140796632
2021-02-15,70.11947075501186
2021-02-16,71.11994015110884
2021-02-17,72.24455461327432
2021-02-18,72.31651570802016
2021-02-19,73.0044229121607
2021-02-20,73.53957305861181
2021-02-21,78.6917744989993
2021-02-22,69.40318648384128
2021-02-23,60.044101187238766
2021-02-24,60.977466412046944
2021-02-25,54.87367358278773
2021-02-26,38.2288191123141
2021-02-27,42.37811168525679
2021-02-28,37.47200237586364
2021-03-01,42.454650026259024
2021-03-02,41.02552688001704
2021-03-03,39.526340987510586
2021-03-04,34.89706729268075
2021-03-05,29.435651559873065
2021-03-06,26.61489644670589
2021-03-07,25.525898769550377
2021-03-08,31.670786540797963
2021-03-09,39.00165031081757
2021-03-10,45.564893161863864
2021-03-11,51.63658406252636
2021-03-12,79.46213510999544
2021-03-13,80.28177129208342
2021-03-14,86.83193718913115
2021-03-15,77.39855963324585
2021-03-16,69.58517909763879
2021-03-17,70.16973722104208
2021-03-18,69.11212817847388
2021-03-19,75.136804225088
2021-03-20,75.89047559694596
2021-03-21,69.50351143360398
2021-03-22,62.84449296701556
2021-03-23,56.217833139022524
2021-03-24,48.400906134984815
2021-03-25,41.00454186204401
2021-03-26,40.85886384040437
2021-03-27,39.53687868811252
2021-03-28,39.5742920890718
2021-03-29,47.507632534150765
2021-03-30,54.922381246622805
2021-03-31,55.323705983773785
2021-04-01,62.92133253467915
2021-04-02,63.44528427654147
2021-04-03,56.26469914564708
2021-04-04,56.296014134480124
2021-04-05,63.50518162636425
2021-04-06,62.46377064829005
2021-04-07,61.84254686567292
2021-04-08,68.96464141683414
2021-04-09,68.74199663866365
2021-04-10,69.3001770229321
2021-04-11,69.37527296759379
2021-04-12,69.26783349071175
2021-04-13,70.01247262047879
2021-04-14,70.63765886709987
2021-04-15,63.05268004949775
2021-04-16,54.19235910040756
2021-04-17,53.60826081685225
2021-04-18,51.094025638970464
2021-04-19,44.506021192150236
2021-04-20,44.57415215448169
2021-04-21,45.64686519961055
2021-04-22,39.29316436668181
2021-04-23,33.283569242601565
2021-04-24,27.579867400706892
2021-04-25,22.73850928793869
2021-04-26,22.64034991761641
2021-04-27,20.195911283122978
2021-04-28,16.631021858167852
2021-04-29,17.095980611698856
2021-04-30,24.21690732526363
2021-05-01,30.528001947357748
2021-05-02,32.97229359261703
2021-05-03,40.7344344705558
2021-05-04,40.768378847210265
2021-05-05,49.15456497716706
2021-05-06,58.51452146951078
2021-05-07,68.53883099389975
2021-05-08,75.24165339544349
2021-05-09,72.5967099534029
2021-05-10,64.2996449396188
2021-05-11,57.44427177190722
2021-05-12,50.35353348319506
2021-05-13,48.033657085463076
2021-05-14,47.86907164124677
2021-05-15,42.577174613880096
2021-05-16,41.89133659875846
2021-05-17,35.81047374834541
2021-05-18,36.73338961330836
2021-05-19,28.498115158802367
2021-05-20,27.84136266123085
2021-05-21,20.40039202637224
2021-05-22,13.125274795014692
2021-05-23,13.432589306745815
2021-05-24,19.504196757684706
2021-05-25,24.97567800179215
2021-05-26,30.91375619109217
2021-05-27,33.378609200329414
2021-05-28,26.738673660163386
2021-05-29,27.645216638910263
2021-05-30,32.313592458651726
2021-05-31,38.44044403316039
2021-06-01,43.8558388965908
2021-06-02,53.50535414166983
2021-06-03,49.780934330988906
2021-06-04,52.85698376595729
2021-06-05,54.70498002602857
2021-06-06,58.85475552463291
2021-06-07,50.578570302813674
2021-06-08,41.304709710471485
2021-06-09,41.05090724688612
2021-06-10,49.1263355918103
2021-06-11,57.85121903930611
2021-06-12,58.53531458724248
2021-06-13,59.415626116429856
2021-06-14,60.033961689651704
2021-06-15,61.193311320686504
2021-06-16,54.48269013911401
2021-06-17,47.86292103095819
2021-06-18,48.41656835423791
2021-06-19,48.851269538670735
2021-06-20,48.27176060563841
2021-06-21,46.98980546281246
2021-06-22,46.51222821301268
2021-06-23,45.551172786188566
2021-06-24,44.29557405456651
2021-06-25,37.63747349906134
2021-06-26,37.89180580657125
2021-06-27,36.86416687840845
2021-06-28,35.087329122951424
2021-06-29,33.29742130172801
2021-06-30,33.88932808925488
2021-07-01,34.146316126556165
2021-07-02,34.18149391188681
2021-07-03,39.2348325214332
2021-07-04,44.991876335275194
2021-07-05,47.15453804604222
2021-07-06,55.51345867386074
2021-07-07,48.053174400681584
2021-07-08,41.167725807194664
2021-07-09,48.38582872095583
2021-07-10,55.18972350415393
2021-07-11,53.54462569080234
2021-07-12,46.38291851285167
2021-07-13,38.563519286913255
2021-07-14,40.10974160886185
2021-07-15,42.13120753993281
2021-07-16,44.18166055982884
2021-07-17,37.579610113939246
2021-07-18,35.95957644971143
2021-07-19,36.901633270347475
2021-07-20,28.84143940217107
2021-07-21,37.31707599594382
2021-07-22,44.95966140986498
2021-07-23,44.00540449040184
2021-07-24,43.81009737059502
2021-07-25,44.052335269482285
2021-07-26,57.18300713267054
2021-07-27,65.21258964127686
2021-07-28,73.13418313324179
2021-07-29,79.26335144065756
2021-07-30,85.7332816037483
2021-07-31,90.48465570158885
2021-08-01,83.3052697461033
2021-08-02,81.20420260556097
2021-08-03,79.5222342919954
2021-08-04,79.6625295038006
2021-08-05,80.6431627488518
2021-08-06,79.69940796376706
