time,ROC_14
2016-01-15,40.25783623333441
2016-01-16,27.558184822998122
2016-01-17,36.97499302411742
2016-01-18,54.341492817373684
2016-01-19,43.544090651434345
2016-01-20,53.328582115722114
2016-01-21,59.15038089995039
2016-01-22,54.314720812182735
2016-01-23,107.46774869470231
2016-01-24,110.13847849211001
2016-01-25,136.59591557904838
2016-01-26,102.18155366954518
2016-01-27,111.11715166954892
2016-01-28,118.40707757089328
2016-01-29,92.7068482133102
2016-01-30,101.41031036730786
2016-01-31,71.07397126097791
2016-02-01,47.81967383002528
2016-02-02,80.8163889364675
2016-02-03,73.68959250708191
2016-02-04,70.46720100539466
2016-02-05,68.71776315789472
2016-02-06,26.67508118238997
2016-02-07,37.91244332412078
2016-02-08,25.65596024360253
2016-02-09,63.55114304501617
2016-02-10,82.3039580853884
2016-02-11,130.5928908473715
2016-02-12,119.90375805732216
2016-02-13,113.82614709060954
2016-02-14,129.89739425134053
2016-02-15,137.736164773891
2016-02-16,74.22090861102294
2016-02-17,50.631631965219384
2016-02-18,71.24344570254932
2016-02-19,78.81156958969278
2016-02-20,70.67301163003899
2016-02-21,59.56919085437591
2016-02-22,75.69437120672869
2016-02-23,44.08551881750493
2016-02-24,42.410522432740485
2016-02-25,3.411717612959464
2016-02-26,7.406155098920997
2016-02-27,20.923300860660298
2016-02-28,26.047958195498477
2016-02-29,22.911656943955517
2016-03-01,76.57738202260262
2016-03-02,123.5327202523382
2016-03-03,112.62368946054093
2016-03-04,117.60750678029628
2016-03-05,147.12177824191195
2016-03-06,137.53003144807622
2016-03-07,69.42041142980464
2016-03-08,74.20607444693401
2016-03-09,89.5503047414827
2016-03-10,83.87922694617195
2016-03-11,89.30831274080693
2016-03-12,110.49309088990267
2016-03-13,120.6557348943499
2016-03-14,94.39275537988536
2016-03-15,73.28790832110805
2016-03-16,49.11535642381264
2016-03-17,19.01386572407442
2016-03-18,8.692934601634118
2016-03-19,-2.319533729528045
2016-03-20,-6.771735169484594
2016-03-21,24.880345730428722
2016-03-22,15.585621090136282
2016-03-23,4.976931570407084
2016-03-24,0.019432991093282226
2016-03-25,-4.196684704030195
2016-03-26,-17.17543754239199
2016-03-27,-27.57043066233268
2016-03-28,-5.316733485169333
2016-03-29,-10.37660997169314
2016-03-30,-6.585646267717793
2016-03-31,2.9878869823974696
2016-04-01,7.270261401849121
2016-04-02,10.70017787137585
2016-04-03,13.370036134862517
2016-04-04,-5.993520422044107
2016-04-05,-7.609449117268918
2016-04-06,-13.551976187857406
2016-04-07,-9.630397080193765
2016-04-08,-8.836427905731858
2016-04-09,-17.208499817567724
2016-04-10,-14.582636840605211
2016-04-11,-25.406285606562896
2016-04-12,-35.879922154651766
2016-04-13,-32.19914488313631
2016-04-14,-25.69889909211983
2016-04-15,-29.430201752028207
2016-04-16,-26.24713457391471
2016-04-17,-19.56320724645717
2016-04-18,-19.220423405962862
2016-04-19,-16.18267768973466
2016-04-20,-20.69164059958244
2016-04-21,-19.227483397202672
2016-04-22,-18.608829554059625
2016-04-23,-7.644812616702657
2016-04-24,-9.738379427669253
2016-04-25,-13.520104134863175
2016-04-26,-0.8342628449730438
2016-04-27,-3.1384220491696424
2016-04-28,-14.21291884023459
2016-04-29,-9.265263573421578
2016-04-30,2.835364826663156
2016-05-01,-5.983332137426212
2016-05-02,12.063576051208113
2016-05-03,7.030513805451477
2016-05-04,10.255942372934058
2016-05-05,19.820154594768557
2016-05-06,18.58412778068108
2016-05-07,11.614607949585952
2016-05-08,18.665497485824755
2016-05-09,24.414961081849327
2016-05-10,26.36594509146648
2016-05-11,27.448203840962893
2016-05-12,39.04861652088076
2016-05-13,42.31159083061782
2016-05-14,16.04358905356442
2016-05-15,13.678743457201481
2016-05-16,10.35545603079655
2016-05-17,30.158285392815465
2016-05-18,42.54484627679687
2016-05-19,48.40560356571484
2016-05-20,45.639068293843636
2016-05-21,49.176166595117806
2016-05-22,49.69761989052823
2016-05-23,42.568073577158394
2016-05-24,35.78965896374691
2016-05-25,26.08813357235862
2016-05-26,24.19387626854801
2016-05-27,5.70881240679515
2016-05-28,16.052449132289425
2016-05-29,24.05942317270293
2016-05-30,14.096254039568512
2016-05-31,15.268277110286398
2016-06-01,4.086721845144381
2016-06-02,-4.605582593851299
2016-06-03,1.7228013235107476
2016-06-04,-2.0201990591808716
2016-06-05,-2.055590961335596
2016-06-06,4.899421029093376
2016-06-07,13.980227685063262
2016-06-08,15.816245033849086
2016-06-09,15.584425063275798
2016-06-10,24.468519091239504
2016-06-11,19.836767140611265
2016-06-12,27.39580518341247
2016-06-13,39.36771510414179
2016-06-14,33.39387828521423
2016-06-15,32.31538246324257
2016-06-16,49.90564462884932
2016-06-17,11.259032129680936
2016-06-18,-17.957008568083012
2016-06-19,-11.5859708182537
2016-06-20,-16.42701685450301
2016-06-21,-10.220413911355186
2016-06-22,-8.808220654931187
2016-06-23,-4.703250484677534
2016-06-24,3.1193089566790233
2016-06-25,0.8389173552667994
2016-06-26,-12.192874652146557
2016-06-27,-20.3916135708059
2016-06-28,-34.953715871714564
2016-06-29,-30.94626966768026
2016-06-30,-39.90613925654163
2016-07-01,-20.56350986784109
2016-07-02,7.566171150499712
2016-07-03,-4.141832213404206
2016-07-04,-2.348244583044634
2016-07-05,-19.393945490042974
2016-07-06,-20.165397562608277
2016-07-07,-26.706039349253885
2016-07-08,-21.098224500288186
2016-07-09,-23.6670955355173
2016-07-10,-20.860047365560963
2016-07-11,-24.896250373659168
2016-07-12,-13.412283940145741
2016-07-13,-17.817789866766574
2016-07-14,-7.388800763647085
2016-07-15,-2.305381773070825
2016-07-16,-3.243526252535256
2016-07-17,-4.670926659875874
2016-07-18,-2.941590556372675
2016-07-19,10.988352772922138
2016-07-20,18.415124114713088
2016-07-21,26.028564797935605
2016-07-22,30.619048314747577
2016-07-23,31.87702767138243
2016-07-24,16.047783918556746
2016-07-25,30.98272801685098
2016-07-26,13.360087812450017
2016-07-27,25.023673042917082
2016-07-28,11.718014097423058
2016-07-29,7.374885082988669
2016-07-30,6.827524453313805
2016-07-31,6.124595087473472
2016-08-01,-0.6825747479829891
2016-08-02,-28.431184275983735
2016-08-03,-15.687479486254663
2016-08-04,-11.65202795756467
2016-08-05,-24.676951605504293
2016-08-06,-23.914676799055435
2016-08-07,-13.343126771482828
2016-08-08,-18.282920003676484
2016-08-09,2.8736998954286053
2016-08-10,-7.403144939389151
2016-08-11,-9.177714952935311
2016-08-12,-8.386201733314136
2016-08-13,-7.521857409743616
2016-08-14,-5.738493658858534
2016-08-15,1.3851496234255523
2016-08-16,33.5542736493369
2016-08-17,2.4598107764624455
2016-08-18,-4.471173150293417
2016-08-19,-3.7633801358635033
2016-08-20,2.7783629882216054
2016-08-21,1.254158126882654
2016-08-22,-1.9694439826357768
2016-08-23,-10.630246962525081
2016-08-24,-8.91728256417047
2016-08-25,-3.130627497519556
2016-08-26,-4.395362318029894
2016-08-27,-3.397439659875501
2016-08-28,-2.2509896797967888
2016-08-29,-1.8042734920526549
2016-08-30,0.815852680960516
2016-08-31,7.4545157501975545
2016-09-01,12.631356664333238
2016-09-02,12.986517176890011
2016-09-03,5.303069750148071
2016-09-04,5.287405259394684
2016-09-05,6.195590917165061
2016-09-06,6.610587400714296
2016-09-07,5.177091745076146
2016-09-08,0.6269981106336031
2016-09-09,3.376598111696638
2016-09-10,8.650844141735202
2016-09-11,5.954806180260763
2016-09-12,8.621704497917015
2016-09-13,6.0875338628871845
2016-09-14,2.7174959716852243
2016-09-15,-1.1448725181970265
2016-09-16,3.8269866502669503
2016-09-17,7.695235383645915
2016-09-18,5.8861402073751234
2016-09-19,10.648249954691735
2016-09-20,25.504576252378275
2016-09-21,18.84965821148079
2016-09-22,15.658828459227191
2016-09-23,14.6581977962297
2016-09-24,6.666705343942825
2016-09-25,12.201289151804296
2016-09-26,8.05870440194061
2016-09-27,9.736994977777623
2016-09-28,11.712936667772777
2016-09-29,9.655596525229093
2016-09-30,5.180984932488997
2016-10-01,3.338431406572462
2016-10-02,6.75491265185757
2016-10-03,3.6287239773912905
2016-10-04,-9.448484610921659
2016-10-05,-4.988462202805932
2016-10-06,-2.4528538910789766
2016-10-07,-5.0793048784732235
2016-10-08,-5.538539335934834
2016-10-09,-7.640203584236915
2016-10-10,-8.465910057524518
2016-10-11,-10.179444149044425
2016-10-12,-11.200597017924785
2016-10-13,-8.946031298959834
2016-10-14,-10.216793043972661
2016-10-15,-9.671795002860684
2016-10-16,-9.953120301818108
2016-10-17,-11.344809473568729
2016-10-18,-5.8229087757594495
2016-10-19,-8.338470855321578
2016-10-20,-6.296212324418571
2016-10-21,-4.795257298297761
2016-10-22,-1.6306202649151613
2016-10-23,-1.0654895583308899
2016-10-24,1.3012122600686515
2016-10-25,-3.724117333755883
2016-10-26,-2.811959486819726
2016-10-27,-4.036206061998115
2016-10-28,-6.523496000672779
2016-10-29,-12.910966146974523
2016-10-30,-6.063409864004409
2016-10-31,-8.287618087835947
2016-11-01,-13.8873341904876
2016-11-02,-9.659572840931263
2016-11-03,-9.89524123813733
2016-11-04,-7.6785091368481435
2016-11-05,-7.4837768568689516
2016-11-06,-8.054693278767077
2016-11-07,-8.474919655631997
2016-11-08,-4.130390796881245
2016-11-09,-7.278387364067795
2016-11-10,-8.32601909251689
2016-11-11,-7.533062800483348
2016-11-12,-5.040931437470464
2016-11-13,-9.95711339584292
2016-11-14,-8.743334158574012
2016-11-15,-5.232388172188129
2016-11-16,-7.490237035414027
2016-11-17,-8.557777944770494
2016-11-18,-14.667151653254319
2016-11-19,-12.941747617187682
2016-11-20,-12.779811093819227
2016-11-21,-12.62516549515713
2016-11-22,-9.255180441435563
2016-11-23,-8.138111868738529
2016-11-24,-12.347713312086906
2016-11-25,-8.514934331652292
2016-11-26,-5.828581505829122
2016-11-27,-11.89045922134021
2016-11-28,-13.33236959412616
2016-11-29,-20.24454475824642
2016-11-30,-14.12176195582332
2016-12-01,-14.914793992037046
2016-12-02,-19.40443602564982
2016-12-03,-18.622820619566717
2016-12-04,-22.05068159420337
2016-12-05,-29.40000525637638
2016-12-06,-21.076154585936713
2016-12-07,-14.655145615771104
2016-12-08,-10.379266994128788
2016-12-09,-9.788087396147738
2016-12-10,-12.781209964751106
2016-12-11,-7.683315105451872
2016-12-12,-1.8490573537029542
2016-12-13,2.9592859520986003
2016-12-14,-4.267623663268161
2016-12-15,-7.61364327808518
2016-12-16,2.428098213713392
2016-12-17,-1.231035116906909
2016-12-18,5.791705856247087
2016-12-19,13.015419150403806
2016-12-20,-1.9469383620821845
2016-12-21,-5.570819592696552
2016-12-22,-8.232759023767677
2016-12-23,-15.607393200222386
2016-12-24,-10.825127512474264
2016-12-25,-12.495603818192846
2016-12-26,-15.031195539540965
2016-12-27,-14.938290609651306
2016-12-28,-7.4791959576002265
2016-12-29,6.272551280711736
2016-12-30,4.599774116006583
2016-12-31,4.226417903152058
2017-01-01,3.420337079687874
2017-01-02,10.099214866708106
2017-01-03,27.17011816515047
2017-01-04,40.288170659572465
2017-01-05,34.82251343498166
2017-01-06,41.284509682323886
2017-01-07,37.031746554276744
2017-01-08,44.95337605934115
2017-01-09,43.15405150353182
2017-01-10,48.570743513648964
2017-01-11,30.809773111258785
2017-01-12,17.701335280874165
2017-01-13,19.3953238744087
2017-01-14,20.3356051859126
2017-01-15,20.708687092150168
2017-01-16,14.742319000187276
2017-01-17,5.632060769557645
2017-01-18,-7.470432852306896
2017-01-19,2.0516861561930666
2017-01-20,5.184773300155698
2017-01-21,10.452855675186722
2017-01-22,2.5434031537695967
2017-01-23,4.187066557574304
2017-01-24,-0.7750391290713199
2017-01-25,5.424101908616952
2017-01-26,8.734934929536099
2017-01-27,7.3483806115574035
2017-01-28,8.027571887305452
2017-01-29,6.317434059967431
2017-01-30,10.045165019392964
2017-01-31,4.514517866566692
2017-02-01,4.696976273424558
2017-02-02,3.7700432198149114
2017-02-03,2.875580670691469
2017-02-04,3.9573674548155857
2017-02-05,5.047949020728648
2017-02-06,4.980634337590195
2017-02-07,8.921939191493578
2017-02-08,8.441111419695858
2017-02-09,3.4258839018513454
2017-02-10,7.9669211558466735
2017-02-11,8.705636194000444
2017-02-12,9.230520579486768
2017-02-13,7.651907664278923
2017-02-14,22.305120855159632
2017-02-15,21.36991910462067
2017-02-16,19.00190743062298
2017-02-17,16.583993183080857
2017-02-18,13.182707399116754
2017-02-19,14.380304236927888
2017-02-20,12.046612063994445
2017-02-21,11.54222267369336
2017-02-22,11.70153113829684
2017-02-23,20.594809374592394
2017-02-24,15.863383503292905
2017-02-25,18.82613567144693
2017-02-26,27.87284004145971
2017-02-27,37.47503547510125
2017-02-28,19.54512991339632
2017-03-01,32.66736423769081
2017-03-02,49.04030152518517
2017-03-03,53.86210510284164
2017-03-04,44.858320751288616
2017-03-05,50.069908268711075
2017-03-06,55.333806161214504
2017-03-07,47.034140073645524
2017-03-08,30.961937529893092
2017-03-09,34.2923231068845
2017-03-10,45.55750528585556
2017-03-11,57.16775496276097
2017-03-12,58.39830309407259
2017-03-13,82.31526590755438
2017-03-14,82.55668528619687
2017-03-15,100.8213013362472
2017-03-16,133.15601378260703
2017-03-17,124.51544995553033
2017-03-18,72.56089339338484
2017-03-19,124.56374227821728
2017-03-20,111.98607132408097
2017-03-21,125.05799849275255
2017-03-22,147.02906422864572
2017-03-23,142.39107559577278
2017-03-24,176.25380283037074
2017-03-25,133.8748737003355
2017-03-26,116.97446086272434
2017-03-27,71.10206438637132
2017-03-28,75.72841238348838
2017-03-29,52.725961439283765
2017-03-30,15.770286001568357
2017-03-31,13.379469087449735
2017-04-01,57.20531035830465
2017-04-02,12.576257114297483
2017-04-03,5.492043426466631
2017-04-04,4.326882742928184
2017-04-05,10.065495346065978
2017-04-06,0.20826346854996292
2017-04-07,-19.922782763810908
2017-04-08,-11.03047816149999
2017-04-09,-12.821530423883088
2017-04-10,-9.938473180027596
2017-04-11,-12.561139833277368
2017-04-12,-12.459820632916074
2017-04-13,-3.7128956749583497
2017-04-14,-5.840557243590938
2017-04-15,-3.082057276146588
2017-04-16,-1.264759930598569
2017-04-17,8.441810645937831
2017-04-18,12.790703243328494
2017-04-19,6.000413252411252
2017-04-20,14.141121909050081
2017-04-21,14.40624550766756
2017-04-22,8.936608760839126
2017-04-23,11.26957821467891
2017-04-24,13.909917287458406
2017-04-25,14.544043314158795
2017-04-26,15.42378778062481
2017-04-27,26.988156992517133
2017-04-28,55.572166650565926
2017-04-29,43.471894314977554
2017-04-30,67.10008324292968
2017-05-01,63.776718095344776
2017-05-02,55.65418659989627
2017-05-03,68.83771374037873
2017-05-04,93.42962800304831
2017-05-05,87.99782718750878
2017-05-06,96.49247798399321
2017-05-07,56.812538531516154
2017-05-08,78.41784557792715
2017-05-09,71.42244610796959
2017-05-10,64.55726977544367
2017-05-11,39.21474445907034
2017-05-12,16.639961319366492
2017-05-13,25.26297934222381
2017-05-14,11.149720519734952
2017-05-15,15.932669873956407
2017-05-16,13.65022459386227
2017-05-17,6.995258524418935
2017-05-18,0.4078066403276015
2017-05-19,36.539050008899096
2017-05-20,30.46534682308284
2017-05-21,92.77189114402023
2017-05-22,71.85737234288116
2017-05-23,96.10613662039383
2017-05-24,117.91713179894852
2017-05-25,104.77292569560674
2017-05-26,92.55191517683394
2017-05-27,76.39360300771682
2017-05-28,93.58150560881518
2017-05-29,113.40467679589948
2017-05-30,158.4162358669436
2017-05-31,163.84570545228155
2017-06-01,130.58933068009364
2017-06-02,77.73074369298925
2017-06-03,79.99196736678923
2017-06-04,66.15837758037864
2017-06-05,61.45842831686097
2017-06-06,56.38150365116565
2017-06-07,33.932153562206956
2017-06-08,42.99128616665677
2017-06-09,69.15168066772495
2017-06-10,121.51206449638048
2017-06-11,98.61066604589683
2017-06-12,100.73830836657712
2017-06-13,69.79227687846812
2017-06-14,49.03652769430153
2017-06-15,54.81473738609719
2017-06-16,59.22445065433466
2017-06-17,64.0771932425152
2017-06-18,42.80210183774793
2017-06-19,44.19354756957925
2017-06-20,32.10412940554055
2017-06-21,24.630524044197124
2017-06-22,23.90853568340947
2017-06-23,17.08247032899186
2017-06-24,-11.648884722689534
2017-06-25,-19.703274052221552
2017-06-26,-34.47134416491717
2017-06-27,-27.416190081089365
2017-06-28,-6.932380030464169
2017-06-29,-14.065281340635538
2017-06-30,-21.490772585761874
2017-07-01,-29.023665823309976
2017-07-02,-18.258178056307106
2017-07-03,-22.729625484579042
2017-07-04,-22.870487916611893
2017-07-05,-16.865223731095757
2017-07-06,-16.70798831267961
2017-07-07,-26.328939517296146
2017-07-08,-19.87501120381172
2017-07-09,-13.857973265064494
2017-07-10,-20.140815292117075
2017-07-11,-31.37517637928561
2017-07-12,-30.650856064349206
2017-07-13,-29.978847627056737
2017-07-14,-28.752371700493995
2017-07-15,-34.70062152006596
2017-07-16,-45.86284316704805
2017-07-17,-31.536118445373663
2017-07-18,-15.076632109409093
2017-07-19,-28.021458833224088
2017-07-20,-15.956463311629888
2017-07-21,-9.971359387349054
2017-07-22,-5.0010200825502
2017-07-23,-3.949034279565622
2017-07-24,10.824773835801672
2017-07-25,5.897225074296553
2017-07-26,-8.130884968000085
2017-07-27,-1.4435452695758189
2017-07-28,-2.919545392429812
2017-07-29,20.765274509660216
2017-07-30,26.850631279797234
2017-07-31,6.098224159100707
2017-08-01,-1.3340423342488972
2017-08-02,13.53129526204484
2017-08-03,-0.03491449391671564
2017-08-04,2.431400970186526
2017-08-05,7.309085020728645
2017-08-06,16.39261126904863
2017-08-07,19.463506498510608
2017-08-08,44.18466032308146
2017-08-09,46.61351405502463
2017-08-10,48.57185388598167
2017-08-11,61.8193838774566
2017-08-12,50.12707077648542
2017-08-13,50.958082663520045
2017-08-14,49.381565663896176
2017-08-15,26.80258404865825
2017-08-16,38.14461454996898
2017-08-17,34.59235890256054
2017-08-18,32.1034382832174
2017-08-19,18.103469077450264
2017-08-20,11.996935317567136
2017-08-21,18.77348708332618
2017-08-22,6.839931281278511
2017-08-23,7.102625685829045
2017-08-24,7.619249126913608
2017-08-25,6.572194285140398
2017-08-26,7.494968557382875
2017-08-27,16.19841784989966
2017-08-28,15.809452424291326
2017-08-29,30.40540853188647
2017-08-30,28.117122408073048
2017-08-31,28.887481727867083
2017-09-01,33.84821817024668
2017-09-02,18.739197199292445
2017-09-03,18.43526135522593
2017-09-04,-2.1882956878365944
2017-09-05,2.2266892393993265
2017-09-06,6.452480178449349
2017-09-07,3.701987471264956
2017-09-08,-6.1213772669250215
2017-09-09,-8.181852510538846
2017-09-10,-12.698680610779789
2017-09-11,-14.195480110123793
2017-09-12,-21.2560618033122
2017-09-13,-28.081017784194316
2017-09-14,-42.017472257029986
2017-09-15,-33.88672066877408
2017-09-16,-26.902349403508662
2017-09-17,-26.433998228738375
2017-09-18,-5.321330718417395
2017-09-19,-11.498468087467684
2017-09-20,-15.850116379122614
2017-09-21,-23.095715647203253
2017-09-22,-14.974327483865302
2017-09-23,-6.596481935161358
2017-09-24,-5.514907319261242
2017-09-25,-1.142024845416434
2017-09-26,-1.7196557827487857
2017-09-27,12.07027073447151
2017-09-28,34.23189412753065
2017-09-29,12.58538273308385
2017-09-30,18.209993158546457
2017-10-01,16.6897986853642
2017-10-02,-0.06975912084620228
2017-10-03,2.4380740959793146
2017-10-04,2.5876392190781194
2017-10-05,14.064568978197967
2017-10-06,16.606356914567154
2017-10-07,9.274232216990796
2017-10-08,8.464908628252111
2017-10-09,0.5307910164213947
2017-10-10,3.092162267907228
2017-10-11,-2.69008304091064
2017-10-12,0.08210896482272467
2017-10-13,15.313062057992033
2017-10-14,12.460098016937327
2017-10-15,10.686505192075213
2017-10-16,12.822559672091739
2017-10-17,8.245738525461267
2017-10-18,7.235858927911942
2017-10-19,4.492284581170769
2017-10-20,-1.060883042849503
2017-10-21,-3.7154317646628465
2017-10-22,-4.5169100340428425
2017-10-23,-3.679525518089477
2017-10-24,-0.20295453509874273
2017-10-25,-1.3485923845032888
2017-10-26,-2.1754692445796087
2017-10-27,-11.615815554393071
2017-10-28,-13.02304972953089
2017-10-29,-9.232539473648893
2017-10-30,-8.44236924088988
2017-10-31,-3.4577200552616927
2017-11-01,-7.268848735604838
2017-11-02,-7.735753646999443
2017-11-03,0.5769655120709816
2017-11-04,0.024126467757557002
2017-11-05,0.49044695391593507
2017-11-06,4.45715767293311
2017-11-07,-1.7302333327852248
2017-11-08,3.98141793254585
2017-11-09,7.8709760091280945
2017-11-10,0.8712432862935326
2017-11-11,7.14677164066837
2017-11-12,0.9331638158599276
2017-11-13,3.063852254137478
2017-11-14,9.665246656537917
2017-11-15,13.8592676615221
2017-11-16,15.871283609306385
2017-11-17,8.637028236239574
2017-11-18,15.79571800809385
2017-11-19,20.12220111972869
2017-11-20,24.018547724624373
2017-11-21,23.672628463951394
2017-11-22,22.913401217079855
2017-11-23,29.906391348532214
2017-11-24,57.99368465198545
2017-11-25,47.65336534352749
2017-11-26,53.747922179375294
2017-11-27,51.37628411040001
2017-11-28,40.00718077261032
2017-11-29,29.705961854697915
2017-11-30,33.03277895571861
2017-12-01,38.91626669696011
2017-12-02,32.35970194083646
2017-12-03,30.47028413021742
2017-12-04,26.339706041008746
2017-12-05,26.82179113542571
2017-12-06,14.026237247676177
2017-12-07,4.041059065719654
2017-12-08,-2.221262481272346
2017-12-09,3.4826848641760666
2017-12-10,-5.8017184542141775
2017-12-11,6.006542869087106
2017-12-12,46.157402044452446
2017-12-13,63.524864420939366
2017-12-14,59.178088668918335
2017-12-15,49.368469400703916
2017-12-16,51.7488504175879
2017-12-17,57.05277731106686
2017-12-18,68.71445305439362
2017-12-19,79.84920163506621
2017-12-20,83.60787131247378
2017-12-21,83.84465670834238
2017-12-22,47.39348740534104
2017-12-23,50.1160500872889
2017-12-24,54.84946456069502
2017-12-25,45.731519269556074
2017-12-26,9.664648831416557
2017-12-27,5.576371858989138
2017-12-28,2.6161864117721256
2017-12-29,8.359541162681271
2017-12-30,2.2863770611060596
2017-12-31,1.772067309379688
2018-01-01,-4.01873720357071
2018-01-02,4.863897197272737
2018-01-03,18.35735807606156
2018-01-04,19.981830617412456
2018-01-05,40.48135948518359
2018-01-06,38.75146952784869
2018-01-07,60.0964255341766
2018-01-08,53.77521515510723
2018-01-09,71.78688128868195
2018-01-10,66.29285180580699
2018-01-11,57.54308897749798
2018-01-12,68.2814295334867
2018-01-13,93.35636526495156
2018-01-14,83.48333424666032
2018-01-15,69.52377493293585
2018-01-16,22.834193819984307
2018-01-17,7.309373329645119
2018-01-18,6.973488134570638
2018-01-19,7.446802600199032
2018-01-20,14.489586525438947
2018-01-21,-5.7545476243611615
2018-01-22,-12.572639674887531
2018-01-23,-23.532481298147435
2018-01-24,-14.990420332516718
2018-01-25,-7.526565891542026
2018-01-26,-17.24129778754935
2018-01-27,-20.822189021948645
2018-01-28,-10.799775923792797
2018-01-29,-9.340024979761264
2018-01-30,-0.8720046006656657
2018-01-31,8.2584708527206
2018-02-01,0.03966886492503541
2018-02-02,-11.370962813578512
2018-02-03,-16.58513366581571
2018-02-04,-19.50608463919351
2018-02-05,-30.1676728763675
2018-02-06,-19.911409376240563
2018-02-07,-27.94174201731018
2018-02-08,-22.534134952989792
2018-02-09,-16.040932440249534
2018-02-10,-22.15047787700396
2018-02-11,-32.93033597308509
2018-02-12,-25.338533232953143
2018-02-13,-20.138412448384923
2018-02-14,-16.03524436705478
2018-02-15,-8.76219903582589
2018-02-16,2.905118386810801
2018-02-17,1.492150302016193
2018-02-18,9.398952670959693
2018-02-19,35.376805203233474
2018-02-20,12.23128750393425
2018-02-21,11.415015656327142
2018-02-22,-0.16992189765094867
2018-02-23,-2.03764252497568
2018-02-24,-1.9644659105519269
2018-02-25,3.378622283485244
2018-02-26,-0.19703267966787452
2018-02-27,4.161716662762749
2018-02-28,-7.5114354274773865
2018-03-01,-6.513491127578441
2018-03-02,-8.941027547976754
2018-03-03,-12.391334647698216
2018-03-04,-5.919320188808563
2018-03-05,-9.194682814844379
2018-03-06,-8.266804652870775
2018-03-07,-10.576459690450058
2018-03-08,-13.349343792256008
2018-03-09,-15.244366478137362
2018-03-10,-17.880306384634824
2018-03-11,-14.751905670348108
2018-03-12,-19.532397198914985
2018-03-13,-21.1588193108203
2018-03-14,-28.072874037108352
2018-03-15,-29.694618408197105
2018-03-16,-29.32924740488033
2018-03-17,-35.52516168027462
2018-03-18,-37.49365640095241
2018-03-19,-35.40012232625409
2018-03-20,-31.601000653319076
2018-03-21,-25.853714520592163
2018-03-22,-22.910740516977278
2018-03-23,-25.88104567211976
2018-03-24,-23.332268910495767
2018-03-25,-27.272558846313554
2018-03-26,-29.69857607751244
2018-03-27,-34.69369165424608
2018-03-28,-27.252270961919557
2018-03-29,-36.947360249988805
2018-03-30,-35.07405792196424
2018-03-31,-28.383111068689114
2018-04-01,-29.76161011177042
2018-04-02,-30.30884151165365
2018-04-03,-25.272222945158653
2018-04-04,-32.08981973174333
2018-04-05,-29.013017261897232
2018-04-06,-31.186446010246737
2018-04-07,-26.77201761496023
2018-04-08,-23.516256008542726
2018-04-09,-19.119811801221164
2018-04-10,-8.233698476829765
2018-04-11,-3.5156297535395398
2018-04-12,28.080165971339955
2018-04-13,26.460971956113255
2018-04-14,27.555275536611013
2018-04-15,40.521449466776915
2018-04-16,33.27773397263205
2018-04-17,20.931740484456363
2018-04-18,38.6930399255099
2018-04-19,48.04843229491489
2018-04-20,66.60073272290978
2018-04-21,57.44731257553208
2018-04-22,55.51199748852773
2018-04-23,62.20036733221597
2018-04-24,70.51697126461734
2018-04-25,42.985144523190996
2018-04-26,34.08497053272328
2018-04-27,30.744872277301095
2018-04-28,35.63326541039133
2018-04-29,29.5601009877728
2018-04-30,30.544933529482044
2018-05-01,33.737512996060914
2018-05-02,30.78455501615178
2018-05-03,37.381141845086965
2018-05-04,27.10841669353734
2018-05-05,34.020698589892895
2018-05-06,26.360613580278013
2018-05-07,16.379796979098593
2018-05-08,6.6189711072028645
2018-05-09,21.770252391595733
2018-05-10,9.692765327833829
2018-05-11,4.7190650109933285
2018-05-12,0.475006717376214
2018-05-13,6.264745228799096
2018-05-14,8.898464605621626
2018-05-15,5.202954563318052
2018-05-16,2.7349897573092807
2018-05-17,-14.174716108258977
2018-05-18,-11.45526376185726
2018-05-19,-14.48769155556846
2018-05-20,-9.082143269762666
2018-05-21,-6.684598237244321
2018-05-22,-14.368430005745104
2018-05-23,-22.731109572660568
2018-05-24,-17.264794478512503
2018-05-25,-14.854067298923512
2018-05-26,-14.799291031677896
2018-05-27,-22.016954537966903
2018-05-28,-29.297679554591948
2018-05-29,-20.180286984485395
2018-05-30,-21.070343284859227
2018-05-31,-13.857585752893954
2018-06-01,-16.55357040037424
2018-06-02,-14.701097305416756
2018-06-03,-13.363222943124331
2018-06-04,-15.470881638421986
2018-06-05,-5.668694626126225
2018-06-06,4.703916556056065
2018-06-07,0.2578644667546204
2018-06-08,3.721763014854873
2018-06-09,1.9966563776121715
2018-06-10,-8.610253532070654
2018-06-11,3.0713675355393377
2018-06-12,-13.134730858337484
2018-06-13,-14.783938658717
2018-06-14,-10.034867007923044
2018-06-15,-15.95091930536845
2018-06-16,-15.966212402702462
2018-06-17,-19.798705798953552
2018-06-18,-12.380778459882059
2018-06-19,-11.546081086888815
2018-06-20,-11.58855216237381
2018-06-21,-12.712275876626244
2018-06-22,-22.855300305964256
2018-06-23,-20.25466044566906
2018-06-24,-12.83159618540708
2018-06-25,-13.256708174513287
2018-06-26,-11.706569915177045
2018-06-27,-6.9081549022292466
2018-06-28,-18.91569831848554
2018-06-29,-10.2287569039483
2018-06-30,-9.168825736958508
2018-07-01,-8.880510199085156
2018-07-02,-7.9057962099339125
2018-07-03,-14.024693026488656
2018-07-04,-12.991560437396144
2018-07-05,-11.13989093141402
2018-07-06,1.1978998394530649
2018-07-07,1.1127379961291206
2018-07-08,6.985930930206674
2018-07-09,2.728098459239181
2018-07-10,0.14690586108672132
2018-07-11,1.057770253695578
2018-07-12,0.9743618654499686
2018-07-13,-1.232491314441031
2018-07-14,-3.9414009104523307
2018-07-15,-0.679589276021153
2018-07-16,0.28904784209584644
2018-07-17,8.16176103879842
2018-07-18,2.849830407897058
2018-07-19,0.2883536127125774
2018-07-20,-4.472660155820341
2018-07-21,-3.859601111272526
2018-07-22,-5.964794058983081
2018-07-23,-4.826128600871882
2018-07-24,10.368413718306302
2018-07-25,5.903350673191032
2018-07-26,9.330809235572367
2018-07-27,8.799764948574218
2018-07-28,7.697885611046185
2018-07-29,4.0538350723761996
2018-07-30,-4.4975227260605655
2018-07-31,-13.543249255969714
2018-08-01,-12.522235696521255
2018-08-02,-12.261009953575163
2018-08-03,-6.771072850708338
2018-08-04,-12.027958401922344
2018-08-05,-10.540721179094115
2018-08-06,-9.706433954889437
2018-08-07,-20.809552020877508
2018-08-08,-25.032407056617657
2018-08-09,-21.23977380387284
2018-08-10,-29.54747592887622
2018-08-11,-30.90369619047869
2018-08-12,-31.903648909414816
2018-08-13,-37.61914528987123
2018-08-14,-36.025223203203126
2018-08-15,-32.903038582792256
2018-08-16,-30.46612118337604
2018-08-17,-24.51813631393206
2018-08-18,-27.308089183728523
2018-08-19,-26.62548628236918
2018-08-20,-32.99659891722552
2018-08-21,-25.78690383895309
2018-08-22,-23.78538622422881
2018-08-23,-24.600749654099918
2018-08-24,-14.806672399234289
2018-08-25,-13.774506847273704
2018-08-26,-14.047504267257093
2018-08-27,-0.06605783500928109
2018-08-28,7.378978108751255
2018-08-29,2.6499113735825253
2018-08-30,-0.6585817232106495
2018-08-31,-10.393673647301116
2018-09-01,-0.16708458114135238
2018-09-02,-2.0918815306546157
2018-09-03,6.2680265986557515
2018-09-04,1.5537741355558854
2018-09-05,-13.28468817853048
2018-09-06,-16.755815621156124
2018-09-07,-23.57431251076102
2018-09-08,-29.370737691169136
2018-09-09,-28.431750785920272
2018-09-10,-30.99242758215369
2018-09-11,-37.86663450995822
2018-09-12,-36.70518353428336
2018-09-13,-25.109643956233263
2018-09-14,-24.987250817971596
2018-09-15,-24.454870485615075
2018-09-16,-25.108417993305633
2018-09-17,-31.814644918804724
2018-09-18,-26.563063551176803
2018-09-19,-10.724324694173193
2018-09-20,-2.3757298841344143
2018-09-21,14.610628269717573
2018-09-22,22.13464725739014
2018-09-23,25.08418725620647
2018-09-24,16.15217133526845
2018-09-25,18.07843711200856
2018-09-26,17.71650253651975
2018-09-27,7.448082470348982
2018-09-28,4.41394269037676
2018-09-29,3.8207123122514286
2018-09-30,5.541883515170332
2018-10-01,16.821401367484068
2018-10-02,7.55085220145888
2018-10-03,4.735164759979327
2018-10-04,-1.2149146806352262
2018-10-05,-8.187017073779934
2018-10-06,-6.872553980990048
2018-10-07,-8.285096435578554
2018-10-08,-0.07494728442229981
2018-10-09,4.017645085813526
2018-10-10,4.002279972399281
2018-10-11,-16.60571882705213
2018-10-12,-12.128164309727607
2018-10-13,-14.99405432248092
2018-10-14,-17.28276237463865
2018-10-15,-10.9049904553994
2018-10-16,-8.725270937782593
2018-10-17,-7.030812854039759
2018-10-18,-9.881072708857186
2018-10-19,-11.630886652310735
2018-10-20,-9.410930729273215
2018-10-21,-9.886463764316522
2018-10-22,-11.704286940711173
2018-10-23,-11.158928493241305
2018-10-24,-10.324214685645995
2018-10-25,4.91307894859101
2018-10-26,3.289325189937431
2018-10-27,2.4295648105456147
2018-10-28,5.397960859436224
2018-10-29,-5.137647209689167
2018-10-30,-4.871675886035643
2018-10-31,-3.2866443783883814
2018-11-01,-0.6453692342366257
2018-11-02,-0.16736966895771754
2018-11-03,-2.1053698985614044
2018-11-04,3.8535436754275842
2018-11-05,3.5269021428911973
2018-11-06,8.445063512720875
2018-11-07,8.095019171527706
2018-11-08,5.393881123958644
2018-11-09,3.7284892300260886
2018-11-10,4.541018087751425
2018-11-11,3.266542090259006
2018-11-12,7.1881247145878735
2018-11-13,4.068734971257237
2018-11-14,-10.271424928107342
2018-11-15,-10.228183025371496
2018-11-16,-13.921990366916337
2018-11-17,-13.122374232770785
2018-11-18,-16.71609440828341
2018-11-19,-29.430751290414435
2018-11-20,-41.90479344945649
2018-11-21,-37.77427030917643
2018-11-22,-40.66593939380505
2018-11-23,-41.63245557550904
2018-11-24,-47.185909104206345
2018-11-25,-45.31436044239998
2018-11-26,-49.12070086741135
2018-11-27,-46.49875185807535
2018-11-28,-31.60100810974502
2018-11-29,-34.426062007226136
2018-11-30,-35.10826563294006
2018-12-01,-32.120437272910216
2018-12-02,-34.315581501300066
2018-12-03,-26.833277922560516
2018-12-04,-14.448827167176514
2018-12-05,-25.028496449529925
2018-12-06,-27.339928682494786
2018-12-07,-24.15158689232192
2018-12-08,-18.531753353996216
2018-12-09,-18.660437611051993
2018-12-10,-15.699379104456169
2018-12-11,-20.00850865753342
2018-12-12,-26.471367859792327
2018-12-13,-26.98151540919247
2018-12-14,-25.570673474902804
2018-12-15,-29.189243678729426
2018-12-16,-27.06312823613224
2018-12-17,-12.651607361556295
2018-12-18,-7.486981193574649
2018-12-19,-1.1699321207887747
2018-12-20,25.625414845936056
2018-12-21,17.022826921965017
2018-12-22,27.186983590737277
2018-12-23,39.46469788051545
2018-12-24,57.12409527867006
2018-12-25,46.79461104451625
2018-12-26,46.65531343817801
2018-12-27,34.20827490349636
2018-12-28,62.74850211797081
2018-12-29,69.13977615918456
2018-12-30,65.18597472514085
2018-12-31,39.37052682618567
2019-01-01,38.7692749463282
2019-01-02,54.50438582947093
2019-01-03,28.906874923375625
2019-01-04,42.32420628666602
2019-01-05,33.907258403310614
2019-01-06,20.237273215096074
2019-01-07,7.105156595153139
2019-01-08,16.520465081220692
2019-01-09,14.826556975460004
2019-01-10,11.227391923813945
2019-01-11,-7.581244603035165
2019-01-12,-11.255976432829307
2019-01-13,-16.66295873361776
2019-01-14,-1.8861289041585128
2019-01-15,-13.527948241144783
2019-01-16,-20.725382101397326
2019-01-17,-16.60137953757026
2019-01-18,-22.13025256385136
2019-01-19,-19.969808678605094
2019-01-20,-24.64087575792002
2019-01-21,-22.898686058085616
2019-01-22,-20.84969268057746
2019-01-23,-22.26589029643099
2019-01-24,-8.353787377689981
2019-01-25,-8.004450515826267
2019-01-26,-7.47150495276575
2019-01-27,-3.049958139376885
2019-01-28,-17.655700868929504
2019-01-29,-13.381548136391153
2019-01-30,-12.049434450777696
2019-01-31,-13.78624170964331
2019-02-01,-10.754674755625249
2019-02-02,-12.079603279606133
2019-02-03,-9.780441981229526
2019-02-04,-8.533700978712988
2019-02-05,-10.036076304550257
2019-02-06,-11.106820337577494
2019-02-07,-11.198927254778479
2019-02-08,2.204206917375906
2019-02-09,2.6633539380315208
2019-02-10,10.512943133102848
2019-02-11,13.305420754445096
2019-02-12,15.927433996976648
2019-02-13,12.092833325666842
2019-02-14,13.184961042938404
2019-02-15,12.871087790129575
2019-02-16,12.189012908614805
2019-02-17,25.26347121254129
2019-02-18,36.20666224938287
2019-02-19,34.86267938479968
2019-02-20,42.359449930437144
2019-02-21,39.01510054494985
2019-02-22,25.15867700511891
2019-02-23,33.38290720260944
2019-02-24,9.552892308049898
2019-02-25,15.199844606043179
2019-02-26,12.32920155925541
2019-02-27,11.025360938183537
2019-02-28,12.59499992534443
2019-03-01,12.050960530561206
2019-03-02,8.532019679662639
2019-03-03,-2.3799336241534186
2019-03-04,-13.360733686998882
2019-03-05,-5.190566668215125
2019-03-06,-6.800525714632821
2019-03-07,-5.19413378647029
2019-03-08,-9.942577577751821
2019-03-09,-13.479001944631019
2019-03-10,-0.11631124999105236
2019-03-11,-4.237645595537353
2019-03-12,-2.232256822544898
2019-03-13,-2.1366535185501356
2019-03-14,-2.5568243166891325
2019-03-15,0.5474960333167633
2019-03-16,6.378027562153998
2019-03-17,6.554218973014114
2019-03-18,9.545024606378805
2019-03-19,1.6361774960494735
2019-03-20,1.0960513869430422
2019-03-21,-1.1428225060598596
2019-03-22,2.606395179158949
2019-03-23,0.130655721747841
2019-03-24,0.14329922206584023
2019-03-25,0.7669968490155998
2019-03-26,0.35281709251018256
2019-03-27,6.162865995921285
2019-03-28,4.590177648517768
2019-03-29,4.989592879838578
2019-03-30,1.0516102005256656
2019-03-31,2.2684693829471136
2019-04-01,3.087971117671562
2019-04-02,19.966060501127547
2019-04-03,15.541364677771563
2019-04-04,17.296794117366844
2019-04-05,22.109701110863366
2019-04-06,21.200766166432206
2019-04-07,28.83206359357231
2019-04-08,35.829297428821235
2019-04-09,32.13589073573275
2019-04-10,27.48230223059003
2019-04-11,20.543501746848026
2019-04-12,15.820047495924538
2019-04-13,15.495928147834782
2019-04-14,18.92477513604469
2019-04-15,13.632251983881494
2019-04-16,0.7224767090813211
2019-04-17,3.8221313338949514
2019-04-18,9.932627247550707
2019-04-19,4.64857492845081
2019-04-20,4.719564352417893
2019-04-21,-2.58968455485572
2019-04-22,-5.096864655309597
2019-04-23,-2.8532264561047738
2019-04-24,-6.949019956933922
2019-04-25,-8.157558006719324
2019-04-26,-7.235586350889134
2019-04-27,-5.119109491357998
2019-04-28,-8.785774431655657
2019-04-29,-4.99027805612533
2019-04-30,-4.03440794404627
2019-05-01,-4.893650740290911
2019-05-02,-8.271199865194411
2019-05-03,-5.158184744686245
2019-05-04,-6.453297801441449
2019-05-05,-4.978066287299865
2019-05-06,0.2932999901008815
2019-05-07,-0.5190758419784336
2019-05-08,2.6744540555952323
2019-05-09,11.973271780704486
2019-05-10,12.592035599545648
2019-05-11,28.177423413784975
2019-05-12,22.141499239797735
2019-05-13,28.37191327127384
2019-05-14,36.43669515199659
2019-05-15,57.411787056360254
2019-05-16,65.44870325824076
2019-05-17,47.09804711417163
2019-05-18,44.93041373696123
2019-05-19,62.22749959057048
2019-05-20,46.695792344294794
2019-05-21,51.02498602824439
2019-05-22,44.22758712112409
2019-05-23,44.39937174570843
2019-05-24,44.48764341363918
2019-05-25,26.19250505060895
2019-05-26,43.3317969881917
2019-05-27,39.21411890840707
2019-05-28,24.291978130038117
2019-05-29,8.1371008793377
2019-05-30,-3.449864157678517
2019-05-31,10.034569549968197
2019-06-01,12.901847896051777
2019-06-02,3.0510641586829035
2019-06-03,-0.5386557785516
2019-06-04,-6.760083136777528
2019-06-05,0.7307635069366603
2019-06-06,0.6705039025849846
2019-06-07,0.5572503362860859
2019-06-08,-2.883018435223339
2019-06-09,-13.885779924769349
2019-06-10,-9.489529017143362
2019-06-11,-9.373298333288405
2019-06-12,-3.590854877704197
2019-06-13,0.4098003999189581
2019-06-14,-0.6791734908500491
2019-06-15,1.4773481603314709
2019-06-16,-0.04390269013251347
2019-06-17,9.02435219587867
2019-06-18,10.1250775067673
2019-06-19,9.174091917409545
2019-06-20,9.959541851063737
2019-06-21,17.834677169021028
2019-06-22,25.910237548072356
2019-06-23,32.68441279354741
2019-06-24,25.55354165908563
2019-06-25,28.629271114824583
2019-06-26,28.64491097057995
2019-06-27,14.834841644650654
2019-06-28,16.876485150002818
2019-06-29,18.38739236357705
2019-06-30,8.083119270139939
2019-07-01,7.3610742556067255
2019-07-02,10.189364032504344
2019-07-03,12.315297721988983
2019-07-04,4.171311377873432
2019-07-05,-2.37213537065023
2019-07-06,-6.73213702322939
2019-07-07,-0.11577647088303333
2019-07-08,1.1386554036800556
2019-07-09,-2.47614208866056
2019-07-10,-13.562617217386064
2019-07-11,-8.757542569630628
2019-07-12,-10.849570798338593
2019-07-13,-15.64725204752544
2019-07-14,-21.026048680025156
2019-07-15,-21.535261515489445
2019-07-16,-31.513798809684467
2019-07-17,-30.16842258239191
2019-07-18,-19.84111139909529
2019-07-19,-23.21528472782619
2019-07-20,-19.70315819062468
2019-07-21,-26.29878972028179
2019-07-22,-30.738775530965967
2019-07-23,-31.12818532705767
2019-07-24,-24.896071418595877
2019-07-25,-17.9033207143923
2019-07-26,-20.48309412103174
2019-07-27,-23.090989909915148
2019-07-28,-8.426141707356106
2019-07-29,-8.560044044760728
2019-07-30,5.541638450797426
2019-07-31,3.3930124522393967
2019-08-01,-4.35157598925191
2019-08-02,-1.5220468429614553
2019-08-03,-3.8308659794352162
2019-08-04,-1.277759026282288
2019-08-05,7.043927971911268
2019-08-06,6.294838864966246
2019-08-07,4.240046235773898
2019-08-08,0.4149419880818739
2019-08-09,-4.352340850402325
2019-08-10,-0.1555249580153517
2019-08-11,2.3051490023950683
2019-08-12,0.062487296985591634
2019-08-13,-0.681776646048804
2019-08-14,-14.538347544911135
2019-08-15,-13.49718298679312
2019-08-16,-14.742348086616042
2019-08-17,-16.3579228710364
2019-08-18,-12.60494014970085
2019-08-19,-12.713252410379837
2019-08-20,-12.852319264297918
2019-08-21,-17.49474511714744
2019-08-22,-13.128062877305291
2019-08-23,-7.241292715468395
2019-08-24,-7.3719005502939865
2019-08-25,-13.654609571394982
2019-08-26,-10.618773789693059
2019-08-27,-10.409675035485533
2019-08-28,-7.085464168053868
2019-08-29,-10.254812809335945
2019-08-30,-9.271307336440849
2019-08-31,-7.205726099911858
2019-09-01,-12.066737559847773
2019-09-02,-11.928388870591156
2019-09-03,-8.887932968248402
2019-09-04,-6.309748356215605
2019-09-05,-8.901305444618835
2019-09-06,-13.04749755163418
2019-09-07,-6.711613640206804
2019-09-08,-2.533133811081645
2019-09-09,-3.8084377777657386
2019-09-10,-3.8994857770485947
2019-09-11,2.8197116594758542
2019-09-12,7.177267611498417
2019-09-13,7.804616840519851
2019-09-14,9.535700159402039
2019-09-15,10.648893336967792
2019-09-16,10.555672799232308
2019-09-17,16.768003565122648
2019-09-18,20.598348648878464
2019-09-19,26.939524756372425
2019-09-20,28.34288683071
2019-09-21,20.872207299430556
2019-09-22,16.214983030063678
2019-09-23,10.9370283102463
2019-09-24,-6.212549038639681
2019-09-25,-4.612087856922753
2019-09-26,-8.024423829869832
2019-09-27,-4.093147463467073
2019-09-28,-7.845910845618698
2019-09-29,-10.340952480815869
2019-09-30,-9.077525751339245
2019-10-01,-15.601701124876467
2019-10-02,-14.231978377553478
2019-10-03,-20.804581091022513
2019-10-04,-18.87308327368974
2019-10-05,-18.24371744877329
2019-10-06,-19.519780105118357
2019-10-07,-10.05092866590731
2019-10-08,7.261020544386043
2019-10-09,14.355602740224693
2019-10-10,15.173919984025574
2019-10-11,3.9168056221552394
2019-10-12,3.7519946164907836
2019-10-13,6.841939676522557
2019-10-14,3.9061539129916723
2019-10-15,2.0651552653758287
2019-10-16,-3.1736308660113566
2019-10-17,0.9136279549095461
2019-10-18,-1.744279006850158
2019-10-19,-2.594821002401815
2019-10-20,3.139674298936823
2019-10-21,-3.758643391396943
2019-10-22,-5.2067620455364505
2019-10-23,-16.941626037591274
2019-10-24,-15.946641593938015
2019-10-25,0.14359805696411154
2019-10-26,-0.3322999707512597
2019-10-27,1.7070636924355842
2019-10-28,-1.9871232482306267
2019-10-29,5.850550812444255
2019-10-30,4.7323040448821185
2019-10-31,3.027238034677149
2019-11-01,5.909810403872862
2019-11-02,6.634478339826155
2019-11-03,3.8354071271755608
2019-11-04,6.794590638022213
2019-11-05,10.484288779894735
2019-11-06,18.740661675004656
2019-11-07,15.988972768781196
2019-11-08,1.587683670158202
2019-11-09,2.9167370751634003
2019-11-10,2.423232322851665
2019-11-11,0.8777351446723536
2019-11-12,-2.2284535886828327
2019-11-13,2.595171358109205
2019-11-14,1.2804304604323802
2019-11-15,-1.8392435104973681
2019-11-16,-0.3888833078880882
2019-11-17,1.057019290950878
2019-11-18,-4.285260886224485
2019-11-19,-7.283718260527284
2019-11-20,-8.95136732267785
2019-11-21,-13.943480618085735
2019-11-22,-18.61681776390406
2019-11-23,-17.644392468043424
2019-11-24,-25.109608226210632
2019-11-25,-20.527513545423858
2019-11-26,-20.707191149897277
2019-11-27,-18.499395298760145
2019-11-28,-18.269587789735475
2019-11-29,-14.297199964123585
2019-11-30,-16.606169179531026
2019-12-01,-17.651970208843103
2019-12-02,-16.291851004073553
2019-12-03,-15.94311219236053
2019-12-04,-16.46265794757734
2019-12-05,-7.9052022973918445
2019-12-06,-0.7183891798105413
2019-12-07,-3.158898426609269
2019-12-08,6.541900291976299
2019-12-09,0.5548859596543831
2019-12-10,-1.518503920091241
2019-12-11,-6.6023023181506435
2019-12-12,-4.156130367074984
2019-12-13,-6.260084431698376
2019-12-14,-6.692554210613588
2019-12-15,-5.995287263666116
2019-12-16,-11.185797230867268
2019-12-17,-17.603762068986907
2019-12-18,-8.794645817860436
2019-12-19,-13.6313505304831
2019-12-20,-13.774443969556572
2019-12-21,-13.841324995798598
2019-12-22,-12.449051093483131
2019-12-23,-13.273023816235806
2019-12-24,-12.381856475242836
2019-12-25,-12.750178190346805
2019-12-26,-13.421688393128084
2019-12-27,-12.73729039672945
2019-12-28,-9.732517904431337
2019-12-29,-5.386546477614185
2019-12-30,-0.8252866999194364
2019-12-31,5.7652858074569435
2020-01-01,-2.1972694513348046
2020-01-02,-0.8714233444462205
2020-01-03,4.354476986875677
2020-01-04,5.470782428927667
2020-01-05,2.2124019290133745
2020-01-06,12.654696823583977
2020-01-07,12.214431982495476
2020-01-08,12.805357101776217
2020-01-09,9.708232927367444
2020-01-10,13.954306624914835
2020-01-11,11.565721626381498
2020-01-12,8.027289809919157
2020-01-13,9.614592906416753
2020-01-14,29.20907458022142
2020-01-15,27.615292280200766
2020-01-16,29.449852454634716
2020-01-17,27.827669490144036
2020-01-18,30.603895779234747
2020-01-19,23.56581145710979
2020-01-20,15.930810681545161
2020-01-21,18.096266675680607
2020-01-22,18.93396173688391
2020-01-23,17.95461090201571
2020-01-24,12.836961314270212
2020-01-25,12.373725338242881
2020-01-26,14.927752484751489
2020-01-27,18.083560060898286
2020-01-28,5.557557366058585
2020-01-29,5.319744503316581
2020-01-30,12.315424857625468
2020-01-31,5.337679382397331
2020-02-01,4.8479396427121735
2020-02-02,12.954044013391442
2020-02-03,13.427532890583937
2020-02-04,11.293260506499925
2020-02-05,22.42968210255052
2020-02-06,31.261842184401335
2020-02-07,37.35987002831174
2020-02-08,39.52862523081735
2020-02-09,36.67639715291833
2020-02-10,31.897923833090182
2020-02-11,35.58575262625916
2020-02-12,52.65306605544351
2020-02-13,45.416655486197314
2020-02-14,58.095496451631945
2020-02-15,44.3834309347324
2020-02-16,38.604730464203655
2020-02-17,40.808027037535055
2020-02-18,50.61079758753313
2020-02-19,27.27713791577211
2020-02-20,21.50918728438431
2020-02-21,19.31514384721971
2020-02-22,16.87253916876561
2020-02-23,20.358556654500237
2020-02-24,17.94742844004551
2020-02-25,4.581365021868589
2020-02-26,-15.354577824029903
2020-02-27,-15.503873832347415
2020-02-28,-19.715831426137363
2020-02-29,-16.953137438708087
2020-03-01,-16.277423169733307
2020-03-02,-13.282898770762696
2020-03-03,-20.905760843927933
2020-03-04,-14.141906783925373
2020-03-05,-11.915880686354685
2020-03-06,-8.115233162321712
2020-03-07,-9.055324538826437
2020-03-08,-26.26146815388236
2020-03-09,-24.29048472946337
2020-03-10,-19.186687014845425
2020-03-11,-13.943125181804927
2020-03-12,-51.268230146453206
2020-03-13,-41.06893056135101
2020-03-14,-44.5357206781628
2020-03-15,-43.3937162930211
2020-03-16,-52.27012202868644
2020-03-17,-47.48457778040854
2020-03-18,-47.49936224118964
2020-03-19,-39.7061898601224
2020-03-20,-46.16617025655705
2020-03-21,-44.336841351851405
2020-03-22,-39.61409570711687
2020-03-23,-32.25629542415086
2020-03-24,-30.5879834370836
2020-03-25,-29.93291386295863
2020-03-26,25.63262468895422
2020-03-27,-0.8002159893461092
2020-03-28,7.331054051946895
2020-03-29,1.1506722611489328
2020-03-30,20.438109789747006
2020-03-31,13.350490048364549
2020-04-01,15.440981129754716
2020-04-02,2.7623126340697635
2020-04-03,7.750861359342687
2020-04-04,8.923480122681626
2020-04-05,16.767586392097144
2020-04-06,25.09035420610224
2020-04-07,17.790412964399827
2020-04-08,27.333210194661085
2020-04-09,22.852461746128604
2020-04-10,17.855098106414992
2020-04-11,20.914561506171083
2020-04-12,28.335926939979885
2020-04-13,18.28132719687261
2020-04-14,19.09848069102571
2020-04-15,12.584268915621543
2020-04-16,22.54218913010757
2020-04-17,21.52374909219137
2020-04-18,30.32718550353586
2020-04-19,26.75909411574655
2020-04-20,0.8278057102774072
2020-04-21,4.428263770581586
2020-04-22,5.359087913550176
2020-04-23,9.02184418521259
2020-04-24,19.086721014382245
2020-04-25,22.314703375746593
2020-04-26,22.666227728576892
2020-04-27,25.04289029428668
2020-04-28,24.1879022148785
2020-04-29,40.818794183426775
2020-04-30,19.60706401162724
2020-05-01,23.50396284029643
2020-05-02,13.834743844035424
2020-05-03,15.924312335295078
2020-05-04,21.020625827659334
2020-05-05,19.474216274217238
2020-05-06,11.038488463646345
2020-05-07,14.72943038158756
2020-05-08,13.213433668814067
2020-05-09,8.76726862020627
2020-05-10,-4.830932473010119
2020-05-11,-5.519953838919378
2020-05-12,-3.8730399906765967
2020-05-13,-7.17134650288993
2020-05-14,-1.6202191725776416
2020-05-15,-8.270104024420444
2020-05-16,-6.2176545662633975
2020-05-17,-1.4365225316700703
2020-05-18,3.7621585832898985
2020-05-19,4.360998389975523
2020-05-20,3.4866599413732935
2020-05-21,-6.607517516900674
2020-05-22,-2.51841834190647
2020-05-23,-1.8354530851914075
2020-05-24,7.909578128090811
2020-05-25,10.00287293198392
2020-05-26,5.817152758126687
2020-05-27,3.7811623533366756
2020-05-28,7.7853240278805025
2020-05-29,13.152206612766705
2020-05-30,21.28905728367252
2020-05-31,11.76953074717253
2020-06-01,15.984672500706655
2020-06-02,10.924663183609207
2020-06-03,16.267190964668732
2020-06-04,22.486807941308285
2020-06-05,16.057523336322443
2020-06-06,16.97073529228874
2020-06-07,20.75753721677438
2020-06-08,20.400215662444253
2020-06-09,21.639722156598285
2020-06-10,19.37699399948727
2020-06-11,5.253854043673911
2020-06-12,7.417908511910554
2020-06-13,-2.2506627872189378
2020-06-14,0.2995236383951383
2020-06-15,-7.177403025398432
2020-06-16,-0.8613772255226748
2020-06-17,-4.200432317877523
2020-06-18,-5.055111851932259
2020-06-19,-4.7998872997060404
2020-06-20,-5.4127285818917015
2020-06-21,-6.87670454154804
2020-06-22,-1.1170323054702558
2020-06-23,-0.5750190994194049
2020-06-24,-5.200190729881604
2020-06-25,0.6569904031215046
2020-06-26,-3.149012655754413
2020-06-27,-7.304353846938582
2020-06-28,-3.3143390495531166
2020-06-29,-1.374363344858387
2020-06-30,-4.003573048405229
2020-07-01,-1.0877469851070964
2020-07-02,-2.0012845375258714
2020-07-03,-1.608269000901763
2020-07-04,-0.02339628567462615
2020-07-05,0.03877099603462053
2020-07-06,-0.8394336608389175
2020-07-07,-1.6086653267928908
2020-07-08,5.118886905249709
2020-07-09,3.9714058491588045
2020-07-10,4.936796113881403
2020-07-11,8.431194219077142
2020-07-12,7.5146455407551604
2020-07-13,4.958343790199193
2020-07-14,6.608134449165992
2020-07-15,3.130282898850667
2020-07-16,3.020786615575166
2020-07-17,3.441409100186199
2020-07-18,3.07762381734753
2020-07-19,5.135071741370623
2020-07-20,-1.997613114460317
2020-07-21,2.609546199578272
2020-07-22,7.030774753927971
2020-07-23,13.892713138846414
2020-07-24,16.1279664580388
2020-07-25,27.619376242230143
2020-07-26,28.896647667437936
2020-07-27,35.0598689787947
2020-07-28,32.15471216126109
2020-07-29,33.41053164083163
2020-07-30,43.85123171661256
2020-07-31,48.67373450071422
2020-08-01,64.12446484475072
2020-08-02,55.49112413833994
2020-08-03,63.09263982294328
2020-08-04,59.29130120810267
2020-08-05,51.628484243593164
2020-08-06,43.154739724174654
2020-08-07,35.877033345616226
2020-08-08,28.47328456551399
2020-08-09,25.123196540842162
2020-08-10,22.328712564017028
2020-08-11,19.211577623036046
2020-08-12,21.753642964412666
2020-08-13,26.44192690062921
2020-08-14,26.545980512577216
2020-08-15,11.731655177051703
2020-08-16,16.325001752211076
2020-08-17,12.28408532268308
2020-08-18,8.366156689265747
2020-08-19,1.5672024440256616
2020-08-20,5.6507829698903445
2020-08-21,1.8169879211660245
2020-08-22,0.9053785374523393
2020-08-23,0.7103210707507746
2020-08-24,3.384947204869282
2020-08-25,1.185306341485326
2020-08-26,-0.2232280849678414
2020-08-27,-9.993023432012226
2020-08-28,-9.824106030342627
2020-08-29,-7.452692398565319
2020-08-30,-1.095473726932994
2020-08-31,0.7506917726309403
2020-09-01,13.559310527778766
2020-09-02,8.43854566352993
2020-09-03,-7.859803793220477
2020-09-04,-0.14759016485399457
2020-09-05,-16.28956633419317
2020-09-06,-9.878993279526549
2020-09-07,-13.695400871657505
2020-09-08,-12.223098064709903
2020-09-09,-8.87548014218199
2020-09-10,-3.9148204869980052
2020-09-11,-5.334429030005028
2020-09-12,-3.5347741746187045
2020-09-13,-14.608909499950828
2020-09-14,-13.825049732054605
2020-09-15,-24.298030239805247
2020-09-16,-17.200731356585695
2020-09-17,1.5392100637124484
2020-09-18,-1.1398376497048557
2020-09-19,16.241164305551248
2020-09-20,5.090179841034392
2020-09-21,-2.9336419423344084
2020-09-22,2.015672909063637
2020-09-23,-8.937652258565244
2020-09-24,-4.964017784956331
2020-09-25,-5.950438483024745
2020-09-26,-8.185835073134351
2020-09-27,-2.6035371453905554
2020-09-28,-5.412723629263216
2020-09-29,-1.163707080258669
2020-09-30,-1.4631811425762864
2020-10-01,-9.52256395562805
2020-10-02,-9.53807275193318
2020-10-03,-10.01789601739025
2020-10-04,-5.082777042213726
2020-10-05,3.1348195017700142
2020-10-06,-0.9898417501578827
2020-10-07,6.416751469073678
2020-10-08,0.39624919772514033
2020-10-09,4.132314947252058
2020-10-10,4.70437399432877
2020-10-11,5.061022292701556
2020-10-12,9.061790569877616
2020-10-13,6.072490226075233
2020-10-14,5.2370716805987705
2020-10-15,7.135314211458521
2020-10-16,5.927875801585891
2020-10-17,6.24985285309092
2020-10-18,7.260684491920855
2020-10-19,7.43823886896533
2020-10-20,8.450469078610134
2020-10-21,15.040803625519672
2020-10-22,18.23221004639195
2020-10-23,11.765830918590803
2020-10-24,11.039038541553792
2020-10-25,8.712493567456669
2020-10-26,1.6353527487773079
2020-10-27,5.897394807836132
2020-10-28,2.6593451892395814
2020-10-29,2.459719000668592
2020-10-30,4.721928057074609
2020-10-31,4.959560321460388
2020-11-01,4.6719022588231685
2020-11-02,1.1556563549602883
2020-11-03,5.342189215947246
2020-11-04,2.3753088031790437
2020-11-05,0.6179353031156021
2020-11-06,11.508252907725169
2020-11-07,5.943513640385989
2020-11-08,11.956678556032795
2020-11-09,12.826361283118516
2020-11-10,11.745261375647553
2020-11-11,19.36537090770547
2020-11-12,19.669171716612265
2020-11-13,24.237708772119237
2020-11-14,19.650575236496536
2020-11-15,13.592234781092527
2020-11-16,20.42640570947276
2020-11-17,24.2304057487166
2020-11-18,19.337242650918498
2020-11-19,12.986333876783164
2020-11-20,11.636618010925304
2020-11-21,25.317863551143382
2020-11-22,24.10214770709933
2020-11-23,36.59135099994246
2020-11-24,33.90284250411584
2020-11-25,22.410133791429555
2020-11-26,11.99716471613337
2020-11-27,8.492007960519032
2020-11-28,16.923036295318195
2020-11-29,27.93571350216604
2020-11-30,32.71243114236479
2020-12-01,21.86816708385195
2020-12-02,24.908580604808563
2020-12-03,31.073806510647085
2020-12-04,12.287823461617542
2020-12-05,8.689488014643665
2020-12-06,6.567629777697626
2020-12-07,-2.535188643590325
2020-12-08,-8.312468689359797
2020-12-09,1.0500209119321813
2020-12-10,8.11210940050997
2020-12-11,5.500878146038057
2020-12-12,5.124762622557744
2020-12-13,2.7221943420620898
2020-12-14,-4.40108455905418
2020-12-15,0.1273709512095822
2020-12-16,6.224237347802863
2020-12-17,4.086099216237127
2020-12-18,13.952488426049436
2020-12-19,10.892022179509997
2020-12-20,6.029944551050881
2020-12-21,3.5021457145215207
2020-12-22,14.406393509125826
2020-12-23,2.489450602995169
2020-12-24,9.17891437554179
2020-12-25,14.731263513107207
2020-12-26,11.830441000355885
2020-12-27,16.588346178986946
2020-12-28,24.561882291478444
2020-12-29,24.267450030028193
2020-12-30,18.076414142218546
2020-12-31,14.971915648834177
2021-01-01,12.10168160971412
2021-01-02,17.52010258317027
2021-01-03,55.093075331873465
2021-01-04,68.20248802076483
2021-01-05,73.69942474661893
2021-01-06,103.7951347301512
2021-01-07,99.4160863863532
2021-01-08,94.91885322782012
2021-01-09,102.415279861179
2021-01-10,83.80127347836807
2021-01-11,48.23799624948835
2021-01-12,41.9303050970381
2021-01-13,50.14838327855655
2021-01-14,64.0834649759054
2021-01-15,59.75153557751918
2021-01-16,58.84371384363478
2021-01-17,25.41323995105378
2021-01-18,21.531012683913886
2021-01-19,25.829336370151257
2021-01-20,14.046800590840425
2021-01-21,-7.172493194933038
2021-01-22,1.2699050358048414
2021-01-23,-4.212100176753609
2021-01-24,9.624667155601196
2021-01-25,22.412100285020276
2021-01-26,31.09331238145614
2021-01-27,10.462681775511463
2021-01-28,10.650951205367276
2021-01-29,18.478364776154166
2021-01-30,12.046885546783749
2021-01-31,6.062329920999887
2021-02-01,9.407654234738082
2021-02-02,9.962073596461195
2021-02-03,21.325639803975015
2021-02-04,41.99747771688796
2021-02-05,39.268042291363756
2021-02-06,36.58014587158378
2021-02-07,16.494187455721377
2021-02-08,31.527972493407862
2021-02-09,30.031509864374726
2021-02-10,40.312888338989424
2021-02-11,33.07622250585145
2021-02-12,33.471326283000046
2021-02-13,31.85406774762407
2021-02-14,37.516353217337816
2021-02-15,30.480974214891667
2021-02-16,16.825678119735233
2021-02-17,11.191180649681565
2021-02-18,20.145144362278455
2021-02-19,13.981333027544585
2021-02-20,13.606561775745462
2021-02-21,19.667870974489567
2021-02-22,1.586641608955075
2021-02-23,-11.733868604782982
2021-02-24,-7.530435875964692
2021-02-25,-16.471887194963188
2021-02-26,-21.88795572190666
2021-02-27,-20.082338281972532
2021-02-28,-21.317504728381632
2021-03-01,-12.547737018015892
2021-03-02,-16.328077789753294
2021-03-03,-14.153873998333621
2021-03-04,-20.409149123713476
2021-03-05,-21.936699127973835
2021-03-06,-13.224793687848614
2021-03-07,-11.103211327069351
2021-03-08,3.1005071287162567
2021-03-09,19.128233242478654
2021-03-10,11.559126177586808
2021-03-11,22.54493813981222
2021-03-12,22.616641166352093
2021-03-13,32.54229221940974
2021-03-14,31.483628796770024
2021-03-15,14.947783465414165
2021-03-16,20.610590243794146
2021-03-17,14.822630212387367
2021-03-18,15.839975450761546
2021-03-19,18.260137538586328
2021-03-20,9.212139436406485
2021-03-21,3.81377983768294
2021-03-22,-7.502842137982291
2021-03-23,-10.218774196146418
2021-03-24,-12.007271638568639
2021-03-25,-13.064484244872798
2021-03-26,-4.1184289909776295
2021-03-27,-10.84929709578435
2021-03-28,-10.083859218468728
2021-03-29,0.7923686587061329
2021-03-30,2.444265355958386
2021-03-31,5.388662171489078
2021-04-01,10.641601100572329
2021-04-02,17.880009038667065
2021-04-03,11.717252742945883
2021-04-04,16.398595748256174
2021-04-05,24.297565311945203
2021-04-06,26.62769902784752
2021-04-07,25.113106980447174
2021-04-08,30.814274857774016
2021-04-09,21.842972272106252
2021-04-10,23.983709890386496
2021-04-11,27.25016755671912
2021-04-12,18.31360840419187
2021-04-13,24.82612581646615
2021-04-14,26.784092078996103
2021-04-15,27.817072255592468
2021-04-16,13.789808534610447
2021-04-17,15.653749667639282
2021-04-18,7.9949608654436455
2021-04-19,3.2911119314659842
2021-04-20,9.995924254722667
2021-04-21,19.06909162228616
2021-04-22,16.41313343073596
2021-04-23,14.088282201052515
2021-04-24,4.9948054985392565
2021-04-25,7.283457535563009
2021-04-26,17.88430139617423
2021-04-27,15.1642328898552
2021-04-28,12.75282273067666
2021-04-29,9.562101183983396
2021-04-30,14.081034878382281
2021-05-01,25.92298848352279
2021-05-02,31.602396586586522
2021-05-03,58.194623075374174
2021-05-04,40.64351914948121
2021-05-05,49.15106632054969
2021-05-06,44.66816310135633
2021-05-07,47.74915607957888
2021-05-08,73.78120404753426
2021-05-09,70.22321904011208
2021-05-10,56.53962742703291
2021-05-11,57.037921503560355
2021-05-12,45.0791115517472
2021-05-13,33.56817217342014
2021-05-14,47.51920118803399
2021-05-15,24.523735533393733
2021-05-16,20.77463251406295
2021-05-17,-4.39036543167518
2021-05-18,2.850418085539852
2021-05-19,-28.083073717129324
2021-05-20,-20.64302308594038
2021-05-21,-30.685064877812984
2021-05-22,-40.28862024066834
2021-05-23,-46.2320044538828
2021-05-24,-33.58673723518638
2021-05-25,-35.11226358395619
2021-05-26,-27.840073123726693
2021-05-27,-25.603878689735126
2021-05-28,-40.89859222841417
2021-05-29,-37.67747523303952
2021-05-30,-32.927162233706596
2021-05-31,-17.70763594571202
2021-06-01,-22.03044208297883
2021-06-02,6.996927751884319
2021-06-03,2.9041752387108044
2021-06-04,11.404093718354357
2021-06-05,12.242466799422868
2021-06-06,28.519210434379282
2021-06-07,-0.990391598902185
2021-06-08,-6.583462184539258
2021-06-09,-9.17093582395725
2021-06-10,-9.541113085778541
2021-06-11,-2.9094313480401146
2021-06-12,4.018693904831827
2021-06-13,4.721901996912137
2021-06-14,-4.526121244257853
2021-06-15,-2.7972153110572218
2021-06-16,-12.979717309326178
2021-06-17,-17.14868227462203
2021-06-18,-17.279812836816987
2021-06-19,-16.515190053382156
2021-06-20,-17.125580550400542
2021-06-21,-26.91243128237979
2021-06-22,-25.86021957733863
2021-06-23,-24.69732033989156
2021-06-24,-19.937099418622218
2021-06-25,-22.48091146056851
2021-06-26,-24.313434640960086
2021-06-27,-21.564899339857458
2021-06-28,-19.31539624541603
2021-06-29,-14.993718451637616
2021-06-30,-3.7581682375417147
2021-07-01,-10.717519602034308
2021-07-02,-3.352351988868074
2021-07-03,1.892099819790194
2021-07-04,3.712284247724673
2021-07-05,16.745956926134077
2021-07-06,24.120640298767793
2021-07-07,18.091212671388156
2021-07-08,6.657332524353632
2021-07-09,18.47937471847367
2021-07-10,17.48567371923011
2021-07-11,8.942173973732226
2021-07-12,-2.2241852017861774
2021-07-13,-10.615253295190442
2021-07-14,-12.31487229742183
2021-07-15,-9.537783549817558
2021-07-16,-12.6461475422602
2021-07-17,-14.39309733153915
2021-07-18,-18.62617273621464
2021-07-19,-17.867903865414725
2021-07-20,-22.983095761057715
2021-07-21,-14.310579445404004
2021-07-22,-4.62508387131868
2021-07-23,-1.9063039486902578
2021-07-24,2.9415249560491796
2021-07-25,2.2078407305484937
2021-07-26,10.237318446798959
2021-07-27,17.868706478925887
2021-07-28,15.287236235062696
2021-07-29,24.652947876650977
2021-07-30,30.51990883836342
2021-07-31,34.12866706696063
2021-08-01,35.454835277916395
2021-08-02,43.7288997767969
2021-08-03,40.7532347341182
2021-08-04,37.39336167911087
2021-08-05,39.81414843531521
2021-08-06,36.69768648735317
2021-08-07,44.23556138517253
2021-08-08,38.39653884695393
2021-08-09,40.921233017540956
2021-08-10,37.4194782297935
2021-08-11,37.94165226607471
2021-08-12,27.411192015975217
2021-08-13,35.29446047772971
2021-08-14,28.478043249659123
2021-08-15,29.136752639970133
2021-08-16,20.569851218735447
2021-08-17,20.20187910755411
2021-08-18,11.488026353339764
2021-08-19,12.331699156221188
2021-08-20,13.510382295546952
2021-08-21,2.9053747386990736
2021-08-22,7.219037617646884
2021-08-23,5.204389602727355
2021-08-24,1.3331937651188674
2021-08-25,1.8980298630819625
2021-08-26,2.7166997127726855
2021-08-27,-1.401059502475821
2021-08-28,-0.8042899460790509
2021-08-29,-2.4107328224958313
2021-08-30,2.5520044070791226
2021-08-31,13.619156693528044
2021-09-01,24.74286189935311
2021-09-02,19.46848137627011
2021-09-03,19.533898375061163
2021-09-04,20.141628879122962
2021-09-05,21.83449486025941
2021-09-06,18.24442467744234
2021-09-07,7.828867542542217
2021-09-08,8.64350686082258
2021-09-09,10.006640834923019
2021-09-10,-2.013344625068647
2021-09-11,0.5100082178942422
2021-09-12,5.781792294899102
2021-09-13,1.580722483154684
2021-09-14,-0.35760069179660015
2021-09-15,-5.344774511497952
2021-09-16,-5.911950501698893
2021-09-17,-13.322715621248715
2021-09-18,-11.867688411732647
2021-09-19,-16.047758210481287
2021-09-20,-24.52294607471567
2021-09-21,-20.01257064970735
2021-09-22,-12.659162404218783
2021-09-23,-8.312837220931701
2021-09-24,-8.476972020364427
2021-09-25,-10.024251213005996
2021-09-26,-10.800294457161764
2021-09-27,-10.246190626164175
2021-09-28,-17.66484712543308
2021-09-29,-20.8235640378201
2021-09-30,-15.869890712300483
2021-10-01,-2.858196553324699
2021-10-02,-0.9099881668735432
2021-10-03,3.0255694358883645
2021-10-04,14.37444296057917
2021-10-05,28.208634710642254
2021-10-06,17.126647392384765
2021-10-07,14.036940147284337
2021-10-08,21.432977556211895
2021-10-09,22.07584437719685
2021-10-10,12.57648263863409
2021-10-11,19.20648313151969
2021-10-12,23.99725855695898
2021-10-13,26.528984565636794
2021-10-14,26.1538406824005
2021-10-15,17.04138853027075
2021-10-16,13.050373608121358
2021-10-17,12.16097368107507
2021-10-18,10.450533908889525
2021-10-19,10.07352086916038
2021-10-20,15.743706519377355
2021-10-21,13.257722114148729
2021-10-22,11.638250479052758
2021-10-23,16.193525813844232
2021-10-24,18.781804664695922
2021-10-25,19.742302854230044
2021-10-26,18.31350920651684
2021-10-27,9.73044919560051
2021-10-28,12.999406856075368
2021-10-29,14.28056502428765
2021-10-30,12.369154814724537
2021-10-31,11.927016905417865
2021-11-01,15.475487740061912
2021-11-02,18.356832589679083
2021-11-03,10.725356404379106
2021-11-04,11.572325623612034
2021-11-05,12.6109599987978
2021-11-06,8.46390891407518
2021-11-07,13.06722164481149
2021-11-08,14.159652027368153
2021-11-09,14.6482221839487
2021-11-10,17.03134728626572
2021-11-11,10.493109455592208
2021-11-12,5.655196327473955
2021-11-13,7.737695478971274
2021-11-14,7.348709704143941
2021-11-15,5.63179947393726
2021-11-16,-7.680307278854482
2021-11-17,-7.246441366454315
2021-11-18,-12.124685757211328
2021-11-19,-4.145973220998355
2021-11-20,-2.183202905700321
2021-11-21,-6.491468034127368
2021-11-22,-14.848489488349415
2021-11-23,-8.183389677084406
2021-11-24,-7.748690299804228
2021-11-25,-4.2663745366482875
2021-11-26,-13.098518352545296
2021-11-27,-12.013478887184215
2021-11-28,-6.908260140776957
2021-11-29,-2.647996965345112
2021-11-30,9.704992997716788
2021-12-01,7.4769204801172995
2021-12-02,13.595450429691969
2021-12-03,-1.3598066998597669
2021-12-04,-7.1464464237177445
2021-12-05,-2.772564053827853
2021-12-06,5.984433495488517
2021-12-07,-1.0209747291498261
2021-12-08,3.879510051658519
2021-12-09,-8.147414303253663
2021-12-10,-2.9712539066841903
2021-12-11,-0.1795560259886031
2021-12-12,-3.497756035796862
2021-12-13,-14.844127573483846
2021-12-14,-17.099701802842347
2021-12-15,-12.408940213139086
2021-12-16,-12.238281261846318
2021-12-17,-8.209509973823382
