time,RSI_14
2016-01-15,84.96986960945192
2016-01-16,73.19959206596263
2016-01-17,77.42141463712218
2016-01-18,82.16174365498749
2016-01-19,70.53756714730217
2016-01-20,74.14238406617953
2016-01-21,75.37386321151806
2016-01-22,76.12372259716352
2016-01-23,85.70815808753385
2016-01-24,86.74568707141873
2016-01-25,90.38989074485424
2016-01-26,81.80988071408821
2016-01-27,82.0580810675172
2016-01-28,83.73232797790926
2016-01-29,80.45586915757448
2016-01-30,77.83677981649191
2016-01-31,67.81417642217262
2016-02-01,64.41812292828627
2016-02-02,70.34811665366644
2016-02-03,71.8584667223856
2016-02-04,72.22480649574986
2016-02-05,72.50216363149723
2016-02-06,71.67532486877725
2016-02-07,77.81506842660323
2016-02-08,81.37395066100937
2016-02-09,86.96701489413398
2016-02-10,89.32274704070008
2016-02-11,93.3296597442024
2016-02-12,84.18686561314706
2016-02-13,78.9665635911581
2016-02-14,77.66901721688684
2016-02-15,77.6001559647906
2016-02-16,61.13614333800855
2016-02-17,54.78932733213278
2016-02-18,60.26040668902589
2016-02-19,62.19963916974158
2016-02-20,58.87462127941243
2016-02-21,61.45936027449811
2016-02-22,68.90603365122205
2016-02-23,69.0139781710309
2016-02-24,72.91051265988216
2016-02-25,70.4353902422438
2016-02-26,67.44145496166743
2016-02-27,70.43527217081824
2016-02-28,71.64876821810758
2016-02-29,68.96527440170235
2016-03-01,75.953894804178
2016-03-02,79.99015454538977
2016-03-03,82.44054902894497
2016-03-04,84.31390532006145
2016-03-05,86.09260929971721
2016-03-06,86.58759346769425
2016-03-07,69.40517246279467
2016-03-08,70.63711237207745
2016-03-09,77.40473559234408
2016-03-10,71.73093309590008
2016-03-11,71.3613029372912
2016-03-12,77.63503911199284
2016-03-13,79.94784953797382
2016-03-14,65.8621883751228
2016-03-15,68.04656424286746
2016-03-16,65.93625270377804
2016-03-17,56.71572554366045
2016-03-18,55.67960687764907
2016-03-19,53.89078583581522
2016-03-20,52.51397283516409
2016-03-21,59.34461928650051
2016-03-22,56.39237344782237
2016-03-23,60.72450903283472
2016-03-24,54.2498340740912
2016-03-25,51.79059902512845
2016-03-26,53.33120441929559
2016-03-27,50.253858694098255
2016-03-28,55.907346016597494
2016-03-29,56.043402195360706
2016-03-30,56.835007432741094
2016-03-31,53.96757531977836
2016-04-01,55.24012530314377
2016-04-02,55.17965714648875
2016-04-03,55.07150403771458
2016-04-04,51.68195028581628
2016-04-05,47.228318478073774
2016-04-06,49.19650587315531
2016-04-07,45.20822377833332
2016-04-08,42.96492298012097
2016-04-09,39.574799688987376
2016-04-10,38.30120795949787
2016-04-11,37.337193724961985
2016-04-12,31.527822247049276
2016-04-13,36.41403433997343
2016-04-14,39.85993481537297
2016-04-15,38.51658309452392
2016-04-16,41.65448580897828
2016-04-17,47.70093639103225
2016-04-18,45.373251537719085
2016-04-19,43.80413249864997
2016-04-20,42.21283970610678
2016-04-21,39.936416856091824
2016-04-22,38.38971867158983
2016-04-23,43.27217825121162
2016-04-24,40.50637222090898
2016-04-25,37.40025452561977
2016-04-26,36.85653780227262
2016-04-27,40.69441706702042
2016-04-28,37.0672980603263
2016-04-29,39.188341990125224
2016-04-30,51.483572481262385
2016-05-01,51.1790218149589
2016-05-02,59.98878279843024
2016-05-03,54.20812324617954
2016-05-04,54.30726491979632
2016-05-05,56.95015290162835
2016-05-06,53.60087481977756
2016-05-07,53.70138988648174
2016-05-08,54.593643654786106
2016-05-09,53.15857884697564
2016-05-10,53.48555490807657
2016-05-11,58.13998603191746
2016-05-12,59.39359730995266
2016-05-13,63.33398738151153
2016-05-14,58.91075141407328
2016-05-15,56.05314480367617
2016-05-16,64.44170398269678
2016-05-17,70.22931304673403
2016-05-18,75.04732535367981
2016-05-19,78.61037982849085
2016-05-20,70.53517616086667
2016-05-21,71.83902714613647
2016-05-22,72.64754723788829
2016-05-23,64.53320715741879
2016-05-24,59.793214796075375
2016-05-25,57.98508987839542
2016-05-26,58.008530838575304
2016-05-27,48.31135789468872
2016-05-28,52.62157482199038
2016-05-29,55.65430594324352
2016-05-30,57.3830059924972
2016-05-31,64.24365383837707
2016-06-01,63.1730225006488
2016-06-02,62.457122802647156
2016-06-03,62.79063847432936
2016-06-04,61.23268595530832
2016-06-05,62.48845672893006
2016-06-06,62.85388440927652
2016-06-07,66.14261433286201
2016-06-08,65.76572689611481
2016-06-09,65.46563349823302
2016-06-10,59.169812731024216
2016-06-11,61.28970550645554
2016-06-12,70.41237792122735
2016-06-13,77.448573913803
2016-06-14,80.27973485631678
2016-06-15,77.06751801456427
2016-06-16,82.42148520272809
2016-06-17,52.44059841695301
2016-06-18,39.98331063122087
2016-06-19,43.62374643920213
2016-06-20,42.003424541858344
2016-06-21,46.63762391688198
2016-06-22,47.22442768896771
2016-06-23,49.18682405063421
2016-06-24,51.19034706026542
2016-06-25,51.058534114258904
2016-06-26,49.15408130354577
2016-06-27,50.033969775736075
2016-06-28,43.112645676582176
2016-06-29,45.38040956326844
2016-06-30,44.45025846437346
2016-07-01,43.76881611738453
2016-07-02,43.11710856472578
2016-07-03,41.88289816899838
2016-07-04,40.28709447571584
2016-07-05,36.803624117825564
2016-07-06,37.06027622501586
2016-07-07,35.311265966461896
2016-07-08,43.30353159645506
2016-07-09,41.530499469056316
2016-07-10,41.58614664123702
2016-07-11,39.71031453609005
2016-07-12,39.64617954846001
2016-07-13,39.09785341107785
2016-07-14,47.17587525574996
2016-07-15,50.16387152447482
2016-07-16,48.391575118487495
2016-07-17,45.48275248477108
2016-07-18,44.40013159868468
2016-07-19,48.86651963360731
2016-07-20,54.37717042065536
2016-07-21,55.874654073817155
2016-07-22,66.15145876333744
2016-07-23,63.24901617465031
2016-07-24,52.09507224313255
2016-07-25,57.35545431745016
2016-07-26,47.86624811458932
2016-07-27,52.788190869466135
2016-07-28,51.954389538273325
2016-07-29,51.90249323424679
2016-07-30,50.006081531876426
2016-07-31,47.05474726800871
2016-08-01,42.613103181240085
2016-08-02,33.111526306771886
2016-08-03,44.16673590954305
2016-08-04,47.25250392952404
2016-08-05,46.887692978040924
2016-08-06,46.16657068462092
2016-08-07,46.33376824320987
2016-08-08,47.840215745417765
2016-08-09,52.804569541276514
2016-08-10,51.67598587743153
2016-08-11,49.585234696550145
2016-08-12,50.10287439461035
2016-08-13,48.81615399648786
2016-08-14,46.95547476720856
2016-08-15,46.347841695420215
2016-08-16,46.3511269765397
2016-08-17,44.00845613504305
2016-08-18,43.714242633305766
2016-08-19,43.63855075951383
2016-08-20,48.56852071354569
2016-08-21,47.47794781451282
2016-08-22,46.84845071455669
2016-08-23,46.06748724819034
2016-08-24,46.256281566232396
2016-08-25,49.79104565387381
2016-08-26,49.15005511744687
2016-08-27,48.07713996573148
2016-08-28,46.07692430118664
2016-08-29,45.511749275098786
2016-08-30,49.50090555502015
2016-08-31,53.91256600726146
2016-09-01,59.38534483955182
2016-09-02,59.65016894345864
2016-09-03,55.931878044323554
2016-09-04,53.84630155006502
2016-09-05,54.134656079211695
2016-09-06,53.36086934545218
2016-09-07,51.0838518425647
2016-09-08,48.27816489546511
2016-09-09,52.28341067017869
2016-09-10,58.9907477232276
2016-09-11,51.26553654270971
2016-09-12,54.426530697184084
2016-09-13,54.85903904842171
2016-09-14,54.62263865861491
2016-09-15,55.438922113948784
2016-09-16,63.513261412587774
2016-09-17,65.67544697303639
2016-09-18,58.89931902352858
2016-09-19,65.08720799862812
2016-09-20,76.22642192877656
2016-09-21,63.92125877201893
2016-09-22,57.82537998540555
2016-09-23,59.09117052630647
2016-09-24,54.901027528596316
2016-09-25,55.925018399984396
2016-09-26,53.56845866148441
2016-09-27,55.69199368621691
2016-09-28,57.639576980732166
2016-09-29,55.437199254504044
2016-09-30,56.65493426140703
2016-10-01,56.36207578785939
2016-10-02,56.86378913319263
2016-10-03,59.21285988519699
2016-10-04,56.54103732943149
2016-10-05,52.96332389746868
2016-10-06,50.006418218431016
2016-10-07,47.5283041906266
2016-10-08,42.03535588746259
2016-10-09,40.26684149005905
2016-10-10,36.94932877116835
2016-10-11,36.860696794410224
2016-10-12,38.02929906912917
2016-10-13,40.55801753760904
2016-10-14,39.84695397875407
2016-10-15,40.93201555175746
2016-10-16,41.03488842637896
2016-10-17,41.20256059257954
2016-10-18,52.96113168937334
2016-10-19,43.89186020551568
2016-10-20,45.16091051719346
2016-10-21,45.52949783638901
2016-10-22,44.893371153082406
2016-10-23,43.40284360036588
2016-10-24,42.86333076785315
2016-10-25,33.947399329795886
2016-10-26,37.834069310954774
2016-10-27,37.57589101285579
2016-10-28,32.94086087594152
2016-10-29,25.870367750785118
2016-10-30,41.451111188141596
2016-10-31,38.69007275650689
2016-11-01,36.955830627666025
2016-11-02,37.43396467088635
2016-11-03,38.0882832091866
2016-11-04,43.32495792730873
2016-11-05,43.16408294995715
2016-11-06,41.073413114862475
2016-11-07,39.97578692157235
2016-11-08,39.156447393071566
2016-11-09,36.318665774589434
2016-11-10,34.48648394733229
2016-11-11,31.600928997136073
2016-11-12,27.310209961075905
2016-11-13,32.90999968489261
2016-11-14,31.75572920788935
2016-11-15,37.06831570831976
2016-11-16,34.264284193582974
2016-11-17,33.22849710406182
2016-11-18,28.5649157386898
2016-11-19,32.957391823527935
2016-11-20,31.673651444971572
2016-11-21,31.073758674517876
2016-11-22,38.765836377718266
2016-11-23,37.85017412812584
2016-11-24,30.84070459435397
2016-11-25,35.21332315399236
2016-11-26,33.989258201020114
2016-11-27,29.655559340293053
2016-11-28,27.446567363776094
2016-11-29,23.323382622168506
2016-11-30,32.639991763938966
2016-12-01,31.23534341179231
2016-12-02,25.16446869958933
2016-12-03,29.35908814218311
2016-12-04,26.362162015655933
2016-12-05,22.075583084618167
2016-12-06,37.490587983595
2016-12-07,44.0923219311732
2016-12-08,43.3161770293777
2016-12-09,45.88481750041364
2016-12-10,42.51504246856177
2016-12-11,43.80831473031542
2016-12-12,47.261895529617625
2016-12-13,46.098806346199886
2016-12-14,44.30058556984185
2016-12-15,40.072995428127875
2016-12-16,40.71401161346049
2016-12-17,40.09047467652955
2016-12-18,41.838037430894595
2016-12-19,38.578110846216546
2016-12-20,38.84849759315377
2016-12-21,43.37535775980202
2016-12-22,39.71022079092722
2016-12-23,35.33040181366111
2016-12-24,36.695353135025144
2016-12-25,36.24562302464046
2016-12-26,37.02988545974995
2016-12-27,35.971414767783706
2016-12-28,45.13596776923052
2016-12-29,55.130218584976575
2016-12-30,53.829098705907356
2016-12-31,52.35607207657893
2017-01-01,53.124630234654724
2017-01-02,56.09438844670651
2017-01-03,69.69123058437965
2017-01-04,77.49387664379388
2017-01-05,66.19901738954466
2017-01-06,65.00245173640654
2017-01-07,62.52919380700622
2017-01-08,66.08079197431623
2017-01-09,65.12644418908002
2017-01-10,66.96213644171675
2017-01-11,58.68249086609758
2017-01-12,56.3910011431562
2017-01-13,56.76126483207903
2017-01-14,56.32965259516024
2017-01-15,57.27717984302336
2017-01-16,53.776282044784885
2017-01-17,60.18265873677148
2017-01-18,60.15584226144296
2017-01-19,62.02326619155115
2017-01-20,64.05793918707869
2017-01-21,66.81444176245185
2017-01-22,62.533213609624006
2017-01-23,63.458678584077774
2017-01-24,59.25166324134514
2017-01-25,58.71044425177213
2017-01-26,60.06448266566024
2017-01-27,58.38328710064447
2017-01-28,58.786144087147974
2017-01-29,57.400731000667335
2017-01-30,58.684771445624506
2017-01-31,60.606405534106514
2017-02-01,60.86499482259736
2017-02-02,62.53076881666898
2017-02-03,64.52778261275854
2017-02-04,70.3174469731349
2017-02-05,66.29368146960526
2017-02-06,67.51211309312149
2017-02-07,69.44945939783369
2017-02-08,66.98401946926988
2017-02-09,56.64926610037957
2017-02-10,62.46902366977049
2017-02-11,63.96556197328219
2017-02-12,63.4759171740249
2017-02-13,61.55580067978556
2017-02-14,77.92974605914668
2017-02-15,76.29154977230995
2017-02-16,73.60346526536738
2017-02-17,71.26744650597017
2017-02-18,72.32223892891885
2017-02-19,71.48242496206636
2017-02-20,67.8224368319801
2017-02-21,69.00845424282636
2017-02-22,67.12868384685095
2017-02-23,72.49839315363158
2017-02-24,70.68319378985282
2017-02-25,74.87220378456263
2017-02-26,81.15460114536964
2017-02-27,85.10325455050854
2017-02-28,85.03618908473815
2017-03-01,89.25278298208188
2017-03-02,92.12613389143715
2017-03-03,92.61949264608467
2017-03-04,80.85666735440357
2017-03-05,82.38784556518512
2017-03-06,83.38525097536171
2017-03-07,74.01976736096721
2017-03-08,57.2422964913898
2017-03-09,62.04456589933468
2017-03-10,66.97528957652075
2017-03-11,73.13260320976764
2017-03-12,76.78219760204658
2017-03-13,83.86835191119752
2017-03-14,83.89958717851977
2017-03-15,88.53635470884875
2017-03-16,92.42798631538595
2017-03-17,90.30803840974224
2017-03-18,62.17168055834741
2017-03-19,71.19772526927464
2017-03-20,68.78373186215076
2017-03-21,69.20778972983011
2017-03-22,67.14677358654798
2017-03-23,68.76788575940772
2017-03-24,75.39737530320494
2017-03-25,70.74821086659634
2017-03-26,70.90066246482887
2017-03-27,68.2591011169198
2017-03-28,69.35758253902353
2017-03-29,71.47366618506493
2017-03-30,69.36937181091038
2017-03-31,65.98638625522122
2017-04-01,66.62088633005149
2017-04-02,62.96127942897003
2017-04-03,54.93670007481305
2017-04-04,55.080956122525016
2017-04-05,56.60411385421822
2017-04-06,52.92926948680188
2017-04-07,51.56659055079308
2017-04-08,54.990377822628744
2017-04-09,53.67937754384371
2017-04-10,53.790096201246264
2017-04-11,53.62626999232831
2017-04-12,57.95792421844632
2017-04-13,63.31850692049077
2017-04-14,57.13413819844939
2017-04-15,60.14517569997376
2017-04-16,58.080429007954024
2017-04-17,57.34549311142189
2017-04-18,60.680981759517024
2017-04-19,56.43529796395238
2017-04-20,58.61831117458047
2017-04-21,56.70178272998348
2017-04-22,56.83194103539629
2017-04-23,57.3521794762785
2017-04-24,59.844473904927945
2017-04-25,60.229032219670785
2017-04-26,66.14237238595042
2017-04-27,77.3133434570415
2017-04-28,83.27371380756286
2017-04-29,77.08386782480365
2017-04-30,82.17290892191521
2017-05-01,78.18477313940161
2017-05-02,76.85505795304934
2017-05-03,78.77566469880634
2017-05-04,84.4530993021794
2017-05-05,77.8840598831458
2017-05-06,79.62130991805088
2017-05-07,57.89959694149543
2017-05-08,64.8733651777988
2017-05-09,62.11233764294409
2017-05-10,63.08735036211076
2017-05-11,63.19336635208537
2017-05-12,60.48742728790012
2017-05-13,62.255419885136895
2017-05-14,63.017571237414536
2017-05-15,63.91675021562511
2017-05-16,60.90150032853002
2017-05-17,59.24605775762986
2017-05-18,65.60254426813773
2017-05-19,77.61740464114541
2017-05-20,77.62108560053272
2017-05-21,83.1144885822255
2017-05-22,84.18252395127523
2017-05-23,86.5746915729562
2017-05-24,89.17718658089755
2017-05-25,80.89330189278098
2017-05-26,70.71634205172464
2017-05-27,65.79748419721997
2017-05-28,70.19629533369661
2017-05-29,74.38742665977165
2017-05-30,79.51952054167715
2017-05-31,79.65165486044964
2017-06-01,75.513070829886
2017-06-02,75.5939676302322
2017-06-03,76.09637716775045
2017-06-04,79.4847967802028
2017-06-05,79.86075294148725
2017-06-06,82.09330987405374
2017-06-07,77.8723640271822
2017-06-08,78.09961323598645
2017-06-09,81.11181821913104
2017-06-10,87.33436354398424
2017-06-11,86.9056013409782
2017-06-12,89.59226707884334
2017-06-13,88.74903540751679
2017-06-14,71.62685804441874
2017-06-15,71.71317067742919
2017-06-16,73.09054961348647
2017-06-17,75.01146749833758
2017-06-18,68.98685053870682
2017-06-19,70.04480870781052
2017-06-20,67.1480535798351
2017-06-21,58.18946260562768
2017-06-22,58.15147697249331
2017-06-23,59.41595408320083
2017-06-24,53.138332811067826
2017-06-25,46.08932411925819
2017-06-26,41.664094795066006
2017-06-27,48.237621218595216
2017-06-28,55.79445864031515
2017-06-29,50.635920221756294
2017-06-30,47.24261489996675
2017-07-01,44.3279330216667
2017-07-02,49.73741570270004
2017-07-03,47.73429962646303
2017-07-04,46.35260418140042
2017-07-05,45.710795174552224
2017-07-06,45.812031590424965
2017-07-07,40.358254493178066
2017-07-08,41.50035444750066
2017-07-09,40.218561832849225
2017-07-10,33.998927306553135
2017-07-11,32.30820882172531
2017-07-12,40.44301283509464
2017-07-13,37.85580259884379
2017-07-14,36.368575298883506
2017-07-15,32.15638618393603
2017-07-16,29.98916639693737
2017-07-17,39.65412309915935
2017-07-18,48.53211112613043
2017-07-19,42.249431306045246
2017-07-20,48.52160826037383
2017-07-21,47.17958540705078
2017-07-22,50.146353084346316
2017-07-23,49.497016880124065
2017-07-24,48.92857107558688
2017-07-25,44.761729963427975
2017-07-26,44.41782461211637
2017-07-27,44.52766982540285
2017-07-28,42.16628923883754
2017-07-29,46.084011957331356
2017-07-30,44.04134024833922
2017-07-31,45.173238361991366
2017-08-01,51.753423673961066
2017-08-02,49.65868948639644
2017-08-03,51.33576170651097
2017-08-04,50.61500747425421
2017-08-05,57.513738278708594
2017-08-06,61.15029372969557
2017-08-07,61.89322081616184
2017-08-08,66.62331059522472
2017-08-09,67.03198203100253
2017-08-10,67.87818150968243
2017-08-11,69.42372326943496
2017-08-12,69.16398692351287
2017-08-13,64.00802351289788
2017-08-14,64.67150545519716
2017-08-15,59.06390732187674
2017-08-16,62.71892465269381
2017-08-17,62.95344348943145
2017-08-18,59.15322657109293
2017-08-19,59.57449533982917
2017-08-20,60.77053282162099
2017-08-21,66.76855279025033
2017-08-22,64.11940212416746
2017-08-23,64.98602524641018
2017-08-24,66.71859256377671
2017-08-25,68.2370485838238
2017-08-26,68.81644773711827
2017-08-27,71.9949492069278
2017-08-28,72.50545906585786
2017-08-29,77.76817320084943
2017-08-30,79.67670438087953
2017-08-31,80.22288332254584
2017-09-01,80.6929847581685
2017-09-02,59.06973540033288
2017-09-03,60.09218936457632
2017-09-04,46.85760579685482
2017-09-05,49.40638442129373
2017-09-06,54.12363798752414
2017-09-07,53.4791114560361
2017-09-08,45.77174103959475
2017-09-09,44.52014680513161
2017-09-10,43.47471203705026
2017-09-11,42.55983862181635
2017-09-12,41.40591789610211
2017-09-13,36.92341116983177
2017-09-14,27.25726744738905
2017-09-15,38.52590519934103
2017-09-16,37.82726589530584
2017-09-17,39.23591042067599
2017-09-18,49.55868123540449
2017-09-19,46.803456100730976
2017-09-20,46.8295863619037
2017-09-21,41.03812402813254
2017-09-22,42.471231658109346
2017-09-23,48.42587395489505
2017-09-24,48.32865879638521
2017-09-25,51.028167732278895
2017-09-26,49.41739584149469
2017-09-27,55.14018389578299
2017-09-28,52.775118605262705
2017-09-29,49.593463710453634
2017-09-30,52.450154829300985
2017-10-01,52.80916360737298
2017-10-02,50.68365461684628
2017-10-03,49.134416578034234
2017-10-04,49.318937654283786
2017-10-05,50.40590320781272
2017-10-06,54.74839158014312
2017-10-07,56.155761853902675
2017-10-08,54.95266201284711
2017-10-09,49.645439193071894
2017-10-10,50.31415822478165
2017-10-11,52.086705678405245
2017-10-12,52.38291309692536
2017-10-13,64.04976703238918
2017-10-14,64.91490617835267
2017-10-15,62.854822274304176
2017-10-16,62.36564056059433
2017-10-17,53.16132125480453
2017-10-18,52.107557955572894
2017-10-19,49.901158018303995
2017-10-20,48.01163476140257
2017-10-21,46.17982944201537
2017-10-22,43.954354010857585
2017-10-23,40.04757780334917
2017-10-24,46.42627129419224
2017-10-25,46.81585325742048
2017-10-26,45.95359929897832
2017-10-27,46.49907266614433
2017-10-28,45.43929829630826
2017-10-29,50.97731173253266
2017-10-30,52.006590589487544
2017-10-31,51.11870658054612
2017-11-01,43.0563179692306
2017-11-02,40.17465553009935
2017-11-03,52.36621159293203
2017-11-04,49.40930864896623
2017-11-05,47.55757290601807
2017-11-06,48.493585477807585
2017-11-07,45.41108688317347
2017-11-08,54.704467272372156
2017-11-09,58.79402684517488
2017-11-10,48.996370833453746
2017-11-11,55.631435104650095
2017-11-12,51.69025061989343
2017-11-13,54.89705632700237
2017-11-14,61.10830505367285
2017-11-15,59.48793874785658
2017-11-16,58.937445715277725
2017-11-17,59.869350163016534
2017-11-18,64.8486118314828
2017-11-19,67.3002919593836
2017-11-20,70.81375286657587
2017-11-21,66.11882123388003
2017-11-22,70.98061074830395
2017-11-23,77.1327420410692
2017-11-24,83.55789056765225
2017-11-25,80.77891347514571
2017-11-26,81.3296643491778
2017-11-27,81.87815697468423
2017-11-28,77.44179993558609
2017-11-29,62.79279224261556
2017-11-30,64.55919422494858
2017-12-01,68.46268715459104
2017-12-02,67.85829692162652
2017-12-03,68.63921581404398
2017-12-04,69.08824237036698
2017-12-05,65.54162660069557
2017-12-06,57.02331371271513
2017-12-07,56.20379792120572
2017-12-08,63.3292527294249
2017-12-09,67.05472569916756
2017-12-10,55.52900054030696
2017-12-11,65.73775690334152
2017-12-12,80.01321423042198
2017-12-13,80.86852174735874
2017-12-14,80.1360769662497
2017-12-15,78.25973660860697
2017-12-16,78.7786306645319
2017-12-17,80.65190849608814
2017-12-18,83.55058389810182
2017-12-19,85.04312642181914
2017-12-20,79.34201625417711
2017-12-21,78.58620050309547
2017-12-22,59.39853523881958
2017-12-23,63.12471476576484
2017-12-24,58.24924597281807
2017-12-25,62.468180360195625
2017-12-26,63.45096165172306
2017-12-27,62.10845919998902
2017-12-28,58.60248320010584
2017-12-29,61.55161244258137
2017-12-30,56.82749412284868
2017-12-31,59.67580152857354
2018-01-01,61.0197214129254
2018-01-02,69.55047334611008
2018-01-03,74.06868126290132
2018-01-04,74.51341562881598
2018-01-05,74.84419039774286
2018-01-06,77.28277128404196
2018-01-07,81.25844276419505
2018-01-08,82.35219092649805
2018-01-09,86.46321968639623
2018-01-10,79.14675015775875
2018-01-11,67.87617090250448
2018-01-12,73.0322195011553
2018-01-13,76.85411929649575
2018-01-14,75.15298085194748
2018-01-15,68.02016407359096
2018-01-16,53.09580240935878
2018-01-17,50.46968911918685
2018-01-18,50.801221630157436
2018-01-19,51.43749986324817
2018-01-20,57.851163588738906
2018-01-21,51.14284334133762
2018-01-22,48.587660666340945
2018-01-23,48.21404196027199
2018-01-24,51.83233851363111
2018-01-25,51.612873667971904
2018-01-26,51.401593203597265
2018-01-27,54.71259098980621
2018-01-28,61.33377100614842
2018-01-29,57.4212722691842
2018-01-30,50.23055675241949
2018-01-31,52.79363977111886
2018-02-01,48.14909723564942
2018-02-02,42.58262641351839
2018-02-03,45.64179932516893
2018-02-04,39.74845696240342
2018-02-05,34.23364961890049
2018-02-06,40.210429803998764
2018-02-07,38.847799858218416
2018-02-08,42.14658977163832
2018-02-09,45.939707102357474
2018-02-10,44.82886764030961
2018-02-11,43.06559167673547
2018-02-12,46.40116927949414
2018-02-13,44.9255563092016
2018-02-14,49.939611979317355
2018-02-15,50.507466699235536
2018-02-16,51.108828381219155
2018-02-17,53.418929728028196
2018-02-18,49.23632030380738
2018-02-19,50.79624625464197
2018-02-20,47.173170267079506
2018-02-21,44.25499997454834
2018-02-22,42.15347919639144
2018-02-23,46.14563495368419
2018-02-24,44.66190319544414
2018-02-25,45.383885829495156
2018-02-26,47.47568825854
2018-02-27,48.307659496699586
2018-02-28,46.26967063807697
2018-03-01,48.057651478953446
2018-03-02,46.7575442185014
2018-03-03,46.663468077817896
2018-03-04,47.458746046221506
2018-03-05,46.40649017195077
2018-03-06,42.24702273065831
2018-03-07,36.76967983506618
2018-03-08,32.80706870506271
2018-03-09,36.461126213606875
2018-03-10,33.414953913769025
2018-03-11,37.99262352832399
2018-03-12,36.26732831161146
2018-03-13,35.70720487943312
2018-03-14,30.03889157568118
2018-03-15,29.961873651915322
2018-03-16,29.495301076749797
2018-03-17,25.99687707115837
2018-03-18,25.239078310135167
2018-03-19,27.38708953343329
2018-03-20,28.412556160287185
2018-03-21,28.759596406359712
2018-03-22,27.280990660741537
2018-03-23,27.155897281055196
2018-03-24,26.09609378544772
2018-03-25,25.84777966988831
2018-03-26,23.158531559528566
2018-03-27,20.390088759799557
2018-03-28,20.055318701447963
2018-03-29,16.59227763781805
2018-03-30,18.387802646674455
2018-03-31,18.92840178353488
2018-04-01,17.90152936705164
2018-04-02,19.42756152726905
2018-04-03,28.02553956045482
2018-04-04,24.746577804646446
2018-04-05,25.809394504739664
2018-04-06,24.661522807321838
2018-04-07,28.567095080118566
2018-04-08,32.427024547270754
2018-04-09,32.02079307713074
2018-04-10,36.57228264878628
2018-04-11,40.62037184177183
2018-04-12,53.17621331254281
2018-04-13,53.63198102226663
2018-04-14,54.81980628088318
2018-04-15,59.372618646788325
2018-04-16,55.052024855071394
2018-04-17,53.230144381870744
2018-04-18,57.171112848391346
2018-04-19,63.237938600417856
2018-04-20,68.90980544082484
2018-04-21,66.48413840012006
2018-04-22,68.22072786214068
2018-04-23,70.46543115507488
2018-04-24,75.82014167694749
2018-04-25,59.09891315744624
2018-04-26,63.61290639163525
2018-04-27,61.615617722335735
2018-04-28,64.72762501416547
2018-04-29,65.24833379935183
2018-04-30,61.64084254444045
2018-05-01,62.115318578438824
2018-05-02,63.74521983820145
2018-05-03,71.71881739102479
2018-05-04,72.08011300655734
2018-05-05,74.06993960650532
2018-05-06,69.05138211021449
2018-05-07,62.65667708416844
2018-05-08,63.038430793868905
2018-05-09,62.44052109177369
2018-05-10,58.434733413782034
2018-05-11,51.11512347252002
2018-05-12,51.98666613043423
2018-05-13,57.89567317716956
2018-05-14,57.06642702953674
2018-05-15,53.76084956727469
2018-05-16,53.57982138754678
2018-05-17,47.612518238444004
2018-05-18,51.593417303849506
2018-05-19,51.61783132453436
2018-05-20,54.700402346872224
2018-05-21,51.86763399815134
2018-05-22,43.517160169549044
2018-05-23,35.98198145416127
2018-05-24,39.82004113719425
2018-05-25,37.44196515326525
2018-05-26,38.46534276400395
2018-05-27,36.879217363866616
2018-05-28,31.215095663922376
2018-05-29,40.00504372617802
2018-05-30,39.23852866410713
2018-05-31,42.35467944015613
2018-06-01,42.920503622647026
2018-06-02,45.16212702742452
2018-06-03,49.5074321582746
2018-06-04,45.35451517171346
2018-06-05,48.20915721030667
2018-06-06,47.936189346062044
2018-06-07,47.39640323054892
2018-06-08,47.0420718690169
2018-06-09,46.276341964205656
2018-06-10,35.229172392666726
2018-06-11,36.985195155809684
2018-06-12,32.36926884088637
2018-06-13,30.76039659057147
2018-06-14,39.820275991476976
2018-06-15,36.14510978002184
2018-06-16,38.27180167307252
2018-06-17,38.083588760061815
2018-06-18,42.3845876712764
2018-06-19,46.253088504577654
2018-06-20,45.95637093384619
2018-06-21,44.31890249800887
2018-06-22,35.486500535530176
2018-06-23,38.09075309871509
2018-06-24,35.47134884953314
2018-06-25,36.553958498210655
2018-06-26,33.219066512807075
2018-06-27,35.40161599500496
2018-06-28,32.66183087184366
2018-06-29,36.74407552044966
2018-06-30,40.19724168424347
2018-07-01,40.21483650583543
2018-07-02,45.75655513632037
2018-07-03,43.217439742725375
2018-07-04,44.14984008101341
2018-07-05,44.47802965493865
2018-07-06,44.859722407796696
2018-07-07,48.03935988491549
2018-07-08,49.4999882242585
2018-07-09,45.92174942651856
2018-07-10,37.99935780471724
2018-07-11,41.70874921694177
2018-07-12,37.59235542009582
2018-07-13,39.72316868903423
2018-07-14,40.474675983484936
2018-07-15,44.75622138659108
2018-07-16,51.953290511083395
2018-07-17,56.64212432543829
2018-07-18,51.6193108279049
2018-07-19,49.18404329071902
2018-07-20,44.714425746940314
2018-07-21,48.22159761957699
2018-07-22,47.13878034176878
2018-07-23,45.29216807720379
2018-07-24,52.42757961470921
2018-07-25,51.109262116466624
2018-07-26,48.816339014454634
2018-07-27,50.33896704251551
2018-07-28,49.79888753595787
2018-07-29,49.682630179996714
2018-07-30,46.48609086217515
2018-07-31,40.37113361100418
2018-08-01,37.55024853686953
2018-08-02,35.85165305471231
2018-08-03,38.20121707481925
2018-08-04,35.76700389847173
2018-08-05,36.78035396039998
2018-08-06,35.91904109236556
2018-08-07,30.200489875393
2018-08-08,26.155487736944032
2018-08-09,30.55781274448756
2018-08-10,25.307079928937505
2018-08-11,24.294376415173
2018-08-12,23.64308800109401
2018-08-13,19.770880402922618
2018-08-14,18.958944238121767
2018-08-15,21.061274808714682
2018-08-16,23.082771281374633
2018-08-17,34.5015727023913
2018-08-18,31.16911813136894
2018-08-19,32.82710533444628
2018-08-20,28.315142050650888
2018-08-21,31.63187178071517
2018-08-22,29.896785894675986
2018-08-23,31.798822855178944
2018-08-24,34.226615831561524
2018-08-25,33.57849235626345
2018-08-26,32.533974165606374
2018-08-27,37.01907212179177
2018-08-28,41.764574759594375
2018-08-29,39.684015166710246
2018-08-30,38.4714058281118
2018-08-31,38.02860946655463
2018-09-01,43.38066139477108
2018-09-02,43.01835425423986
2018-09-03,41.3571431726681
2018-09-04,40.271378247021225
2018-09-05,28.100949517965656
2018-09-06,27.21580057869667
2018-09-07,24.92826482391264
2018-09-08,22.216311423610126
2018-09-09,22.06921466329209
2018-09-10,22.347794879740242
2018-09-11,20.591053858510783
2018-09-12,20.35269655940134
2018-09-13,35.15299221329924
2018-09-14,34.94177878280516
2018-09-15,39.73554405952772
2018-09-16,38.9594055674771
2018-09-17,33.157940585160496
2018-09-18,38.553140368804776
2018-09-19,38.438806275280534
2018-09-20,44.388348056159074
2018-09-21,52.2610636485289
2018-09-22,50.09156536599427
2018-09-23,51.56902784229791
2018-09-24,46.041238402949155
2018-09-25,43.04045455841408
2018-09-26,42.28464917203571
2018-09-27,47.42721511993998
2018-09-28,45.04303050048108
2018-09-29,48.89103992801445
2018-09-30,49.22233305273127
2018-10-01,48.35077150880445
2018-10-02,46.58119125934487
2018-10-03,44.16464535411863
2018-10-04,45.10536283562283
2018-10-05,47.82427287956975
2018-10-06,46.55426780889178
2018-10-07,46.93121112568397
2018-10-08,48.71058970424545
2018-10-09,48.036097488404494
2018-10-10,46.536845858568135
2018-10-11,33.04887226913203
2018-10-12,35.3217899428715
2018-10-13,36.81248419487447
2018-10-14,35.15993347709575
2018-10-15,42.89032304456383
2018-10-16,43.365122983595775
2018-10-17,42.41288337756831
2018-10-18,40.36431175562771
2018-10-19,41.10288897717298
2018-10-20,42.820465005155626
2018-10-21,42.588244713890106
2018-10-22,41.88764814209388
2018-10-23,41.98885687260906
2018-10-24,41.62378856879121
2018-10-25,41.14986564380215
2018-10-26,41.93866449410714
2018-10-27,42.8032129862459
2018-10-28,43.969219651616875
2018-10-29,37.489791696530375
2018-10-30,39.08045677705647
2018-10-31,40.588521448055516
2018-11-01,41.743358198606415
2018-11-02,44.31339380108985
2018-11-03,42.815510212814125
2018-11-04,55.43498252525879
2018-11-05,53.34927406040435
2018-11-06,61.509204478843124
2018-11-07,60.03360771803812
2018-11-08,53.53474463936407
2018-11-09,51.07144758600647
2018-11-10,53.31362292437927
2018-11-11,51.75680453479566
2018-11-12,50.929813145267524
2018-11-13,46.14453880353758
2018-11-14,29.133601063908344
2018-11-15,30.0733790699116
2018-11-16,27.665708944775297
2018-11-17,27.999190401123315
2018-11-18,30.9405907068652
2018-11-19,20.881280240092725
2018-11-20,16.686849604944708
2018-11-21,23.427767864185274
2018-11-22,21.194195388350604
2018-11-23,20.448878163609454
2018-11-24,18.41587690836366
2018-11-25,20.989339759935437
2018-11-26,19.23988321152655
2018-11-27,21.732227130261737
2018-11-28,30.951871464536985
2018-11-29,29.567662904433174
2018-11-30,28.084040200334698
2018-12-01,32.14916875166023
2018-12-02,31.397826252299122
2018-12-03,28.828270189922822
2018-12-04,29.62629209103966
2018-12-05,27.13996699972511
2018-12-06,24.05037028439285
2018-12-07,25.219547360440764
2018-12-08,24.74275937450643
2018-12-09,27.067349618929722
2018-12-10,25.75944512033475
2018-12-11,24.97838401938319
2018-12-12,26.840536530023552
2018-12-13,25.328357532144725
2018-12-14,24.570701695401198
2018-12-15,24.466743795794635
2018-12-16,25.72776136768937
2018-12-17,37.55069260438477
2018-12-18,43.722014860218664
2018-12-19,43.48594439030279
2018-12-20,54.80389732450153
2018-12-21,50.01706081632544
2018-12-22,55.0211985056672
2018-12-23,62.83385973280542
2018-12-24,67.34393124796063
2018-12-25,58.43833098012499
2018-12-26,59.54394510354639
2018-12-27,49.864381304570294
2018-12-28,59.1789746143673
2018-12-29,60.98284506376851
2018-12-30,59.98937072710147
2018-12-31,55.61347333775949
2019-01-01,59.140717316311644
2019-01-02,64.6623905213774
2019-01-03,60.42203450261642
2019-01-04,62.703992334128124
2019-01-05,63.01332718778628
2019-01-06,63.63266963143782
2019-01-07,59.94218318364363
2019-01-08,59.08892104489733
2019-01-09,59.36685318827873
2019-01-10,46.100090269657514
2019-01-11,45.16201554661491
2019-01-12,44.840397049324146
2019-01-13,40.48759219375885
2019-01-14,48.29463692663557
2019-01-15,44.43015043294686
2019-01-16,45.6551875864974
2019-01-17,45.79478885175759
2019-01-18,44.09411919588402
2019-01-19,46.78767449135145
2019-01-20,43.42558033977651
2019-01-21,42.54558335412008
2019-01-22,44.11692335016759
2019-01-23,43.09123107823765
2019-01-24,43.1023048478581
2019-01-25,42.17282254502718
2019-01-26,42.24454879374442
2019-01-27,39.88543115855922
2019-01-28,35.77077649166831
2019-01-29,34.865009767354884
2019-01-30,38.85266059137018
2019-01-31,37.46708958957236
2019-02-01,38.56179156849496
2019-02-02,40.96749252080486
2019-02-03,38.81246937037539
2019-02-04,38.81920280909027
2019-02-05,38.97822241733404
2019-02-06,36.413167958003605
2019-02-07,36.323326088338206
2019-02-08,54.33720193852953
2019-02-09,54.919809327037484
2019-02-10,59.92302123121965
2019-02-11,55.27486895371205
2019-02-12,56.319052949980964
2019-02-13,56.14169341243178
2019-02-14,54.78739112616954
2019-02-15,55.56411109517509
2019-02-16,57.246939042906455
2019-02-17,67.37760717216823
2019-02-18,74.298336650862
2019-02-19,72.47534508601765
2019-02-20,74.60427111240033
2019-02-21,69.4791757190435
2019-02-22,71.51119737320063
2019-02-23,76.58670971123013
2019-02-24,54.472931193587726
2019-02-25,56.04165167895786
2019-02-26,54.29850719933395
2019-02-27,52.904962377486264
2019-02-28,53.46870089891589
2019-03-01,53.55546396193992
2019-03-02,51.06542819111504
2019-03-03,48.73129394949177
2019-03-04,44.81843714542602
2019-03-05,54.10342369581116
2019-03-06,55.23330430674043
2019-03-07,54.21966707420302
2019-03-08,50.65642056047411
2019-03-09,54.044655622065086
2019-03-10,52.956547016431074
2019-03-11,49.78693080259338
2019-03-12,50.41291621654267
2019-03-13,48.75287847524745
2019-03-14,48.95627660037865
2019-03-15,53.786911049220635
2019-03-16,58.71246067550747
2019-03-17,55.558346311648435
2019-03-18,54.19630969020809
2019-03-19,55.14478394561678
2019-03-20,56.00446135294723
2019-03-21,50.37961870172675
2019-03-22,52.0335056116287
2019-03-23,52.78782635294953
2019-03-24,51.21380510765007
2019-03-25,47.82913015177797
2019-03-26,47.94250219217864
2019-03-27,56.58031065249136
2019-03-28,53.60623611665238
2019-03-29,59.71471934389766
2019-03-30,59.27839482220888
2019-03-31,57.83087052617078
2019-04-01,57.856082911722375
2019-04-02,76.88588468333346
2019-04-03,69.56970726801674
2019-04-04,66.47613217135473
2019-04-05,71.17126968043094
2019-04-06,70.47321950767406
2019-04-07,74.98560865605715
2019-04-08,77.56145041745236
2019-04-09,71.50765528031671
2019-04-10,72.24174565894936
2019-04-11,59.30671822468252
2019-04-12,58.681817220078756
2019-04-13,57.920173795464756
2019-04-14,60.71511209393474
2019-04-15,53.385781798125706
2019-04-16,57.87045725224726
2019-04-17,57.57905430735436
2019-04-18,62.479305172473445
2019-04-19,62.548608711209006
2019-04-20,62.043298579992786
2019-04-21,58.2546867017326
2019-04-22,59.57173904876224
2019-04-23,58.79721511717607
2019-04-24,52.06939681055472
2019-04-25,40.72774759109747
2019-04-26,41.68391533576735
2019-04-27,44.592177355585264
2019-04-28,42.5474431089508
2019-04-29,41.95588456016022
2019-04-30,49.8173453133048
2019-05-01,48.18638721226481
2019-05-02,49.19777828350945
2019-05-03,54.61772809946983
2019-05-04,51.74630748082119
2019-05-05,51.14534495867109
2019-05-06,60.598841494507106
2019-05-07,58.282365636351116
2019-05-08,57.70411321404523
2019-05-09,58.330745949448556
2019-05-10,60.143637125067684
2019-05-11,75.85639244413984
2019-05-12,63.606343721149514
2019-05-13,67.53390912562843
2019-05-14,75.04785007054922
2019-05-15,81.42593935392047
2019-05-16,83.53046774683824
2019-05-17,70.79171925093848
2019-05-18,66.92804811938416
2019-05-19,72.77703711403558
2019-05-20,68.20181578062792
2019-05-21,69.1631916789393
2019-05-22,63.40805838750106
2019-05-23,63.74961483852862
2019-05-24,64.57746634881134
2019-05-25,65.4416527440951
2019-05-26,69.72176665551655
2019-05-27,70.74955557863439
2019-05-28,69.92577720852135
2019-05-29,68.75242808054125
2019-05-30,60.13463955443529
2019-05-31,64.09366908769331
2019-06-01,63.30317845795825
2019-06-02,64.8738414264797
2019-06-03,54.9512747783436
2019-06-04,49.907932197983534
2019-06-05,52.681840556621474
2019-06-06,53.14928898475346
2019-06-07,54.30519724983087
2019-06-08,51.5056253092109
2019-06-09,45.39087093786844
2019-06-10,52.42279379005173
2019-06-11,51.98884384453066
2019-06-12,57.53669880186669
2019-06-13,55.38754145706209
2019-06-14,58.98740830038399
2019-06-15,60.548877295334776
2019-06-16,60.84475411065182
2019-06-17,62.33095252803459
2019-06-18,56.363744890977095
2019-06-19,58.59560434374435
2019-06-20,59.944636233682516
2019-06-21,67.9306641072321
2019-06-22,71.47774615778276
2019-06-23,70.54763425969156
2019-06-24,71.43954570665714
2019-06-25,73.15863755383735
2019-06-26,77.2855321223202
2019-06-27,56.070153480743535
2019-06-28,60.690845198309596
2019-06-29,63.03421572749349
2019-06-30,52.9743474544575
2019-07-01,53.6274272774387
2019-07-02,52.45492271769155
2019-07-03,56.065629957317576
2019-07-04,49.51839340350029
2019-07-05,50.969394679518366
2019-07-06,50.759227894091474
2019-07-07,56.9492714493829
2019-07-08,59.03790197894746
2019-07-09,56.95735420347088
2019-07-10,49.55563504588331
2019-07-11,43.045370882029005
2019-07-12,46.04753711174721
2019-07-13,43.89989949044173
2019-07-14,34.61740607917352
2019-07-15,34.71136277461346
2019-07-16,28.887313087226847
2019-07-17,33.43162679249983
2019-07-18,39.156395046171276
2019-07-19,37.82263014458322
2019-07-20,41.1725063446959
2019-07-21,39.969758268458484
2019-07-22,37.90477348576172
2019-07-23,36.804534441331796
2019-07-24,38.65407061049241
2019-07-25,39.83331101006194
2019-07-26,39.752701197731916
2019-07-27,36.09210198241747
2019-07-28,38.156599367121444
2019-07-29,38.12971116758391
2019-07-30,37.86116761926695
2019-07-31,42.21520142946046
2019-08-01,41.926629736418256
2019-08-02,42.10868126054808
2019-08-03,44.59176498433826
2019-08-04,45.170952423071064
2019-08-05,50.707828352814175
2019-08-06,47.164450895883135
2019-08-07,47.35356832182545
2019-08-08,44.35903842666093
2019-08-09,39.14974190854198
2019-08-10,37.601797713858836
2019-08-11,44.05606117490169
2019-08-12,41.69244089896224
2019-08-13,40.53776984274797
2019-08-14,31.694831343792103
2019-08-15,32.8555839355666
2019-08-16,31.982470774989007
2019-08-17,31.97111378633079
2019-08-18,39.02595591353697
2019-08-19,44.48305822745574
2019-08-20,41.48261956258663
2019-08-21,36.94800251409757
2019-08-22,40.445585765053906
2019-08-23,42.48612082409379
2019-08-24,40.743556280635254
2019-08-25,38.4272929371407
2019-08-26,40.1450751609676
2019-08-27,39.259109427221446
2019-08-28,32.90321986771625
2019-08-29,31.14441632471816
2019-08-30,30.99834406457123
2019-08-31,34.464006976038206
2019-09-01,33.99711719120893
2019-09-02,40.60605780850227
2019-09-03,41.168661338736925
2019-09-04,38.46432967247271
2019-09-05,38.35094171500017
2019-09-06,35.19828783956485
2019-09-07,43.69827162594651
2019-09-08,46.46789579207148
2019-09-09,46.307855867045745
2019-09-10,44.92759121035551
2019-09-11,43.72413661483382
2019-09-12,46.52217634807522
2019-09-13,47.19839747767393
2019-09-14,53.871173075582504
2019-09-15,54.61047538504735
2019-09-16,60.959522635039185
2019-09-17,68.09459907204725
2019-09-18,68.83622030194721
2019-09-19,73.79634474348711
2019-09-20,69.03043530333615
2019-09-21,67.21523328145658
2019-09-22,62.566946565336266
2019-09-23,53.728717056864774
2019-09-24,35.63670782917686
2019-09-25,36.623816679656315
2019-09-26,35.175021229326596
2019-09-27,40.7449056232232
2019-09-28,40.60682276563693
2019-09-29,38.65233072390456
2019-09-30,45.558152121918226
2019-10-01,43.97170062331616
2019-10-02,46.814866198489504
2019-10-03,43.74274104146515
2019-10-04,44.29385690722248
2019-10-05,44.28165020296552
2019-10-06,40.345583396797046
2019-10-07,48.95079136576565
2019-10-08,48.724730967891574
2019-10-09,57.3624907746194
2019-10-10,55.39486450331874
2019-10-11,48.23313498414024
2019-10-12,47.86943303049725
2019-10-13,48.69555973963459
2019-10-14,52.25599051785916
2019-10-15,47.83656727920284
2019-10-16,44.40820194585555
2019-10-17,46.04222679932721
2019-10-18,43.43144816260293
2019-10-19,42.43337704495605
2019-10-20,45.60463655590758
2019-10-21,44.86784183185223
2019-10-22,42.664705450858726
2019-10-23,36.18865291312569
2019-10-24,36.01149101120836
2019-10-25,52.77464166254193
2019-10-26,51.73005790038021
2019-10-27,54.96173166028132
2019-10-28,53.56224737372961
2019-10-29,58.72274559311465
2019-10-30,52.771846715670556
2019-10-31,52.13427228613523
2019-11-01,52.81011262370361
2019-11-02,52.49866922761147
2019-11-03,51.515991761098064
2019-11-04,54.94922260398304
2019-11-05,57.45134379843642
2019-11-06,59.24312880312158
2019-11-07,54.21322236706545
2019-11-08,51.52366175877353
2019-11-09,52.384272254639974
2019-11-10,56.091894395960715
2019-11-11,51.22437665638451
2019-11-12,53.26279733056259
2019-11-13,54.63899435540146
2019-11-14,51.00832079667668
2019-11-15,46.17679989006115
2019-11-16,48.69386351484537
2019-11-17,50.372239782533676
2019-11-18,44.50996389907663
2019-11-19,42.10609626539566
2019-11-20,41.1713966460753
2019-11-21,31.21539625082157
2019-11-22,25.830531369284454
2019-11-23,28.906718938923014
2019-11-24,24.327392347938805
2019-11-25,29.875567094038402
2019-11-26,31.376052749872883
2019-11-27,36.958398169147685
2019-11-28,35.64134143144078
2019-11-29,39.034827336903554
2019-11-30,37.562818026376796
2019-12-01,37.13465699788937
2019-12-02,35.53814748558178
2019-12-03,34.45034276273341
2019-12-04,33.2301885117722
2019-12-05,36.41930412268247
2019-12-06,37.35854677726299
2019-12-07,36.347588068380894
2019-12-08,41.156759446277356
2019-12-09,37.939981617837134
2019-12-10,36.452227707301034
2019-12-11,34.24245765700243
2019-12-12,36.8204694880743
2019-12-13,36.69056803465771
2019-12-14,34.03912712997129
2019-12-15,34.888363025807244
2019-12-16,26.88303480858639
2019-12-17,21.155299594112055
2019-12-18,36.41962754434877
2019-12-19,33.34115508841459
2019-12-20,33.78688011934609
2019-12-21,33.07080319745444
2019-12-22,39.216529277307174
2019-12-23,36.15762821486104
2019-12-24,36.0450600952545
2019-12-25,34.03866274933735
2019-12-26,34.64200927119298
2019-12-27,35.931385020199755
2019-12-28,38.699520320723764
2019-12-29,47.40429333627575
2019-12-30,43.988872422877115
2019-12-31,41.33239174774276
2020-01-01,43.26319446296823
2020-01-02,40.10038030807633
2020-01-03,48.89833988084309
2020-01-04,49.182105675358905
2020-01-05,50.291941542768996
2020-01-06,59.49898378359833
2020-01-07,58.539759251596394
2020-01-08,55.4476372042742
2020-01-09,51.27605770948986
2020-01-10,57.65182848605922
2020-01-11,56.46338121019356
2020-01-12,58.97463636005151
2020-01-13,56.886644322915835
2020-01-14,72.17067292382382
2020-01-15,71.92977693054937
2020-01-16,69.60942211149998
2020-01-17,73.2165907315242
2020-01-18,75.06151562149226
2020-01-19,65.15347748636786
2020-01-20,65.2343744871716
2020-01-21,66.61586321394107
2020-01-22,64.61203099041248
2020-01-23,58.3494871429704
2020-01-24,58.422827828553736
2020-01-25,56.39571335084733
2020-01-26,61.87396516005249
2020-01-27,63.91523717193201
2020-01-28,67.52001910929857
2020-01-29,66.71465429265079
2020-01-30,72.38412535767729
2020-01-31,67.1235313784422
2020-02-01,69.12982944017959
2020-02-02,71.7694104539894
2020-02-03,72.26769163387263
2020-02-04,70.74977920192823
2020-02-05,78.45849219470279
2020-02-06,80.93878129998306
2020-02-07,83.5783731545529
2020-02-08,83.84550236479718
2020-02-09,84.91503815699045
2020-02-10,79.45947190885731
2020-02-11,83.10827713812823
2020-02-12,88.025596657332
2020-02-13,88.19035707218015
2020-02-14,90.108638634947
2020-02-15,74.77733706198963
2020-02-16,72.16884011080154
2020-02-17,73.56242242934104
2020-02-18,77.34321391156482
2020-02-19,64.22559114093295
2020-02-20,62.97474937009376
2020-02-21,65.14997302088248
2020-02-22,62.883374971628925
2020-02-23,66.8433487382344
2020-02-24,61.197251452877445
2020-02-25,53.88564329442772
2020-02-26,45.45137080157923
2020-02-27,45.728796614560075
2020-02-28,46.688233642144624
2020-02-29,43.56333972486748
2020-03-01,43.02832945758028
2020-03-02,48.7870511775859
2020-03-03,46.03219932855105
2020-03-04,45.98059969031614
2020-03-05,47.788088619091155
2020-03-06,55.09498781432941
2020-03-07,52.11325282605237
2020-03-08,39.240270994582744
2020-03-09,38.48183447002495
2020-03-10,38.822718126096845
2020-03-11,36.75023378642272
2020-03-12,21.252520086826316
2020-03-13,30.44950067266062
2020-03-14,28.58340401740222
2020-03-15,29.20114696609967
2020-03-16,27.176928457022655
2020-03-17,30.07194554096582
2020-03-18,30.05461735484158
2020-03-19,37.656830250100164
2020-03-20,36.39550650086097
2020-03-21,36.77889625728865
2020-03-22,34.47763533042023
2020-03-23,39.77620884395432
2020-03-24,41.264334451495436
2020-03-25,40.33295584213014
2020-03-26,41.411031584074166
2020-03-27,39.88921927232319
2020-03-28,39.056587961425464
2020-03-29,37.21291988155159
2020-03-30,41.162598775070904
2020-03-31,41.47359003719657
2020-04-01,42.736212693380374
2020-04-02,45.58960014052793
2020-04-03,45.90496720274365
2020-04-04,47.3937247471625
2020-04-05,46.67076674088795
2020-04-06,59.62639345716728
2020-04-07,56.62720722655368
2020-04-08,60.251707816592045
2020-04-09,58.505166440232706
2020-04-10,51.68280657307582
2020-04-11,52.09904237519078
2020-04-12,53.19207832594296
2020-04-13,51.233073171218535
2020-04-14,52.22561733984909
2020-04-15,48.65328970206711
2020-04-16,58.70953055473919
2020-04-17,58.25643647219167
2020-04-18,64.58666543869911
2020-04-19,60.31895706465724
2020-04-20,54.55288873728663
2020-04-21,54.769578541050834
2020-04-22,59.608179122848625
2020-04-23,60.85410053034419
2020-04-24,61.674799463185835
2020-04-25,64.19677945769962
2020-04-26,65.4969197038048
2020-04-27,65.11097883601022
2020-04-28,65.50786405288969
2020-04-29,72.26653481754315
2020-04-30,65.69107473056496
2020-05-01,67.85149260578868
2020-05-02,68.37406771418097
2020-05-03,65.12833779725423
2020-05-04,62.65006827750999
2020-05-05,60.991216221877295
2020-05-06,59.24267090781012
2020-05-07,64.47562189354664
2020-05-08,63.97716240684757
2020-05-09,62.50185150882261
2020-05-10,46.223299924701756
2020-05-11,45.22568102041146
2020-05-12,47.94283281897233
2020-05-13,54.003216061822656
2020-05-14,55.96444055790839
2020-05-15,50.53519530259598
2020-05-16,53.80464115363869
2020-05-17,57.15171380296338
2020-05-18,60.89710065407626
2020-05-19,60.212045827036285
2020-05-20,57.2118326883043
2020-05-21,49.94559161761343
2020-05-22,54.59255149849991
2020-05-23,54.48723854362887
2020-05-24,51.41480527718283
2020-05-25,52.6314295479156
2020-05-26,50.20632519937565
2020-05-27,54.56678721899664
2020-05-28,61.12835498270569
2020-05-29,61.83103281807632
2020-05-30,70.98428193913861
2020-05-31,62.40635882926108
2020-06-01,68.38694630475074
2020-06-02,61.30121400536299
2020-06-03,63.607062802853484
2020-06-04,63.434485881026745
2020-06-05,61.34715083075061
2020-06-06,62.0356793510741
2020-06-07,63.01870439088637
2020-06-08,63.69659903147845
2020-06-09,62.41888128197882
2020-06-10,64.01816356508583
2020-06-11,52.13712849767512
2020-06-12,55.45352108674144
2020-06-13,55.94102651841967
2020-06-14,52.008776288514284
2020-06-15,51.39482043007608
2020-06-16,53.85444667744185
2020-06-17,52.796141190825196
2020-06-18,51.03906231890322
2020-06-19,49.13162402526427
2020-06-20,49.24493354865262
2020-06-21,48.15125454017441
2020-06-22,59.46211473403654
2020-06-23,59.19579588773477
2020-06-24,52.367621685293244
2020-06-25,50.506272872430515
2020-06-26,48.40291372795478
2020-06-27,42.16590122101448
2020-06-28,45.324075022294764
2020-06-29,48.23251596643189
2020-06-30,46.52067951924093
2020-07-01,50.94616415133645
2020-07-02,47.47863907622811
2020-07-03,46.25603554142792
2020-07-04,49.54515621867729
2020-07-05,48.52727401979992
2020-07-06,58.799726970234204
2020-07-07,56.8416780234465
2020-07-08,61.795684347386405
2020-07-09,57.11423057268381
2020-07-10,56.56485901876661
2020-07-11,54.974116956177966
2020-07-12,56.501978601986245
2020-07-13,54.528568285109536
2020-07-14,55.632925872332784
2020-07-15,53.237952738916924
2020-07-16,48.43192110337036
2020-07-17,47.755230746853506
2020-07-18,50.96575133096534
2020-07-19,54.364059647818095
2020-07-20,51.052451521159114
2020-07-21,59.02549602482912
2020-07-22,70.17705360676953
2020-07-23,74.5217899523582
2020-07-24,76.11388724280452
2020-07-25,82.51772944242087
2020-07-26,83.56693633567559
2020-07-27,85.5823910634027
2020-07-28,81.0037720255594
2020-07-29,81.00595484153091
2020-07-30,84.34464824421529
2020-07-31,85.86814846164839
2020-08-01,90.05263157713499
2020-08-02,80.64266229870537
2020-08-03,82.3991778431926
2020-08-04,83.04357746700714
2020-08-05,84.2371287016593
2020-08-06,80.19672436239908
2020-08-07,72.45364675766564
2020-08-08,74.76359207735163
2020-08-09,73.02208096831407
2020-08-10,74.28591515062826
2020-08-11,65.61885867402509
2020-08-12,67.6390466003996
2020-08-13,74.98735832936437
2020-08-14,76.97600519025747
2020-08-15,74.35433570707728
2020-08-16,74.41097777820153
2020-08-17,74.35860641714926
2020-08-18,69.25736917993052
2020-08-19,61.3914769079144
2020-08-20,63.9062901742323
2020-08-21,52.511047041984426
2020-08-22,55.088283294505345
2020-08-23,53.65453971895548
2020-08-24,58.585952307964405
2020-08-25,50.01601214557729
2020-08-26,50.85781598407365
2020-08-27,49.547138158549956
2020-08-28,53.63515453261763
2020-08-29,55.273824721648744
2020-08-30,62.69027341136503
2020-08-31,64.48918047806028
2020-09-01,72.55175567113565
2020-09-02,59.64173311723327
2020-09-03,46.6118735849828
2020-09-04,47.284246401377956
2020-09-05,38.14254625783654
2020-09-06,42.839973105699315
2020-09-07,42.77249664187234
2020-09-08,40.1665011136589
2020-09-09,43.688495915280036
2020-09-10,47.04319927579309
2020-09-11,48.46390281198742
2020-09-12,51.0920917518631
2020-09-13,46.7771452025286
2020-09-14,49.06466717988167
2020-09-15,46.5485210028634
2020-09-16,46.89103151143591
2020-09-17,52.58791628830855
2020-09-18,50.83890310209862
2020-09-19,51.55973587774261
2020-09-20,47.995072899427974
2020-09-21,41.64536696982527
2020-09-22,41.94665436816603
2020-09-23,37.3969031587068
2020-09-24,45.35153978156562
2020-09-25,46.01636390714044
2020-09-26,46.79937076695227
2020-09-27,47.233581428634366
2020-09-28,47.053552086870525
2020-09-29,48.41019179182805
2020-09-30,48.50242881379065
2020-10-01,46.04971004726356
2020-10-02,43.98650141172693
2020-10-03,44.335229397545426
2020-10-04,46.72028876324244
2020-10-05,47.08627538820314
2020-10-06,42.28334721662415
2020-10-07,42.790604630559024
2020-10-08,47.22014639968272
2020-10-09,53.69908600886107
2020-10-10,55.57982830845904
2020-10-11,56.65779216418198
2020-10-12,61.421532995625284
2020-10-13,58.29595005713094
2020-10-14,56.91365672168269
2020-10-15,56.2126274361022
2020-10-16,50.54800993123549
2020-10-17,51.496326071940615
2020-10-18,55.835997143588735
2020-10-19,56.508593735612244
2020-10-20,50.77172830447003
2020-10-21,60.40449810754258
2020-10-22,66.8897804702573
2020-10-23,64.25967056377092
2020-10-24,65.10875245618153
2020-10-25,62.110569379263104
2020-10-26,55.741645498996206
2020-10-27,59.28523196041367
2020-10-28,52.459652597495676
2020-10-29,51.56663620657198
2020-10-30,50.17826496259799
2020-10-31,51.49513648251535
2020-11-01,55.321482333650785
2020-11-02,49.802828433905184
2020-11-03,51.87444132968601
2020-11-04,57.232111253520465
2020-11-05,62.404413834550844
2020-11-06,71.90154953257516
2020-11-07,63.31139037579816
2020-11-08,67.29051095994666
2020-11-09,63.00728182396159
2020-11-10,64.56713344920527
2020-11-11,67.28356035568405
2020-11-12,66.69909566059496
2020-11-13,69.5883972669195
2020-11-14,63.517086522149626
2020-11-15,58.352772327035176
2020-11-16,61.63641786207255
2020-11-17,66.18296336885362
2020-11-18,64.88521657188072
2020-11-19,61.50301183861752
2020-11-20,69.41037625917328
2020-11-21,74.87748558878091
2020-11-22,76.96331272082406
2020-11-23,80.98746611873902
2020-11-24,80.04263561592715
2020-11-25,68.2469529860461
2020-11-26,56.04178317234155
2020-11-27,55.74981497999979
2020-11-28,59.71602254145464
2020-11-29,64.6056632571064
2020-11-30,69.17386220053126
2020-12-01,63.41476669659328
2020-12-02,64.7525241240034
2020-12-03,67.01885324630506
2020-12-04,57.34596417417222
2020-12-05,60.42812982337552
2020-12-06,61.396655883970055
2020-12-07,59.17820764422144
2020-12-08,51.9126995372291
2020-12-09,55.0646760695767
2020-12-10,52.50086949490834
2020-12-11,49.786337545365065
2020-12-12,53.754170669310255
2020-12-13,57.223188400978565
2020-12-14,56.383297397441865
2020-12-15,56.80960592410745
2020-12-16,63.897867219607605
2020-12-17,64.76632287615864
2020-12-18,66.00018652145822
2020-12-19,67.03863818296786
2020-12-20,61.48583837134524
2020-12-21,55.40709377249154
2020-12-22,59.033412501757546
2020-12-23,49.82130687986551
2020-12-24,53.79727567681467
2020-12-25,56.03474834321148
2020-12-26,57.61441784982826
2020-12-27,64.81060856025887
2020-12-28,69.29155851948366
2020-12-29,69.43295361257462
2020-12-30,71.36286137573549
2020-12-31,68.42204134188438
2021-01-01,66.45820188637242
2021-01-02,71.31028237570398
2021-01-03,83.65172075758164
2021-01-04,84.94715756233602
2021-01-05,86.93515023573141
2021-01-06,89.06920841900359
2021-01-07,89.46456162175679
2021-01-08,89.40889017102097
2021-01-09,90.66709675041845
2021-01-10,87.09077514862216
2021-01-11,64.03417832700252
2021-01-12,59.91053083695609
2021-01-13,64.84012775162732
2021-01-14,68.77151180683576
2021-01-15,64.638423706502
2021-01-16,67.61488611100445
2021-01-17,68.09220840032233
2021-01-18,68.5706250019041
2021-01-19,74.11009404150096
2021-01-20,72.24036147520548
2021-01-21,53.518813245675744
2021-01-22,58.56832439843347
2021-01-23,58.39464653700113
2021-01-24,65.00752676146035
2021-01-25,60.85221878196918
2021-01-26,62.37543002760536
2021-01-27,55.004011699038344
2021-01-28,59.28803064671663
2021-01-29,61.02413947128416
2021-01-30,60.78675903158711
2021-01-31,56.59951572740343
2021-02-01,59.14942624080788
2021-02-02,65.54068515595772
2021-02-03,69.98008909799024
2021-02-04,66.49556333440692
2021-02-05,70.02011052019485
2021-02-06,67.51094296796376
2021-02-07,63.03449833650527
2021-02-08,67.41846971304697
2021-02-09,68.28537199032557
2021-02-10,66.7010055355552
2021-02-11,68.0210914950575
2021-02-12,70.1002900636159
2021-02-13,67.98557575780394
2021-02-14,67.35070588121731
2021-02-15,65.33779209510305
2021-02-16,64.73870200838732
2021-02-17,67.71927166591053
2021-02-18,71.24976029562512
2021-02-19,72.31987204552861
2021-02-20,67.743481628803
2021-02-21,68.67667697357462
2021-02-22,55.36583706173528
2021-02-23,43.69515666709503
2021-02-24,46.80006111450863
2021-02-25,41.095328855416604
2021-02-26,39.079367607171676
2021-02-27,39.83767165118908
2021-02-28,38.57476059703895
2021-03-01,47.24216440045701
2021-03-02,43.707729053391695
2021-03-03,48.98519219002427
2021-03-04,46.68119369188932
2021-03-05,46.31524054634372
2021-03-06,53.38355440502591
2021-03-07,56.23713411350185
2021-03-08,60.88640313100432
2021-03-09,62.332922006868564
2021-03-10,58.52808693925302
2021-03-11,59.62801406073089
2021-03-12,55.74653697861659
2021-03-13,62.74645444934869
2021-03-14,59.365555268132965
2021-03-15,54.74119687859568
2021-03-16,54.74348814838734
2021-03-17,55.87444188036977
2021-03-18,53.432146220105146
2021-03-19,55.06471015194118
2021-03-20,55.20429756799978
2021-03-21,53.10497015732993
2021-03-22,46.593601001773585
2021-03-23,45.50257143093546
2021-03-24,40.50902664791099
2021-03-25,40.67834761218937
2021-03-26,48.843550183728325
2021-03-27,50.390254229281474
2021-03-28,48.09153613732798
2021-03-29,56.29849301784746
2021-03-30,57.98666978274547
2021-03-31,62.025369249792384
2021-04-01,64.64324512407566
2021-04-02,71.07533624966437
2021-04-03,62.84004103969467
2021-04-04,64.93862016078613
2021-04-05,65.81920853062175
2021-04-06,66.52988199912598
2021-04-07,56.8885835495747
2021-04-08,61.18012723637578
2021-04-09,60.31274960080366
2021-04-10,63.19660805769166
2021-04-11,63.8227350977582
2021-04-12,63.69576894868002
2021-04-13,70.12654638389823
2021-04-14,74.31102889584417
2021-04-15,76.68281621334292
2021-04-16,69.61062869853353
2021-04-17,63.63894698154938
2021-04-18,57.55175672259407
2021-04-19,53.38042198466717
2021-04-20,60.04182738884847
2021-04-21,61.3616457126486
2021-04-22,63.404986012248344
2021-04-23,59.592552133811026
2021-04-24,52.98411815940335
2021-04-25,55.78631439784759
2021-04-26,63.94436397618157
2021-04-27,67.39988535232729
2021-04-28,69.83011175641695
2021-04-29,70.3443171277656
2021-04-30,70.60462908964975
2021-05-01,74.93987207578336
2021-05-02,75.00988828494951
2021-05-03,82.83132894712845
2021-05-04,74.63687726921597
2021-05-05,78.35373642713252
2021-05-06,77.12312410787109
2021-05-07,76.2134579002337
2021-05-08,81.51227398961304
2021-05-09,81.82848613508645
2021-05-10,82.25444844721575
2021-05-11,84.3395905672478
2021-05-12,75.762199340889
2021-05-13,64.46835298468298
2021-05-14,70.93411503636187
2021-05-15,58.95897132769263
2021-05-16,56.3192566610002
2021-05-17,49.88051754732991
2021-05-18,51.71524556317265
2021-05-19,37.691486275358464
2021-05-20,42.57051908887323
2021-05-21,37.782673456242435
2021-05-22,36.64670448593228
2021-05-23,34.095530910545435
2021-05-24,44.21101863628754
2021-05-25,45.43114697533968
2021-05-26,48.401837143862394
2021-05-27,46.41598961724304
2021-05-28,41.61746052061287
2021-05-29,39.903775509643836
2021-05-30,41.996044482582256
2021-05-31,47.84257956847995
2021-06-01,46.64048163234326
2021-06-02,48.30641669762473
2021-06-03,51.05863591866447
2021-06-04,47.86366298308087
2021-06-05,46.309839886728845
2021-06-06,48.47077778979591
2021-06-07,46.36548143194161
2021-06-08,44.762589398226815
2021-06-09,46.8739282679878
2021-06-10,44.25920509566551
2021-06-11,41.52196812561462
2021-06-12,42.527263005177055
2021-06-13,45.984690051083106
2021-06-14,47.956342613728644
2021-06-15,47.33175325837928
2021-06-16,42.61601132511823
2021-06-17,42.852310534717745
2021-06-18,39.44761688329303
2021-06-19,38.31199596553477
2021-06-20,40.81314302240727
2021-06-21,33.451394523374205
2021-06-22,32.840628813804784
2021-06-23,36.443955764526756
2021-06-24,37.38420594291489
2021-06-25,33.6936425209811
2021-06-26,33.36022030136159
2021-06-27,39.91797101923019
2021-06-28,44.100290735232825
2021-06-29,47.22746814563593
2021-06-30,50.58418783234413
2021-07-01,45.75159949937322
2021-07-02,46.97757060379811
2021-07-03,49.2731184215807
2021-07-04,52.93613957366918
2021-07-05,49.20463773419689
2021-07-06,52.54482552857019
2021-07-07,52.50643415056917
2021-07-08,45.58613148569429
2021-07-09,46.91135395141982
2021-07-10,45.65013012399939
2021-07-11,46.62381864586836
2021-07-12,42.79808917489064
2021-07-13,39.73780802945293
2021-07-14,42.2520175533862
2021-07-15,39.57269237670464
2021-07-16,38.42608301643525
2021-07-17,39.45092384357154
2021-07-18,39.29116104219615
2021-07-19,36.65737708706426
2021-07-20,35.32323115005831
2021-07-21,46.66927070792702
2021-07-22,48.3950041436314
2021-07-23,52.66838747698983
2021-07-24,55.545655933806984
2021-07-25,55.896995344214275
2021-07-26,58.25133620572698
2021-07-27,60.17249607326176
2021-07-28,60.640013895643975
2021-07-29,64.2930617340408
2021-07-30,66.82836037256857
2021-07-31,70.01994395710294
2021-08-01,70.65255000903244
2021-08-02,72.44127429027657
2021-08-03,64.33745380961174
2021-08-04,71.33436215572083
2021-08-05,73.84303287157601
2021-08-06,75.33178579706076
2021-08-07,80.27212412296699
2021-08-08,73.1071747425214
2021-08-09,75.73854006510847
2021-08-10,74.74320708406891
2021-08-11,75.31003161750488
2021-08-12,67.3904885993309
2021-08-13,73.73608513352504
