time,STOCHRSIk_14_14_3_3,STOCHRSId_14_14_3_3
2016-02-01,13.1272310011175,32.18850836088102
2016-02-02,7.618305718984371,17.06172246517154
2016-02-03,17.167743934078064,12.63776021805998
2016-02-04,27.185022341852942,17.323690664971796
2016-02-05,29.938052861311814,24.76360637908094
2016-02-06,29.712127174519,28.945067459227918
2016-02-07,36.82602597229329,32.15873533604137
2016-02-08,55.66312199831822,40.73375838171017
2016-02-09,79.67294280335067,57.38736359132073
2016-02-10,95.87509893113486,77.07038791093458
2016-02-11,100.00000000000001,91.84934724482851
2016-02-12,89.56497519234584,95.14669137449357
2016-02-13,73.17551486108697,87.58016335114428
2016-02-14,55.30645034530179,72.68231346624488
2016-02-15,43.076413409733014,57.18612620537393
2016-02-16,26.132540407658553,41.50513472089779
2016-02-17,10.668271590110386,26.62574180250066
2016-02-18,4.73422879416422,13.845013597311064
2016-02-19,11.145862135832402,8.849454173369013
2016-02-20,14.68639075535983,10.188827228452162
2016-02-21,15.72778402506267,13.853345638751646
2016-02-22,21.52817529355919,17.314116691327243
2016-02-23,30.292939209059615,22.51629950922717
2016-02-24,40.18874201821043,30.669952173609754
2016-02-25,45.72777087613323,38.73648403446777
2016-02-26,50.88890347239447,45.60180545557938
2016-02-27,58.0338565804642,51.55017697633064
2016-02-28,64.9397993856134,57.95418647949069
2016-02-29,73.56693555555155,65.51353050720972
2016-03-01,84.08389090779728,74.19687528298742
2016-03-02,92.76022796789391,83.47035147708091
2016-03-03,100.0,92.28137295856374
2016-03-04,100.0,97.58674265596464
2016-03-05,100.0,100.0
2016-03-06,100.0,100.0
2016-03-07,70.10170688453637,90.03390229484546
2016-03-08,42.34721400977191,70.81630696476942
2016-03-09,26.368603192829056,46.27250802904578
2016-03-10,30.416992250040835,33.04426981754727
2016-03-11,29.383616548599758,28.723070663823222
2016-03-12,28.43526102713678,29.41195660859246
2016-03-13,41.73042093516966,33.18309950363541
2016-03-14,37.18495617804186,35.783546046782774
2016-03-15,24.291657424720867,34.402344845977474
2016-03-16,3.632458164025356,21.7030239222627
2016-03-17,3.632458164025356,10.518857917590532
2016-03-18,0.11938992241884587,2.4614354168231927
2016-03-19,0.0,1.2506160288147405
2016-03-20,0.0,0.039796640806288565
2016-03-21,8.299879833105036,2.766626611035019
2016-03-22,13.012815851309114,7.104231894804724
2016-03-23,22.989575723960986,14.76742380279172
2016-03-24,16.79987050370291,17.600754026324342
2016-03-25,12.086934485498832,17.292126904387583
2016-03-26,3.93404852373045,10.940284504310739
2016-03-27,1.82387391088349,5.9482856400376
2016-03-28,12.416046028834907,6.057989487816293
2016-03-29,22.899045054841427,12.379654998186618
2016-03-30,43.851271805972154,26.38878762988284
2016-03-31,45.08285138233729,37.277722747716965
2016-04-01,48.65107025079243,45.861731146367305
2016-04-02,43.38143512063724,45.705118917922334
2016-04-03,46.895970014511825,46.309491795313846
2016-04-04,35.56856185838357,41.94865566451089
2016-04-05,19.88597023740803,34.11683403676782
2016-04-06,11.377220152475651,22.277250749422432
2016-04-07,6.829536503258754,12.697575631047492
2016-04-08,6.829536503258754,8.345431052997732
2016-04-09,1.1842378929335002e-15,4.553024335505849
2016-04-10,1.1842378929335002e-15,2.276512167752931
2016-04-11,1.1842378929335002e-15,1.3322676295501878e-14
2016-04-12,1.1842378929335002e-15,1.3322676295501878e-14
2016-04-13,6.868990568857284,2.289663522952441
2016-04-14,18.582182003680714,8.483724190846013
2016-04-15,28.4320927677478,17.961088446761945
2016-04-16,35.901063822007366,27.638446197811973
2016-04-17,50.937927651714695,38.42369474715664
2016-04-18,67.20953600983383,51.3495091611853
2016-04-19,76.03282136279019,64.72676167477958
2016-04-20,71.30530899599471,71.51588878953959
2016-04-21,62.51471107095037,69.9509471432451
2016-04-22,53.49670278864969,62.43890761853161
2016-04-23,55.68016905537758,57.230527638325896
2016-04-24,56.855033075714715,55.34396830658068
2016-04-25,54.81599638548612,55.78373283885949
2016-04-26,31.91817608370636,47.863068514969086
2016-04-27,25.209490584586025,37.314554351259524
2016-04-28,13.753329496804199,23.626998721698886
2016-04-29,19.61295723973006,19.525259107040124
2016-04-30,41.149190854704734,24.838492530413024
2016-05-01,73.14045715383493,44.634201749423276
2016-05-02,99.305973881559,71.19854063003292
2016-05-03,90.97619599480497,87.80754234339967
2016-05-04,83.48330543635274,91.25515843757228
2016-05-05,79.10473743800515,84.52141295638766
2016-05-06,78.22972901638657,80.27259063024819
2016-05-07,77.35669950019322,78.23038865152834
2016-05-08,73.96104025968525,76.51582292542172
2016-05-09,73.32371076592086,74.88048350859981
2016-05-10,72.92651575825674,73.40375559462099
2016-05-11,78.01222294231347,74.75414982216374
2016-05-12,86.90060473541793,79.27978114532942
2016-05-13,96.35774593616866,87.0901912046334
2016-05-14,86.91625928102042,90.0582033175357
2016-05-15,64.018975296441,82.4309935045434
2016-05-16,64.018975296441,71.65140329130084
2016-05-17,76.14898200638807,68.06231086642339
2016-05-18,100.0,80.05598576760973
2016-05-19,100.0,92.04966066879605
2016-05-20,89.42422168737653,96.47474056245888
2016-05-21,80.55604668235019,89.99342278990895
2016-05-22,72.74675913643121,80.90900916871935
2016-05-23,64.64628758595545,72.649697801579
2016-05-24,45.707973210647715,61.03367331101149
2016-05-25,23.038871012291906,44.46437726963173
2016-05-26,11.271370309998325,26.672738177646025
2016-05-27,5.744526356999068,13.35158922642981
2016-05-28,7.631450797538187,8.21578248817857
2016-05-29,12.820182781887715,8.732053312141701
2016-05-30,22.800319675945897,14.417317751790646
2016-05-31,35.58630063907375,23.735601032302498
2016-06-01,43.85798501976611,34.0815351115953
2016-06-02,53.25334291664259,44.23254285849419
2016-06-03,55.557805934173984,50.88971129019427
2016-06-04,56.90618836956051,55.2391124067924
2016-06-05,66.66240657384157,59.70880029252539
2016-06-06,77.25577456058546,66.94145650132923
2016-06-07,92.89072632554985,78.936302486659
2016-06-08,96.3878026123316,88.84476783282236
2016-06-09,98.0299247251837,95.76948455435512
2016-06-10,80.8399330886151,91.75255347537687
2016-06-11,66.1212562005886,81.66370467146254
2016-06-12,67.38678742406901,71.44932557109098
2016-06-13,84.57677906063762,72.69494089509847
2016-06-14,99.99999999999996,83.98785549490225
2016-06-15,94.92779409294508,93.16819105119426
2016-06-16,94.92779409294508,96.61852939529676
2016-06-17,61.59446075961174,83.81668298183403
2016-06-18,33.333333333333286,63.285196061963426
2016-06-19,2.8594035010221384,32.59573253132245
2016-06-20,4.446114974847233,13.546283936400942
2016-06-21,9.67278782984816,5.659435435239234
2016-06-22,12.500965937185427,8.873289580626997
2016-06-23,18.143212765606094,13.438988844213284
2016-06-24,21.719178087057983,17.454452263283226
2016-06-25,24.730701346006782,21.531030732890343
2016-06-26,24.704983451880405,23.718287628315114
2016-06-27,23.796699669215844,24.410794822367734
2016-06-28,17.55555161593008,22.0190782456755
2016-06-29,14.591497540995173,18.647916275380425
2016-06-30,18.649849485745165,16.932299547556866
2016-07-01,27.451207070214654,20.23085136565172
2016-07-02,27.252854710879436,24.45130375561314
2016-07-03,15.300148372341182,23.33473671781181
2016-07-04,4.040833973849208,15.53127901902333
2016-07-05,0.0,6.446994115396851
2016-07-06,0.5946504149358277,1.5451614629283998
2016-07-07,0.5946504149358277,0.39643360995727317
2016-07-08,17.51243367302637,6.233911500966062
2016-07-09,30.998607016019218,16.368563701327194
2016-07-10,45.20542025626097,31.23882031510224
2016-07-11,42.85044108923015,39.68482278717017
2016-07-12,43.12010615425686,43.72532249991605
2016-07-13,42.72439899384754,42.8983154124449
2016-07-14,61.494928236121154,49.113144461408574
2016-07-15,80.47777274649906,61.56569999215597
2016-07-16,96.02247943130614,79.33172680464217
2016-07-17,85.51676087312273,87.33900435030937
2016-07-18,72.58134330250084,84.70686120230995
2016-07-19,73.647249647656,77.24845127442659
2016-07-20,84.15296820583941,76.79385371866549
2016-07-21,97.0883857764613,84.9628678766523
2016-07-22,99.99999999999994,93.74711799410028
2016-07-23,96.42383768423758,97.83740782023301
2016-07-24,79.1046597365136,91.84283247358378
2016-07-25,68.26691239536315,81.26513660537152
2016-07-26,49.31347113865207,65.56168109017635
2016-07-27,46.15379509090079,54.578059541638744
2016-07-28,35.23490998458856,43.56739207138056
2016-07-29,35.928351398461125,39.10568549131691
2016-07-30,31.664842539824217,34.27603464095805
2016-07-31,24.156270560826528,30.583154833037373
2016-08-01,12.65909938609409,22.826737495581693
2016-08-02,4.068128906872936,13.6278329512646
2016-08-03,11.153382021237194,9.293536771401486
2016-08-04,25.419934282200753,13.547148403437042
2016-08-05,40.65695502901795,25.74342377748538
2016-08-06,47.453145715493655,37.8433450089042
2016-08-07,51.36604854669372,46.49204976373519
2016-08-08,61.080223951314984,53.29980607116753
2016-08-09,76.46398457693537,62.97008569164811
2016-08-10,89.70757120615541,75.750593244802
2016-08-11,92.64051702868979,86.27069093726027
2016-08-12,88.06750597162996,90.13853140215845
2016-08-13,83.22682554629105,87.97828284887032
2016-08-14,78.77557528396528,83.35663560062882
2016-08-15,72.41963757649442,78.14067946891699
2016-08-16,54.2668246584887,68.48734583964954
2016-08-17,30.833932946841614,52.506798393941644
2016-08-18,8.429548378038978,31.176768661123166
2016-08-19,0.0,13.0878271082936
2016-08-20,17.9284306665439,8.78599301486103
2016-08-21,31.890861389874278,16.606430685472795
2016-08-22,43.56404994999618,31.127780668804856
2016-08-23,35.70905052872114,37.054653956197264
2016-08-24,35.244968420718486,38.17268963314534
2016-08-25,55.297166057068615,42.08372833550282
2016-08-26,75.08427352923572,55.208802669007675
2016-08-27,85.63356351778542,72.00500103469666
2016-08-28,67.11893488773445,75.94559064491861
2016-08-29,47.40711666186098,66.71987168912703
2016-08-30,55.12087406831743,56.54897520597103
2016-08-31,75.24344983522968,59.257146855136114
2016-09-01,98.42806267700048,76.26412886018261
2016-09-02,99.99999999999996,91.22383750407677
2016-09-03,91.23360087568587,96.55388785089549
2016-09-04,77.55015882843092,89.59458656803899
2016-09-05,64.54655355636085,77.77677108682595
2016-09-06,58.48503523717782,66.86058254065661
2016-09-07,51.97216753901585,58.33458544418492
2016-09-08,38.164657431575485,49.540620069256455
2016-09-09,35.62439551888854,41.9204068298267
2016-09-10,54.26602606017326,42.68502633687917
2016-09-11,61.309179212424276,50.39986693049544
2016-09-12,63.36596105300854,59.647055441868766
2016-09-13,50.87700038444817,58.51738021662707
2016-09-14,55.90839183968583,56.71711775904759
2016-09-15,58.87588819599779,55.22042680671067
2016-09-16,72.91952806869037,62.56793603479141
2016-09-17,87.65609884071212,73.15050503513349
2016-09-18,87.01688399230873,82.53083696723714
2016-09-19,85.88981335798474,86.85426539700192
2016-09-20,85.88981335798474,86.26550356942613
2016-09-21,84.1968046824684,85.32547713281268
2016-09-22,60.75070593678347,76.94577465907891
2016-09-23,37.86790199694024,60.93847087206408
2016-09-24,24.0656106048778,40.89473951286722
2016-09-25,17.596723699560133,26.510078767126107
2016-09-26,7.146194306070028,16.269509536836036
2016-09-27,5.415322223453534,10.05274674302795
2016-09-28,9.113283589561194,7.224933373028303
2016-09-29,11.862487142449302,8.797030985154727
2016-09-30,13.279120173655087,11.418296968555245
2016-10-01,11.399720309400385,12.180442541834976
2016-10-02,13.498452459299394,12.725764314118338
2016-10-03,17.261552719422085,14.053241829374004
2016-10-04,22.72264711270171,17.827550763807782
2016-10-05,17.874711409914596,19.286303747346178
2016-10-06,9.570932943139296,16.72276382191858
2016-10-07,0.0,9.148548117684678
2016-10-08,0.0,3.1903109810464785
2016-10-09,0.0,4.677739677087326e-14
2016-10-10,0.0,4.677739677087326e-14
2016-10-11,0.0,4.677739677087326e-14
2016-10-12,1.7427131773511382,0.5809043924504261
2016-10-13,7.256453582826804,2.999722253392694
2016-10-14,11.70979913830343,6.902988632827171
2016-10-15,16.038562117746718,11.668271612959032
2016-10-16,16.749710127514245,14.832690461188179
2016-10-17,19.650342671640963,17.479538305634026
2016-10-18,46.90766185831629,27.769238219157216
2016-10-19,55.23965437568781,40.59921963521507
2016-10-20,65.06991959552052,55.739078609841584
2016-10-21,49.688467702191794,56.66601389113342
2016-10-22,51.7619333240894,55.50677354060061
2016-10-23,48.1221415459755,49.85751419075226
2016-10-24,42.60227601505487,47.495450295039966
2016-10-25,25.971929460542544,38.89878234052435
2016-10-26,19.241272475424207,29.27182598367392
2016-10-27,13.17497186150842,19.462724599158438
2016-10-28,13.17497186150842,15.197072066147067
2016-10-29,6.3611773053046115,10.903707009440533
2016-10-30,19.171039833983784,12.902396333598988
2016-10-31,34.944810598792635,20.15900924602706
2016-11-01,53.74093370505873,35.95226137927843
2016-11-02,54.17672433681821,47.62082288022324
2016-11-03,59.119223664493084,55.67896056879005
2016-11-04,70.90815909378178,61.40136903169775
2016-11-05,84.18072217650814,71.40270164492772
2016-11-06,92.4979712718108,82.52895084736694
2016-11-07,88.85027616185721,88.50965653672542
2016-11-08,81.34353914300624,87.56392885889146
2016-11-09,72.26331575186913,80.81904368557757
2016-11-10,61.780298737377244,71.79571787741757
2016-11-11,47.351394326470434,60.4650029385723
2016-11-12,27.39809852982118,45.50993053122298
2016-11-13,22.59923729131589,32.44957671586919
2016-11-14,20.908454698513072,23.635263506550064
2016-11-15,41.219120359062984,28.242270782964
2016-11-16,44.037948170395964,35.38850774265736
2016-11-17,47.1033890572321,44.12015252889703
2016-11-18,29.430787039242215,40.190708088956775
2016-11-19,28.633478842540185,35.05588497967151
2016-11-20,27.79879711612249,28.621020999301646
2016-11-21,35.75073088907283,30.72766894924518
2016-11-22,55.4070594351712,39.65219581345552
2016-11-23,74.59228992439166,55.25002674954524
2016-11-24,74.27524923498446,68.09153286484911
2016-11-25,63.93822329269807,70.9352541506914
2016-11-26,50.99427363459616,63.06924872075958
2016-11-27,44.28519001471012,53.07256231400146
2016-11-28,21.288882623663184,38.85611542432317
2016-11-29,3.5638731062171423,23.0459819148635
2016-11-30,20.110381612726332,14.98771244753557
2016-12-01,37.18875727099023,20.28767066331125
2016-12-02,41.1628365777456,32.82065848715407
2016-12-03,34.08083680041069,37.47747688304886
2016-12-04,23.561823278176405,32.93516555211091
2016-12-05,19.58774397142103,25.743468016669386
2016-12-06,39.132852961845785,27.427473403814417
2016-12-07,65.90682415914951,41.54247369747211
2016-12-08,98.06507443832136,67.70158385310556
2016-12-09,98.82491694583852,87.59893851443645
2016-12-10,94.10717455927922,96.99905531447969
2016-12-11,92.3751184003783,95.10240330183201
2016-12-12,92.3751184003783,92.95247045334527
2016-12-13,95.55354694209142,93.43459458094935
2016-12-14,94.54148074515349,94.15671536254108
2016-12-15,85.0271858714611,91.70740451956867
2016-12-16,77.90057064544528,85.82307908735328
2016-12-17,72.32861444569075,78.4187903208657
2016-12-18,74.66459489356343,74.96459332823315
2016-12-19,53.70710989390262,66.90010641105226
2016-12-20,30.902837184772153,53.09151399074606
2016-12-21,23.16239628477518,35.92411445448331
2016-12-22,23.798162634052122,25.954465367866487
2016-12-23,22.760263619604093,23.24027417947713
2016-12-24,8.158986650665012,18.23913763477374
2016-12-25,6.370179031024191,12.429809767097765
2016-12-26,11.630889166727975,8.720018282805727
2016-12-27,10.199601590926777,9.40022326289298
2016-12-28,40.976056931813446,20.935515896489395
2016-12-29,69.04868012944299,40.07477955072773
2016-12-30,97.80954222271083,69.27809309465574
2016-12-31,93.13921868649216,86.66581367954865
2017-01-01,89.76277607680328,93.57051232866876
2017-01-02,91.95323385409239,91.61840953912927
2017-01-03,96.62355739031106,92.77985577373558
2017-01-04,99.99999999999994,96.19226374813447
2017-01-05,91.07058158769634,95.89804632600244
2017-01-06,81.04273614130862,90.70443924300163
2017-01-07,69.02941278115532,80.38091017005343
2017-01-08,68.79665394141671,72.95626762129355
2017-01-09,68.89619239768955,68.90741970675386
2017-01-10,70.0602977785004,69.25104803920222
2017-01-11,54.27812514059287,64.41153843892761
2017-01-12,36.223511765740476,53.52064489494459
2017-01-13,19.580787935187583,36.694141613840316
2017-01-14,15.575775866624701,23.793358522517593
2017-01-15,12.067761160974321,15.74144165426221
2017-01-16,6.2263696375363216,11.289968888378459
2017-01-17,10.84608912358452,9.713406640698397
2017-01-18,25.13097399478721,14.067810918636027
2017-01-19,45.979033080199855,27.318698732857204
2017-01-20,62.966976468142526,44.69232784770988
2017-01-21,79.79966019259997,62.915223246980794
2017-01-22,81.08878767402088,74.61847477825447
2017-01-23,79.57387989239018,80.15410925300368
2017-01-24,60.61226176606048,73.75830977749052
2017-01-25,51.08974453353405,63.75862873066158
2017-01-26,42.689419330137326,51.463808543243964
2017-01-27,40.469330607227704,44.749498156966375
2017-01-28,40.66286465654935,41.2738715313048
2017-01-29,33.852722421053336,38.32830589494347
2017-01-30,26.62116553976254,33.71225087245508
2017-01-31,25.164045749555328,28.54597790345707
2017-02-01,28.164518051040194,26.649909780119355
2017-02-02,41.782942879704564,31.70383556010003
2017-02-03,55.6682823166287,41.871914415791146
2017-02-04,76.73488432018901,58.06203650550742
2017-02-05,81.51921835771729,71.30746166484501
2017-02-06,82.37658499239937,80.21022922343522
2017-02-07,80.13662560656338,81.34414298556003
2017-02-08,81.918136224629,81.47711560786392
2017-02-09,55.824346559601224,72.62636946359787
2017-02-10,38.92393075230387,58.888804512178034
2017-02-11,32.035605334229466,42.26129421537819
2017-02-12,48.684129223883495,39.88122177013895
2017-02-13,46.45700283331107,42.39224579714135
2017-02-14,61.94768897261488,52.36294034326982
2017-02-15,76.0664593513688,61.490383719098254
2017-02-16,90.65735814829242,76.2238354907587
2017-02-17,80.22166063569667,82.31515937845263
2017-02-18,74.00420869369478,81.6277424925613
2017-02-19,70.68185207484233,74.96924046807793
2017-02-20,65.28565537147055,69.99057204666923
2017-02-21,60.09500695797423,65.35417146809571
2017-02-22,53.27539085337014,59.552017727604984
2017-02-23,58.050383836559355,57.14026054930125
2017-02-24,57.27232171279909,56.19936546757621
2017-02-25,67.9664917142755,61.09639908787799
2017-02-26,79.02339294705382,68.08740212470948
2017-02-27,93.7755944912377,80.25515971752235
2017-02-28,99.87562898927956,90.89153880919038
2017-03-01,99.87562898927956,97.84228415659896
2017-03-02,99.87562898927956,99.87562898927958
2017-03-03,99.99999999999999,99.91708599285306
2017-03-04,84.61821358916018,94.83128085947993
2017-03-05,71.23868901687972,85.28563420201333
2017-03-06,59.16343247578411,71.6734450272747
2017-03-07,50.22308584956297,60.20840244740896
2017-03-08,30.269277088510105,46.551931804619095
2017-03-09,13.53602601257643,31.3427963168832
2017-03-10,13.695510171314007,19.16693775746688
2017-03-11,28.66777898245611,18.63310505544888
2017-03-12,42.553966795144085,28.30575198297143
2017-03-13,58.471058566924576,43.23093478150829
2017-03-14,68.61599668060948,56.54700734755942
2017-03-15,79.69107553027713,68.92604359260376
2017-03-16,87.75619028834468,78.68775416641047
2017-03-17,93.9639738011568,87.13707987325957
2017-03-18,69.14775724570356,83.62264044506838
2017-03-19,49.215609170526456,70.77578007246233
2017-03-20,28.82445331970648,49.06260657864556
2017-03-21,35.4901453540518,37.84340261476164
2017-03-22,27.866981230593694,30.727193301450722
2017-03-23,24.20017747257496,29.18576801907355
2017-03-24,27.43534059042305,26.50083309786397
2017-03-25,31.28651426935512,27.64067744411778
2017-03-26,33.636191636389064,30.786015498722477
2017-03-27,25.77196410025577,30.231556668666716
2017-03-28,24.239910651365133,27.88268879600339
2017-03-29,24.871188116672503,24.961020956097865
2017-03-30,26.69183815687464,25.267645641637486
2017-03-31,28.38951925564381,26.650848509730377
2017-04-01,20.38890657373993,25.156754662086186
2017-04-02,11.861753094271215,20.21339297455171
2017-04-03,2.2473729792378023,11.499344215749707
2017-04-04,0.23501350126794898,4.781379858259046
2017-04-05,2.951466340340451,1.8112842736154586
2017-04-06,2.951466340340451,2.0459820606496746
2017-04-07,2.7164528390724603,2.873128506584512
2017-04-08,5.73294865058142,3.800289276664835
2017-04-09,9.270697458871593,5.906699649508549
2017-04-10,12.993838736714906,9.332494948722697
2017-04-11,10.709713140098744,10.991416445228472
2017-04-12,19.138884133587773,14.280812003467197
2017-04-13,41.436923215194454,23.76184016296038
2017-04-14,50.31580544281663,36.96387093053301
2017-04-15,62.681328904789034,51.4780191876001
2017-04-16,55.13610954961371,56.04441463240651
2017-04-17,59.19978072905946,59.00573972782078
2017-04-18,60.71955005202947,58.351813443567586
2017-04-19,56.05327267720744,58.65753448609883
2017-04-20,59.66351524848299,58.81211265924001
2017-04-21,44.38854009570107,53.36844267379721
2017-04-22,41.60373155211352,48.55192896543257
2017-04-23,34.416180491818885,40.13615071321121
2017-04-24,45.224456566226536,40.414789536719695
2017-04-25,52.571507906308995,44.07071498811819
2017-04-26,73.0907732676282,56.96224591338795
2017-04-27,85.03859309261418,70.23362475551717
2017-04-28,99.99999999999996,86.04312212008081
2017-04-29,92.31220647941376,92.45026652400934
2017-04-30,90.94500595602705,94.41907081181363
2017-05-01,84.62453769166189,89.29391670903426
2017-05-02,84.3403556531397,86.63663310027624
2017-05-03,80.06494895109994,83.0099474319672
2017-05-04,86.3854172154651,83.59690727323495
2017-05-05,86.42984757463951,84.29340458040156
2017-05-06,86.12949614138279,86.31492031049584
2017-05-07,52.79616280804945,75.11850217469062
2017-05-08,36.14473551385523,58.35679815442919
2017-05-09,14.042728759220296,34.327875693708364
2017-05-10,20.555056649967767,23.580840307681132
2017-05-11,18.44610845562223,17.681297954936802
2017-05-12,16.406314316011393,18.4691598072005
2017-05-13,15.361969373395164,16.738130715009635
2017-05-14,15.141288987203595,15.636524225536759
2017-05-15,19.446211279742773,16.64982321344722
2017-05-16,17.746599255917328,17.44469984095461
2017-05-17,13.012115861404235,16.734975465688155
2017-05-18,17.2792764358074,16.012663851043033
2017-05-19,43.76912029246245,24.686837529891406
2017-05-20,75.41220476164085,45.48686716330361
2017-05-21,96.9248814476275,72.03540216724365
2017-05-22,99.99999999999996,90.7790287364228
2017-05-23,99.99999999999996,98.9749604825425
2017-05-24,99.99999999999996,99.99999999999999
2017-05-25,90.77450465586078,96.92483488528693
2017-05-26,70.21525719348648,86.99658728311577
2017-05-27,44.17803629911691,68.38926604948809
2017-05-28,32.26512491484509,48.88613946914953
2017-05-29,36.353493504531365,37.5988849061645
2017-05-30,51.635283048209864,40.084633822528815
2017-05-31,59.30507719694776,49.09795124989637
2017-06-01,56.29450512731315,55.74495512415697
2017-06-02,47.68382318914215,54.42780183780106
2017-06-03,42.50262691826949,48.82698507824164
2017-06-04,48.165268077593545,46.11723939500177
2017-06-05,54.24858662065291,48.305493872172015
2017-06-06,62.79864228844162,55.07083232889605
2017-06-07,67.98344986216671,61.676892923753776
2017-06-08,73.09708374991249,67.95972530017364
2017-06-09,81.18918238688404,74.08990533298778
2017-06-10,89.8231845961575,81.36981691098471
2017-06-11,96.88844933103474,89.30027210469213
2017-06-12,98.89610387682023,95.20257926800419
2017-06-13,96.89970281240342,97.5614186734195
2017-06-14,64.67026560224978,86.82202409715785
2017-06-15,31.49707823394858,64.35568221620063
2017-06-16,2.8759048367302333,33.014416224309564
2017-06-17,9.15576826285353,14.509583777844147
2017-06-18,8.99562229782139,7.00909846580175
2017-06-19,7.991319840254178,8.714236800309733
2017-06-20,1.7114564141308826,6.232799517402182
2017-06-21,1.7114564141308826,3.8047442228386803
2017-06-22,0.0,1.1409709427539543
2017-06-23,1.3405908973982479,1.017349103843076
2017-06-24,1.3405908973982479,0.8937272649321978
2017-06-25,1.3405908973982479,1.3405908973982805
2017-06-26,0.0,0.8937272649321978
2017-06-27,6.5707589440614305,2.637116613819926
2017-06-28,20.695173852728658,9.088644265596729
2017-06-29,29.663222107006977,18.97638496793239
2017-06-30,28.668634689799095,26.342343549844944
2017-07-01,17.672915127780055,25.33492397486208
2017-07-02,18.1870348608366,21.509528226138624
2017-07-03,20.550766343381195,18.803572110665993
2017-07-04,26.225861274386137,21.654554159534683
2017-07-05,24.342334672165226,23.706320763310888
2017-07-06,24.191168470618695,24.91978813905672
2017-07-07,15.387378192965565,21.306960445249867
2017-07-08,10.255016607894326,16.611187757159566
2017-07-09,2.4662798000426442,9.369558200300881
2017-07-10,2.4662798000426442,5.062525402659907
2017-07-11,0.0,1.6441865333617987
2017-07-12,14.795089679255758,5.753789826432836
2017-07-13,25.40485487588494,13.399981518380267
2017-07-14,33.17029997977811,24.456748178306302
2017-07-15,18.375210300522273,25.650121718728474
2017-07-16,7.765445103893086,19.77031846139786
2017-07-17,19.688113686800662,15.27625636373871
2017-07-18,53.021447020134,26.825001936942623
2017-07-19,75.06085354044062,49.25680474912513
2017-07-20,88.68719293195805,72.25649783084425
2017-07-21,86.25585361156361,83.3346333613208
2017-07-22,97.54978042459032,90.83094232270402
2017-07-23,96.49487292953908,93.4335023218977
2017-07-24,96.91240277072329,96.98568537495093
2017-07-25,88.00801347536292,93.80509639187513
2017-07-26,79.60870599465449,88.17637408024693
2017-07-27,72.33106796835683,79.98259581279143
2017-07-28,68.03906570825364,73.32627989042167
2017-07-29,70.79438960514075,70.38817442725042
2017-07-30,60.69049139727713,66.50798223689053
2017-07-31,53.11380469742556,61.53289523328116
2017-08-01,59.83157603131327,57.878624042005335
2017-08-02,71.9437785498829,61.62971975954059
2017-08-03,91.26469550758816,74.34668336292812
2017-08-04,87.30655692992606,83.50501032913239
2017-08-05,94.58970012472797,91.05365085408074
2017-08-06,96.04186142233785,92.64603949233064
2017-08-07,99.99999999999994,96.87718718235527
2017-08-08,99.99999999999994,98.68062047411259
2017-08-09,99.99999999999994,99.99999999999996
2017-08-10,99.99999999999994,99.99999999999996
2017-08-11,99.99999999999994,99.99999999999996
2017-08-12,99.65890207431632,99.88630069143875
2017-08-13,92.21479009441559,97.29123072291064
2017-08-14,84.20026999728672,92.02465405533957
2017-08-15,67.06974596458618,81.16160201876285
2017-08-16,62.631425902955954,71.30048062160962
2017-08-17,59.17913481449367,62.96010222734528
2017-08-18,47.905977479595514,56.572179399015056
2017-08-19,28.09792396468109,45.06101208625677
2017-08-20,11.72257240781702,29.242157950697884
2017-08-21,31.924180366057552,23.91489224618523
2017-08-22,46.54769236454854,30.064815046141046
2017-08-23,60.11129377126647,46.19438883395753
2017-08-24,59.95054372600665,55.536509953940566
2017-08-25,73.95833895319844,64.6733921501572
2017-08-26,88.23690028893573,74.04859432271361
2017-08-27,96.94082166923734,86.37868697045718
2017-08-28,99.99999999999993,95.05924065272434
2017-08-29,99.99999999999993,98.98027388974576
2017-08-30,99.99999999999993,99.99999999999996
2017-08-31,99.99999999999993,99.99999999999996
2017-09-01,99.99999999999993,99.99999999999996
2017-09-02,66.66666666666659,88.88888888888884
2017-09-03,34.909497870129115,67.19205484559858
2017-09-04,1.5761645367957822,34.38410969119719
2017-09-05,4.0871246646086545,13.524262357177875
2017-09-06,9.669179732778234,5.110822978060914
2017-09-07,16.192436219971807,9.982913539119588
2017-09-08,13.681476092158933,13.181030681636349
2017-09-09,6.5232564871934935,12.132389599774768
2017-09-10,0.0,6.734910859784166
2017-09-11,0.0,2.1744188290645217
2017-09-12,0.0,2.398081733190338e-14
2017-09-13,0.0,2.398081733190338e-14
2017-09-14,0.0,2.398081733190338e-14
2017-09-15,11.439687883094384,3.813229294364819
2017-09-16,22.17013160048298,11.20327316119248
2017-09-17,37.03213532789666,23.54731827049137
2017-09-18,53.262000296758714,37.48808907504615
2017-09-19,66.78267828577047,52.35893797014197
2017-09-20,76.80109983541512,65.61525947264813
2017-09-21,69.72942882140914,71.10440231419827
2017-09-22,68.21821702286724,71.58291522656386
2017-09-23,74.97794799886493,70.9751979477138
2017-09-24,85.87491748781353,76.35702750318192
2017-09-25,96.46834091328843,85.77373546665565
2017-09-26,95.9027732377517,92.74867721295125
2017-09-27,97.74125524418588,96.70412313174204
2017-09-28,93.18768953782508,95.61057267325424
2017-09-29,84.76708648876784,91.89867709025962
2017-09-30,79.12912788036327,85.6946346356521
2017-10-01,78.17281226374259,80.68967554429126
2017-10-02,78.31816876814246,78.54003630408279
2017-10-03,69.76016977859416,75.41705027015975
2017-10-04,61.51024982400266,69.86286279024644
2017-10-05,59.587855363037626,63.619424988544836
2017-10-06,71.86651196538564,64.32153905080867
2017-10-07,85.6263132429586,72.3602268571273
2017-10-08,92.37106875982977,83.28796465605801
2017-10-09,63.381079651518526,80.45948721810231
2017-10-10,35.64848520983342,63.80021120706059
2017-10-11,22.042562973953498,40.357375945101836
2017-10-12,35.03852408158648,30.909857421791155
2017-10-13,62.7711185232716,39.95073519293722
2017-10-14,82.08867100371678,59.96610453619166
2017-10-15,95.64845798783718,80.16941583827523
2017-10-16,90.26361108231218,89.3335800246221
2017-10-17,65.14262141670481,83.68489682895142
2017-10-18,41.53564936694775,65.64729395532162
2017-10-19,14.145398590016194,40.27455645788961
2017-10-20,5.933054922290219,20.53803429308475
2017-10-21,0.5582356508766738,6.878896387727724
2017-10-22,0.0,2.163763524388992
2017-10-23,0.0,0.18607855029225254
2017-10-24,8.550299941957615,2.850099980652566
2017-10-25,17.622813820415026,8.724371254124241
2017-10-26,25.53952204973686,17.237545270703194
2017-10-27,25.63710842338377,22.933148097845244
2017-10-28,24.44472301291592,25.20711782867887
2017-10-29,32.852212285361816,27.644681240553854
2017-10-30,54.60249267277485,37.299809323684215
2017-10-31,77.32254938324253,54.92575144712642
2017-11-01,69.38460755794351,67.103216537987
2017-11-02,39.340644358238144,62.01593376647475
2017-11-03,42.07379251311425,50.26634814309866
2017-11-04,59.01970436303069,46.81138041146105
2017-11-05,78.98700520548888,60.0268340272113
2017-11-06,68.3987311159858,68.80181356150182
2017-11-07,57.383662315108296,68.25646621219435
2017-11-08,70.39549130267115,65.39262824458845
2017-11-09,80.98376539217425,69.5876396699846
2017-11-10,82.45974430621025,77.94633366701859
2017-11-11,76.7979137910841,80.08047449648957
2017-11-12,64.08037694004166,74.44601167911206
2017-11-13,74.64408036070266,71.84079036394286
2017-11-14,80.30591087582881,73.01012272552443
2017-11-15,90.44328557535285,81.79775893729482
2017-11-16,92.80997786179307,87.85305810432494
2017-11-17,90.17903421900003,91.14409921871534
2017-11-18,92.75919637051844,91.91606948377056
2017-11-19,97.36905635720689,93.43576231557516
2017-11-20,99.99999999999993,96.70941757590846
2017-11-21,92.82692484129048,96.73199373283246
2017-11-22,92.82692484129048,95.21794989419367
2017-11-23,92.82692484129048,92.8269248412905
2017-11-24,99.99999999999993,95.21794989419367
2017-11-25,97.09320897618795,96.64004460582616
2017-11-26,94.50172100138441,97.19830999252413
2017-11-27,92.2275492672291,94.60749308160052
2017-11-28,86.85383646757434,91.19436891206266
2017-11-29,61.331699838185024,80.13769519099621
2017-11-30,36.87185304386278,61.68579644987409
2017-12-01,20.92066582374032,39.70807290192941
2017-12-02,23.832397327822694,27.208305398475307
2017-12-03,26.61809879709222,23.790387316218453
2017-12-04,27.6222761045853,26.024257409833442
2017-12-05,23.90342330541875,26.047932735698797
2017-12-06,14.518407031293473,22.014702147099218
2017-12-07,4.412587434056235,14.278139256922865
2017-12-08,9.251064837849986,9.394019767733278
2017-12-09,23.338956646378808,12.334202972761723
2017-12-10,23.338956646378808,18.64299271020258
2017-12-11,29.617257665870117,25.43172365287596
2017-12-12,48.86269919067462,33.939637834307895
2017-12-13,82.19603252400795,53.55866312685094
2017-12-14,99.03649221161383,76.69840797543218
2017-12-15,95.60471842573588,92.27908105378593
2017-12-16,92.85553324875467,95.83224796203484
2017-12-17,93.53409320209597,93.99811495886222
2017-12-18,96.96586698797394,94.4518311462749
2017-12-19,99.71505216495517,96.73833745167506
2017-12-20,93.56115080788788,96.7473566536057
2017-12-21,86.26868126901269,93.18162808061862
2017-12-22,57.305610855484055,79.04514764412825
2017-12-23,38.98974683665404,60.85467965371697
2017-12-24,12.948883042195908,36.414746911444716
2017-12-25,13.827249432117105,21.9219597703224
2017-12-26,11.719902590212172,12.832011688175108
2017-12-27,16.521015334987982,14.022722452439133
2017-12-28,11.711836155128019,13.31758469344277
2017-12-29,9.34892196562759,12.527257818581242
2017-12-30,4.5478092208517795,8.536189113869176
2017-12-31,7.4732874110325005,7.123339532504002
2018-01-01,8.31753431478527,6.779543648889896
2018-01-02,27.154234688359825,14.315018804725911
2018-01-03,50.20200884972035,28.557925950955195
2018-01-04,78.58273618831498,51.97965990879843
2018-01-05,93.07936914807375,73.95470472870308
2018-01-06,99.99999999999993,90.5540351121296
2018-01-07,99.99999999999993,97.69312304935791
2018-01-08,99.99999999999993,99.99999999999999
2018-01-09,99.99999999999993,99.99999999999999
2018-01-10,91.77066486533973,97.25688828844658
2018-01-11,70.86453616375427,87.54506700969802
2018-01-12,55.75776898794479,72.7976566723463
2018-01-13,52.02987314039936,59.55072609736618
2018-01-14,58.11854407355421,55.302062067299495
2018-01-15,40.15021000146549,50.099542405139736
2018-01-16,18.774107650337793,39.01428724178587
2018-01-17,0.25823208543507786,19.7275165790795
2018-01-18,0.3070297224214196,6.446456486064808
2018-01-19,1.203311849431396,0.5895245524293434
2018-01-20,8.039238892643505,3.183193488165486
2018-01-21,8.35561214620389,5.866054296092976
2018-01-22,7.459330019193914,7.951393686013815
2018-01-23,0.6234029759818043,5.479448380459914
2018-01-24,4.211227633782351,4.097986876319401
2018-01-25,8.167026667654715,4.333885759139668
2018-01-26,11.876922659327057,8.08505898692142
2018-01-27,15.706780157201877,11.916909828061263
2018-01-28,33.83123989519325,20.471647570574103
2018-01-29,53.51418043928783,34.3507334972277
2018-01-30,50.59646024170877,45.98062685873
2018-01-31,40.15159880372079,48.087413161572506
2018-02-01,16.75876226795387,35.83560710446119
2018-02-02,11.635397333875707,22.8485861351835
2018-02-03,5.438197646261526,11.277452416030414
2018-02-04,5.438197646261526,7.5039308754663
2018-02-05,5.438197646261526,5.438197646261574
2018-02-06,7.351480213800358,6.075958502107851
2018-02-07,13.026916341169064,8.605531400410365
2018-02-08,22.75988646292073,14.379427672630099
2018-02-09,29.806936445329868,21.864579749806598
2018-02-10,37.163690432547064,29.910171113599265
2018-02-11,40.12706581523187,35.699230897702975
2018-02-12,47.581132811159165,41.62396301964608
2018-02-13,53.751371510044656,47.1531900454786
2018-02-14,74.3883593389415,58.57362122004849
2018-02-15,85.869095480138,71.33627544304143
2018-02-16,99.99999999999994,86.75248493969319
2018-02-17,99.99999999999994,95.28969849337933
2018-02-18,92.7329539445002,97.5776513148334
2018-02-19,86.73322823844217,93.15539406098081
2018-02-20,72.44525030592915,83.97047749629054
2018-02-21,52.613723545335006,70.59740069656881
2018-02-22,25.280115918059693,50.113029923107995
2018-02-23,18.047147265795875,31.980328909730233
2018-02-24,19.234560683539655,20.853941289131782
2018-02-25,28.793008506026595,22.02490548512075
2018-02-26,32.72850225635245,26.91869048197294
2018-02-27,43.51592790795585,35.01247955677834
2018-02-28,46.13687592979854,40.793768698035656
2018-03-01,47.85884647676451,45.83721677150635
2018-03-02,43.27221151457044,45.75597797371122
2018-03-03,48.48689348131697,46.53931715755069
2018-03-04,51.47833997314235,47.74581498967663
2018-03-05,60.89126731173729,53.61883358873225
2018-03-06,44.00385613321649,52.124487806032086
2018-03-07,23.542558595542783,42.81256068016557
2018-03-08,0.5066666325552708,22.684360453771557
2018-03-09,7.8578886823583085,10.63570463681883
2018-03-10,9.165118875232197,5.843224730048633
2018-03-11,20.316424639351993,12.446477398980873
2018-03-12,19.899670842458068,16.460404785680794
2018-03-13,24.93129387543272,21.7157964524143
2018-03-14,13.779988111312925,19.536984276401274
2018-03-15,6.338853225848445,15.0167117375314
2018-03-16,0.0,6.706280445720494
2018-03-17,0.0,2.112951075282852
2018-03-18,0.0,3.700743415417188e-14
2018-03-19,4.209819384377664,1.4032731281259252
2018-03-20,12.50418720095959,5.571335528445789
2018-03-21,21.705597569593596,12.806534718310322
2018-03-22,22.83262718333928,19.014137317964195
2018-03-23,19.54815776004575,21.36212750432625
2018-03-24,12.58668789592943,18.322490946438194
2018-03-25,9.089663468557395,13.741503041510896
2018-03-26,4.079765075269,8.585372146585312
2018-03-27,1.8398245707513163,5.003084371525941
2018-03-28,0.0,1.9731965486734762
2018-03-29,0.0,0.6132748569171428
2018-03-30,4.918982954838747,1.6396609849462864
2018-03-31,11.318980056793626,5.412654337210828
2018-04-01,14.905778852648394,10.381247288093626
2018-04-02,17.754280647699762,14.659679852380632
2018-04-03,42.67661001753157,25.112223172626617
2018-04-04,62.86342958187448,41.09810674903532
2018-04-05,81.96817350795702,62.5027377024544
2018-04-06,74.1714900944226,73.00103106141808
2018-04-07,83.73120506755825,79.95695622331266
2018-04-08,90.19230972491884,82.69833496229994
2018-04-09,99.14485219864265,91.02278899703994
2018-04-10,99.14485219864265,96.16067137406806
2018-04-11,99.14485219864265,99.14485219864265
2018-04-12,99.99999999999993,99.42990146576176
2018-04-13,99.99999999999993,99.71495073288087
2018-04-14,99.99999999999993,99.99999999999996
2018-04-15,99.99999999999993,99.99999999999996
2018-04-16,95.85090042321616,98.6169668077387
2018-04-17,89.95223496157666,95.26771179493095
2018-04-18,87.83811194590986,91.21374911023425
2018-04-19,91.98721152269361,89.92585281006006
2018-04-20,97.88587698433311,92.57040015097887
2018-04-21,97.80813952874836,95.8937426785917
2018-04-22,97.18548115024942,97.62649922111031
2018-04-23,97.18548115024942,97.39303394308241
2018-04-24,99.37734162150099,97.91610130733329
2018-04-25,75.38526553283279,90.64936276819442
2018-04-26,57.372521328900426,77.3783761610781
2018-04-27,36.41261922552201,56.39013536241843
2018-04-28,44.65946525975645,46.14820193805965
2018-04-29,47.07266815711878,42.71491754746577
2018-04-30,47.10988938350969,46.28067426679499
2018-05-01,38.98173350139239,44.38809701400697
2018-05-02,30.510232769666448,38.86728521818953
2018-05-03,43.257030554612165,37.58299894189036
2018-05-04,60.29742517257537,44.68822949895135
2018-05-05,80.87948499005553,61.477980239081035
2018-05-06,75.5620222655526,72.24631080939453
2018-05-07,56.77664830932931,71.07271852164584
2018-05-08,35.703723457679494,56.01413134418717
2018-05-09,18.071546148222648,36.85063930507718
2018-05-10,10.979236468199382,21.58483535803387
2018-05-11,2.2078102073316948,10.419530941251269
2018-05-12,1.2655915761163652,4.817546083882508
2018-05-13,11.111818275083076,4.861740019510407
2018-05-14,19.75387334866687,10.710427733288798
2018-05-15,22.3302149560006,17.731968859916876
2018-05-16,16.063045335427255,19.3823778800316
2018-05-17,7.420990261843465,15.271416851090464
2018-05-18,8.594535860981859,10.692857152750884
2018-05-19,11.242974651845413,9.086166924890271
2018-05-20,26.558943983668645,15.465484832165332
2018-05-21,30.738201102805686,22.84670657943994
2018-05-22,24.510705233548766,27.269283440007722
2018-05-23,9.194735901725535,21.48121407936002
2018-05-24,5.838145593398058,13.181195576224141
2018-05-25,8.058954570662666,7.69727868859544
2018-05-26,11.836442698834878,8.57784762096522
2018-05-27,7.416777072098717,9.10405811386544
2018-05-28,5.195968094834108,8.149729288589256
2018-05-29,13.894291873115272,8.835679013349386
2018-05-30,23.86368817664015,14.317982714863199
2018-05-31,39.67440183776372,25.8107939625064
2018-06-01,43.81239321513501,35.78349440984632
2018-06-02,52.219917180772455,45.23557074455709
2018-06-03,65.93315548836,53.98848862808918
2018-06-04,75.08500459883474,64.41269242265575
2018-06-05,86.25714743153578,75.75843583957688
2018-06-06,87.20332100292417,82.84849101109826
2018-06-07,90.92416526552178,88.12821123332726
2018-06-08,88.79743614474107,88.97497413772903
2018-06-09,85.7727680779273,88.4981231627301
2018-06-10,63.600949765490206,79.39038466271957
2018-06-11,38.85966146482459,62.74445976941407
2018-06-12,11.41420399153886,37.958271740617924
2018-06-13,4.0995256470789405,18.1244637011475
2018-06-14,16.108999150268485,10.540909596295466
2018-06-15,25.683336330145995,15.297287042497844
2018-06-16,39.03905694594563,26.943797475453408
2018-06-17,36.919957191373136,33.88078348915496
2018-06-18,49.551955720247996,41.836989952522295
2018-06-19,66.26314794811445,50.91168695324524
2018-06-20,82.72120935642083,66.17877100826114
2018-06-21,88.27308582088976,79.08581437514172
2018-06-22,68.35939241514386,79.78456253081818
2018-06-23,53.68307531866393,70.10518451823255
2018-06-24,36.06072222254883,52.70106331878558
2018-06-25,38.372652890663495,42.70548347729213
2018-06-26,27.890965539946063,34.10811355105284
2018-06-27,23.33677952220177,29.866799317603817
2018-06-28,10.871629416166938,20.69979149277163
2018-06-29,15.593610533968262,16.600673157445698
2018-06-30,28.492961615328188,18.31940052182117
2018-07-01,47.01713805798656,30.36790340242771
2018-07-02,69.12075755469523,48.21028574267003
2018-07-03,77.10575836770853,64.4145513267968
2018-07-04,87.82493463500212,78.01715018580198
2018-07-05,85.7881547967291,83.57294926647995
2018-07-06,90.37252665316436,87.9952053616319
2018-07-07,94.46250727654574,90.20772957547977
2018-07-08,97.71706347683698,94.18403246884907
2018-07-09,92.91640860131133,95.0319931182314
2018-07-10,70.14940748030905,86.92762651948583
2018-07-11,54.72563150084827,72.59714919415626
2018-07-12,30.69258681958232,51.85587526691325
2018-07-13,26.091093306323703,37.16977054225147
2018-07-14,16.250087753896036,24.344589293267394
2018-07-15,34.08737907606609,25.476186712095323
2018-07-16,61.455873710327005,37.26444684676309
2018-07-17,86.72065524221544,60.75463600953623
2018-07-18,91.21106836432575,79.79586577228945
2018-07-19,78.16089949389978,85.36420770014702
2018-07-20,57.28978265294452,75.5539168370567
2018-07-21,51.34445557275612,62.26504590653351
2018-07-22,47.765649343114404,52.13329585627171
2018-07-23,48.77658431934125,49.29556307840395
2018-07-24,56.136222146675834,50.89281860304386
2018-07-25,63.08378109857531,55.99886252153083
2018-07-26,67.52578255240192,62.24859526588438
2018-07-27,61.90483120712944,64.17146495270225
2018-07-28,52.46203060204322,60.63088145385822
2018-07-29,48.43109963117515,54.265987146782635
2018-07-30,33.044461621524874,44.64586395158111
2018-07-31,18.835345041446,33.436968764715374
2018-08-01,4.951123089882553,18.943643250951176
2018-08-02,0.0,7.928822710442884
2018-08-03,4.724852054981924,3.2253250482881923
2018-08-04,4.724852054981924,3.149901369987982
2018-08-05,6.752293121420479,5.400665743794808
2018-08-06,2.3316266209742165,4.602923932458906
2018-08-07,2.3316266209742165,3.8051821211230035
2018-08-08,0.3041855545356625,1.655812932161398
2018-08-09,6.0679509785967385,2.901254384702239
2018-08-10,6.0679509785967385,4.1466958372430796
2018-08-11,6.0679509785967385,6.0679509785967705
2018-08-12,0.0,4.0453006523978585
2018-08-13,0.0,2.0226503261989452
2018-08-14,0.0,3.2566542055671256e-14
2018-08-15,3.6418611398536154,1.213953713284571
2018-08-16,10.785554746546829,4.809138628800181
2018-08-17,39.856634057853995,18.09468331475151
2018-08-18,59.052797674974606,36.564995493125174
2018-08-19,79.16555434194119,59.35832869158995
2018-08-20,70.16014546305753,69.45949915999113
2018-08-21,74.50098038593471,74.60889339697782
2018-08-22,70.70225624420272,71.787794031065
2018-08-23,78.17349534325336,74.45891065779695
2018-08-24,83.7382856591499,77.53801241553533
2018-08-25,91.63421838389513,84.51533312876614
2018-08-26,93.21085284680134,89.52778562994881
2018-08-27,93.80053618438671,92.88186913836108
2018-08-28,95.78021066104702,94.26386656407838
2018-08-29,96.28772529855985,95.28949071466455
2018-08-30,88.12587192588262,93.39793596182984
2018-08-31,78.8665835135284,87.7600602459903
2018-09-01,82.57885821496852,83.1904378847932
2018-09-02,89.93908607388032,83.79484260079244
2018-09-03,94.19605839373156,88.90466756086016
2018-09-04,86.50963533302244,90.21492660021147
2018-09-05,53.97792751345455,78.22787374673622
2018-09-06,25.646910272624197,55.3781577063671
2018-09-07,0.0,26.54161259535962
2018-09-08,0.0,8.548970090874768
2018-09-09,0.0,3.552713678800501e-14
2018-09-10,0.4357286172046493,0.1452428724015853
2018-09-11,0.4357286172046493,0.29048574480313505
2018-09-12,0.4357286172046493,0.4357286172046848
2018-09-13,21.423655628721207,7.431704287710204
2018-09-14,42.54157656775234,21.46698693789277
2018-09-15,71.04703294451609,45.00408838032991
2018-09-16,79.15158365334156,64.24673105520337
2018-09-17,79.46286542056187,76.5538273394732
2018-09-18,82.2573230687881,80.29059071423053
2018-09-19,83.83240657855144,81.85086502263384
2018-09-20,95.73653720563334,87.27542228432434
2018-09-21,97.7699565139767,92.4463000993872
2018-09-22,97.7336161008859,97.08003660683202
2018-09-23,97.0106753078561,97.50474930757294
2018-09-24,90.51308464121757,95.08579201665323
2018-09-25,83.14708479977078,90.22361491628152
2018-09-26,66.4620264864072,80.04073197579855
2018-09-27,64.52496048712749,71.37802392443518
2018-09-28,61.56248713878148,64.18315803743876
2018-09-29,73.0900800076965,66.39250921120185
2018-09-30,76.22240890637374,70.29165868428395
2018-10-01,79.38732500920015,76.23327130775682
2018-10-02,71.57032462727238,75.72668618094879
2018-10-03,49.82078817520112,66.92614593722459
2018-10-04,35.34200313629331,52.24437197958897
2018-10-05,35.594765815864626,40.25251904245305
2018-10-06,44.642337694579815,38.52636888224595
2018-10-07,57.54296184942057,45.92668845328837
2018-10-08,68.52884405990362,56.9047145346347
2018-10-09,80.83365712794624,68.96848767909016
2018-10-10,74.14271446634193,74.50173855139728
2018-10-11,43.2681428623603,66.08150481888283
2018-10-12,20.318748328933236,45.90986855254516
2018-10-13,12.441224300003123,25.342705163765558
2018-10-14,16.934263280157214,16.564745303031195
2018-10-15,33.19567769927175,20.85705509314403
2018-10-16,47.39531874482862,32.50841990808586
2018-10-17,62.832003622081224,47.8076666887272
2018-10-18,57.45581313424278,55.894378500384214
2018-10-19,52.64102825981835,57.64294833871412
2018-10-20,53.50849725287085,54.53511288231066
2018-10-21,58.241764783451195,54.79709676538013
2018-10-22,60.75861017492963,57.502957403750564
2018-10-23,62.05513546579031,60.351836808057044
2018-10-24,69.45900851888933,64.09091805320308
2018-10-25,74.13445980962572,68.54953459810179
2018-10-26,79.57913068272728,74.39086633708078
2018-10-27,82.92289766412635,78.87882938549312
2018-10-28,91.92231337146103,84.80811390610488
2018-10-29,64.38392435703959,79.74304513087566
2018-10-30,41.51648927216061,65.9409090002204
2018-10-31,24.124531077726488,43.34164823564222
2018-11-01,46.00694894733123,37.21598976573943
2018-11-02,71.15712634183726,47.09620212229831
2018-11-03,81.23191507394861,66.13199678770569
2018-11-04,92.6828305376772,81.69062398448767
2018-11-05,88.8086106333757,87.57445208166716
2018-11-06,96.12578009569847,92.53907375558379
2018-11-07,94.07799653249162,93.00412908718859
2018-11-08,86.88552923708046,92.36310195509019
2018-11-09,72.40036122258908,84.45462899738705
2018-11-10,63.07459230591894,74.12016092186282
2018-11-11,60.607226817453636,65.36072678198722
2018-11-12,59.36943149602225,61.01708353979828
2018-11-13,46.26216173140184,55.41294001495925
2018-11-14,26.462881086246465,44.03149143789019
2018-11-15,9.820089457398181,27.51504409168216
2018-11-16,0.9675783685622577,12.4168496374023
2018-11-17,1.2960328727296595,4.027900232896699
2018-11-18,3.5539701809718225,1.9391938074212465
2018-11-19,3.5539701809718225,2.801324411557768
2018-11-20,3.2255156768044206,3.4444853462493548
2018-11-21,6.097967742747048,4.292484533507763
2018-11-22,10.2000178506429,6.507833756731455
2018-11-23,13.623768855456438,9.973918149615463
2018-11-24,9.169209082938647,10.997665263012664
2018-11-25,9.25535776603853,10.68277856814454
2018-11-26,8.720533983101566,9.048366944026249
2018-11-27,18.876081083077786,12.283990944072627
2018-11-28,48.02121562541538,25.20594356386491
2018-11-29,75.2311166803119,47.37613779626835
2018-11-30,90.06418201070638,71.10550477214456
2018-12-01,90.06418201070638,85.11982690057488
2018-12-02,91.67895915057677,90.60244105732983
2018-12-03,91.22115075912677,90.9880973068033
2018-12-04,85.09764521894556,89.33258504288303
2018-12-05,74.5590797245278,83.62595856753337
2018-12-06,62.06086382837939,73.90586292395092
2018-12-07,51.36484915862173,62.66159757050965
2018-12-08,44.39889965138449,52.60820421279521
2018-12-09,50.934366527738824,48.899371779248355
2018-12-10,47.30731081818482,47.54685899910272
2018-12-11,36.91777354942766,45.05315029845045
2018-12-12,28.190179666942466,37.47175467818499
2018-12-13,20.563409286639814,28.55712083433666
2018-12-14,18.88545534639503,22.546348099992457
2018-12-15,9.290555306824649,16.246473313286515
2018-12-16,14.058154392452378,14.078055015224038
2018-12-17,45.24988851979918,22.866199406358756
2018-12-18,76.6942527858322,45.33409856602794
2018-12-19,99.59998180967891,73.84804103843679
2018-12-20,99.59998180967891,91.96473880173004
2018-12-21,94.34038430695948,97.8467826421058
2018-12-22,94.74040249728058,96.22692287130634
2018-12-23,94.74040249728058,94.60706310050689
2018-12-24,100.00000000000001,96.49360166485373
2018-12-25,93.07666010993938,95.93902086907333
2018-12-26,87.01284031212269,93.36316680735405
2018-12-27,73.42399040377252,84.50449694194488
2018-12-28,73.99977726406861,78.14553599332129
2018-12-29,74.96855331447269,74.13077366077128
2018-12-30,80.32895849766932,76.43242969207022
2018-12-31,70.28722998384607,75.19491393199604
2019-01-01,63.92110284455699,71.51243044202414
2019-01-02,67.03587523972543,67.08140268937619
2019-01-03,70.22516637974327,67.0607148213419
2019-01-04,72.83801846178557,70.03302002708476
2019-01-05,69.69327057271555,70.9188184714148
2019-01-06,75.81592083014867,72.7824032882166
2019-01-07,74.03171182070022,73.1803010745215
2019-01-08,69.73558411639932,73.19440558908275
2019-01-09,64.88443384756832,69.55057659488928
2019-01-10,42.18362832834283,58.93454876410348
2019-01-11,21.404842918365514,42.82430169809222
2019-01-12,2.3684757858670007e-14,21.196157082236123
2019-01-13,2.3684757858670007e-14,7.134947639455187
2019-01-14,10.764715423992541,3.588238474664196
2019-01-15,16.200897608097645,8.988537677363402
2019-01-16,23.64322223292402,16.869611755004737
2019-01-17,20.521883926289075,20.122001255770247
2019-01-18,20.27978964537661,21.481631934863234
2019-01-19,21.910787147838207,20.904153573167964
2019-01-20,19.301334323800802,20.49730370567187
2019-01-21,17.74084761746045,19.650989696366484
2019-01-22,15.075493749562549,17.372558563607935
2019-01-23,21.158191146711484,17.991510837911495
2019-01-24,28.688492739213306,21.640725878495783
2019-01-25,29.47586496579716,26.440849617240648
2019-01-26,25.86082959939397,28.008395768134807
2019-01-27,14.696926810039864,23.344540458410332
2019-01-28,7.501586324065932,16.01978091116659
2019-01-29,2.7237471537470508e-14,7.399504378035274
2019-01-30,11.148656547081648,6.216747623715868
2019-01-31,18.42353981200682,9.857398786362829
2019-02-01,28.758986030668613,19.44372746325236
2019-02-02,39.59670991839268,28.926411920356035
2019-02-03,46.5439641161207,38.299886688394
2019-02-04,50.454914985448376,45.531863006653914
2019-02-05,45.113208195654686,47.37069576574125
2019-02-06,37.15590312243095,44.241342101178
2019-02-07,29.496712072507638,37.255274463531094
2019-02-08,46.18537176082898,37.612662318589194
2019-02-09,73.25387270473286,49.645318846023166
2019-02-10,100.00000000000001,73.14641482185395
2019-02-11,93.81681146272585,89.02356138915292
2019-02-12,88.72639502666753,94.18106882979782
2019-02-13,83.38546753319174,88.64289134086174
2019-02-14,82.3148475304868,84.80890336344872
2019-02-15,81.24853170135545,82.31628225501134
2019-02-16,82.80963326613288,82.12433749932507
2019-02-17,90.06344180611198,84.7072022578668
2019-02-18,96.22017407130166,89.69774971451552
2019-02-19,98.39983229511517,94.89448272417629
2019-02-20,98.39983229511517,97.67327955384401
2019-02-21,89.97056649223607,95.59007702748882
2019-02-22,86.36797483010854,91.57945787248661
2019-02-23,86.36797483010854,87.56883871748441
2019-02-24,61.46390729965429,78.06661898662382
2019-02-25,35.69795332823627,61.17661181933306
2019-02-26,2.364619994902933,33.17549354093119
2019-02-27,2.364619994902933,13.475731106014079
2019-02-28,0.793492295261467,1.8409107616891447
2019-03-01,1.7091082691536812,1.622406853106061
2019-03-02,1.7091082691536812,1.403902944522977
2019-03-03,0.9156159738922272,1.444610837399897
2019-03-04,1.3026616822268503e-14,0.874908081015341
2019-03-05,9.742410483239668,3.55267548571067
2019-03-06,20.670365032590002,10.137591838609929
2019-03-07,30.534745612620487,20.31584037615009
2019-03-08,26.917926212911755,26.041012286040782
2019-03-09,43.39215799521558,33.61494327358265
2019-03-10,57.69824374842867,42.669442652185374
2019-03-11,67.47457946566264,56.188327069769
2019-03-12,57.977819368974814,61.05021419435542
2019-03-13,46.39974065777647,57.28404649747136
2019-03-14,43.741187939024094,49.37291598859184
2019-03-15,54.53983689734695,48.226921831382555
2019-03-16,75.28078260863505,57.85393581500208
2019-03-17,87.80366489090228,72.54142813229481
2019-03-18,77.31799520066902,80.1341475667355
2019-03-19,65.37747849305873,76.83304619487673
2019-03-20,63.881259204264815,68.8589109659976
2019-03-21,51.107326483868526,60.122021393730755
2019-03-22,40.69431158883656,51.894299092323365
2019-03-23,29.928682618598092,40.576773563767794
2019-03-24,32.72058823990526,34.44786081578004
2019-03-25,21.74078650921418,28.130019122572577
2019-03-26,8.58361292056226,21.014995889893967
2019-03-27,27.15024450094027,19.158214643572304
2019-03-28,44.84429490300025,26.859384108167664
2019-03-29,77.83039371973811,49.94164437455962
2019-03-30,83.13703766269414,68.60390876181091
2019-03-31,93.49303513155813,84.82015550466353
2019-04-01,88.28045822537894,88.30351033987715
2019-04-02,89.50413763141144,90.42587699611624
2019-04-03,86.39444925891739,88.059681705236
2019-04-04,79.66516424715734,85.1879170458288
2019-04-05,73.10947109303895,79.72302819970464
2019-04-06,74.14596244043072,75.64019926020909
2019-04-07,83.90786533459965,77.05443295602318
2019-04-08,90.46355848871804,82.83912875458287
2019-04-09,89.39627282688294,87.92256555006695
2019-04-10,84.17393981838457,88.01125704466192
2019-04-11,53.333940363467185,75.63471766957831
2019-04-12,29.861985728852574,55.789955303568185
2019-04-13,4.081815596275391,29.092580562865127
2019-04-14,6.424776839617542,13.456192721581912
2019-04-15,4.987166290245585,5.164586242046248
2019-04-16,11.019751064918545,7.477231398260632
2019-04-17,11.965126452818305,9.324014602660887
2019-04-18,24.503246931904936,15.829374816547338
2019-04-19,30.953466961837425,22.47394678218696
2019-04-20,37.10875245836015,30.85515545070091
2019-04-21,31.28386223882818,33.11536055300866
2019-04-22,29.585642895965105,32.65941919771788
2019-04-23,27.214949954691207,29.36148502982823
2019-04-24,20.501719695136533,25.767437515264348
2019-04-25,9.566263064906705,19.09431090491155
2019-04-26,1.4606324645129452,10.509538408185461
2019-04-27,7.363897453638535,6.130264327686128
2019-04-28,10.143646471236757,6.32272546312948
2019-04-29,10.559103989764298,9.355549304879931
2019-04-30,18.541019290842367,13.081256583947875
2019-05-01,27.155014971817582,18.75171275080815
2019-05-02,38.21766076366891,27.971231675443022
2019-05-03,46.05368066764677,37.14211880104449
2019-05-04,54.15078165761054,46.1407076963088
2019-05-05,59.63984268818496,53.28143500448082
2019-05-06,71.25197582733678,61.68086672437749
2019-05-07,81.20862496148688,70.7001478256696
2019-05-08,91.25831695703529,81.23963924861971
2019-05-09,87.2613050627884,86.57608232710358
2019-05-10,90.33324484295144,89.61762228759177
2019-05-11,95.18908937527011,90.92787976033672
2019-05-12,87.14100274679022,90.88777898833733
2019-05-13,77.92902297481916,86.75303836562655
2019-05-14,76.95499307395114,80.6750062651869
2019-05-15,89.00009159667793,81.2947025484828
2019-05-16,99.025970099132,88.3270182565871
2019-05-17,86.8882711163141,91.63811093737475
2019-05-18,69.79974589435602,85.23799570326746
2019-05-19,55.92060211876238,70.86953970981091
2019-05-20,49.248080581369344,58.32280953149598
2019-05-21,47.7931756163375,50.9872861054898
2019-05-22,35.055081946315674,44.032112714674234
2019-05-23,26.6456119666265,36.497956509759945
2019-05-24,13.792865782002572,25.164519898314968
2019-05-25,10.445475765566497,16.961317838065245
2019-05-26,15.764696986950478,13.334346178173234
2019-05-27,25.988935247231314,17.399702666582815
2019-05-28,33.4170127111021,25.056881648428014
2019-05-29,31.81127627787939,30.40574141207098
2019-05-30,19.649881055879064,28.2927233482869
2019-05-31,19.291596469596197,23.584251267784932
2019-06-01,18.792765647442454,19.244747724305952
2019-06-02,33.67497435966191,23.919778825566897
2019-06-03,23.23647561079221,25.234738539298903
2019-06-04,14.882208712219457,23.931219560891236
2019-06-05,4.436487996440815,14.18505743981754
2019-06-06,9.62059598324823,9.64643089730288
2019-06-07,16.653421548281887,10.236835175990356
2019-06-08,14.772225722140753,13.682081084557
2019-06-09,9.58811773533334,13.671255001918704
2019-06-10,12.108922651720372,12.156422036398197
2019-06-11,18.967918616364404,13.554986334472746
2019-06-12,39.74816509041219,23.608335452832364
2019-06-13,47.29779670316615,35.33796013664762
2019-06-14,61.14576790125273,49.39724323161039
2019-06-15,66.29929158189283,58.2476187287706
2019-06-16,82.52936282105152,69.99147410139906
2019-06-17,92.60043682135456,80.47636374143302
2019-06-18,88.25820760209815,87.79600241483479
2019-06-19,80.9080891578465,87.25557786043312
2019-06-20,76.21248742446532,81.79292806147005
2019-06-21,87.95427982236716,81.69161880155973
2019-06-22,95.30439826661882,86.49038850448382
2019-06-23,98.40915976497602,93.88927928465405
2019-06-24,98.34382266438477,97.35246023199328
2019-06-25,98.34382266438477,98.36560169791527
2019-06-26,99.93466289940875,98.87410274272617
2019-06-27,66.66666666666667,88.3150507434868
2019-06-28,40.59330544386438,69.06487833664666
2019-06-29,18.201818218809944,41.820596776447054
2019-06-30,18.201818218809944,25.665647293828144
2019-07-01,11.837291053892088,16.08030916383738
2019-07-02,0.8954449456131949,10.311518072771795
2019-07-03,5.7425635171412255,6.158433172215556
2019-07-04,4.847118571528033,3.828375678094204
2019-07-05,6.588987249117811,5.726223112595743
2019-07-06,3.2314405814582607,4.889182134034755
2019-07-07,12.151910831238476,7.324112887271569
2019-07-08,21.83782935665049,12.407060256449128
2019-07-09,29.278430723784343,21.089390303891154
2019-07-10,20.44980749963643,23.855355860023806
2019-07-11,9.022020296634636,19.58341950668519
2019-07-12,5.098249768309045,11.523359188193425
2019-07-13,6.787502105527398,6.969257390157079
2019-07-14,6.787502105527398,6.224417993121333
2019-07-15,1.909347776021787,5.161450662358913
2019-07-16,0.12824841317113597,2.941699431573492
2019-07-17,5.152267149690581,2.396621112961219
2019-07-18,16.377121430271846,7.219212331044573
2019-07-19,26.25566486375242,15.928351147905
2019-07-20,34.81368405645184,25.815490116825416
2019-07-21,35.712907202870014,32.26075204102481
2019-07-22,36.54264923429921,35.689746831207074
2019-07-23,35.72930046127155,35.9949522994803
2019-07-24,42.44867240567881,38.24020736708324
2019-07-25,53.002731587696495,43.72690148488234
2019-07-26,64.35910615842865,53.270170050601365
2019-07-27,64.93611426772655,60.76598400461727
2019-07-28,68.82406256730778,66.03976099782103
2019-07-29,69.77633621353469,67.84550434952304
2019-07-30,69.30186599231571,69.30075492438608
2019-07-31,77.48490637914036,72.18770286166361
2019-08-01,84.16995669032126,76.9855763539258
2019-08-02,97.84917281750522,86.50134529565564
2019-08-03,97.84917281750522,93.28943410844393
2019-08-04,99.42011846650739,98.37282136717265
2019-08-05,100.00000000000001,99.08976376133757
2019-08-06,91.9188017821043,97.11297341620393
2019-08-07,84.2689139239075,92.06257190200397
2019-08-08,69.78955617536538,81.99242396045908
2019-08-09,51.51082274301162,68.52309761409485
2019-08-10,25.827377267875068,49.04258539541737
2019-08-11,23.388906979449,33.5757023301119
2019-08-12,26.819477070358257,25.345253772560785
2019-08-13,34.28670649516594,28.16503018165774
2019-08-14,17.87120119880079,26.32579492144167
2019-08-15,9.502245421538248,20.553384371834998
2019-08-16,2.539301619630912,9.970916079989989
2019-08-17,3.02367632115323,5.021741120774135
2019-08-18,13.841490358295628,6.468156099693263
2019-08-19,40.55997692024312,19.141714533230665
2019-08-20,60.91122949509946,38.437565591212746
2019-08-21,61.75112694172956,54.40744445235739
2019-08-22,57.33775724055854,60.00003789246253
2019-08-23,64.6303179151539,61.23973403248067
2019-08-24,74.52367217259288,65.49724910943512
2019-08-25,69.2628625068644,69.47228419820372
2019-08-26,63.160776881747324,68.98243718706821
2019-08-27,59.29147097791866,63.90503678884347
2019-08-28,44.22612150068763,55.55945645345122
2019-08-29,22.200019174830686,41.905870551145675
2019-08-30,2.4832433407173156,22.969794672078553
2019-08-31,8.5668925313125,11.083385015620179
2019-09-01,15.979663986000434,9.009933286010094
2019-09-02,43.85774096309968,22.801432493470884
2019-09-03,64.80139541595516,41.546266788351765
2019-09-04,79.052187951032,62.57044144336228
2019-09-05,72.50866451532812,72.1207492941051
2019-09-06,56.763482176050765,69.44144488080364
2019-09-07,68.43325151961935,65.90179940366609
2019-09-08,80.43203131155728,68.54292166907582
2019-09-09,99.65515069463574,82.84014450860414
2019-09-10,96.33614785850794,92.14110995490034
2019-09-11,90.42397659121326,95.47175838145233
2019-09-12,90.76882589657752,92.50965011543293
2019-09-13,94.08782873270532,91.76021040683206
2019-09-14,100.0,94.95221820976097
2019-09-15,100.0,98.02927624423512
2019-09-16,100.0,100.00000000000001
2019-09-17,100.0,100.00000000000001
2019-09-18,100.0,100.00000000000001
2019-09-19,100.0,100.00000000000001
2019-09-20,94.72180005063349,98.24060001687785
2019-09-21,87.42701208131693,94.04960404398349
2019-09-22,74.97986250707679,85.70955821300909
2019-09-23,58.014237858473315,73.47370414895572
2019-09-24,31.975692494456563,54.98993095333558
2019-09-25,11.951771351310223,33.98056723474672
2019-09-26,0.8622626159468515,14.929908820571235
2019-09-27,5.66952441425921,6.161186127172116
2019-09-28,9.495346895757537,5.342377975321223
2019-09-29,12.49654690495539,9.220472738324068
2019-09-30,16.650768856921246,12.880887552544747
2019-10-01,19.554931248322713,16.234082336733138
2019-10-02,26.599861122870863,20.935187076038297
2019-10-03,26.073975288491805,24.076255886561814
2019-10-04,27.968593516034492,26.88080997579907
2019-10-05,29.004353473826658,27.68230742611767
2019-10-06,29.858121614753898,28.943689534871698
2019-10-07,53.704589231697916,37.52235477342618
2019-10-08,75.40903269945302,52.9905811819683
2019-10-09,99.45299997595997,76.18887396903699
2019-10-10,95.94754934384827,90.26986067308711
2019-10-11,80.23002470012568,91.87685800664467
2019-10-12,63.317542001971766,79.8317053486486
2019-10-13,49.84589481296744,64.46448717168833
2019-10-14,56.10762217766783,56.42368633086904
2019-10-15,54.36038157061173,53.43796618708237
2019-10-16,45.96215013605894,52.14338462811287
2019-10-17,33.79040513647463,44.70431228104848
2019-10-18,25.161498565705315,34.97135127941301
2019-10-19,21.293140159850605,26.74834795401023
2019-10-20,17.21505413812984,21.22323095456197
2019-10-21,16.605959766440034,18.37138468814021
2019-10-22,13.032818088306742,15.617943997625588
2019-10-23,5.9521130793407435,11.863630311362556
2019-10-24,0.5165039936765581,6.500478387108064
2019-10-25,33.333333333333364,13.267316802116937
2019-10-26,64.58952380355258,32.813120376854215
2019-10-27,97.92285713688591,65.281904757924
2019-10-28,95.46117461357333,85.99118518467066
2019-10-29,97.53831747668744,96.97411640904893
2019-10-30,88.80417664798851,93.93455624608315
2019-10-31,81.59594965101074,89.31281459189562
2019-11-01,72.91797173762626,81.10603267887522
2019-11-02,72.51702883789359,75.67698340884357
2019-11-03,71.60957783115829,72.34819280222608
2019-11-04,74.749151902338,72.95858619046332
2019-11-05,82.01819781811737,76.12564251720458
2019-11-06,92.59555834514303,83.1209693551995
2019-11-07,76.43594557955234,83.68323391427096
2019-11-08,45.00173690433439,71.34441360967664
2019-11-09,15.413993038440372,45.61722517410908
2019-11-10,23.518210761331517,27.97798023470214
2019-11-11,23.485123915868353,20.805775905213462
2019-11-12,28.213091750432095,25.07214214254404
2019-11-13,22.66785934356787,24.788691669956155
2019-11-14,22.66785934356787,24.516270145855994
2019-11-15,14.19430204156481,19.84334024290023
2019-11-16,6.4212466550016645,14.42780268004483
2019-11-17,17.124176096488984,12.579908264351866
2019-11-18,17.124176096488984,13.55653294932659
2019-11-19,10.702929441487322,14.983760544821807
2019-11-20,4.736951571734001e-15,9.275701845992149
2019-11-21,4.736951571734001e-15,3.5676431471624888
2019-11-22,4.736951571734001e-15,4.973799150320701e-14
2019-11-23,3.388465534887748,1.1294885116292974
2019-11-24,3.388465534887748,2.2589770232585455
2019-11-25,9.489731913279368,5.422220994351666
2019-11-26,13.852600229808994,8.910265892658748
2019-11-27,29.632917926869723,17.658416689986073
2019-11-28,38.01173775607844,27.165751970919093
2019-11-29,49.083621594709996,38.909425759219424
2019-11-30,50.24257977768076,45.779313042823105
2019-12-01,56.914843783894035,52.0803483854283
2019-12-02,59.11069698092512,55.42270684750002
2019-12-03,62.20416833371669,59.40990303284533
2019-12-04,61.22935909495711,60.84807480319969
2019-12-05,67.61572811818198,63.6830851822853
2019-12-06,77.11714606349658,68.65407775887859
2019-12-07,84.182505769767,76.30512665048188
2019-12-08,90.11039919279547,83.80335034201973
2019-12-09,82.94656324787918,85.7464894034806
2019-12-10,69.25319204216932,80.77005149428136
2019-12-11,40.1767189728531,64.12549142096724
2019-12-12,32.904473580961096,47.44479486532788
2019-12-13,33.90675787819388,35.66265014400273
2019-12-14,33.051699077815556,33.28764351232354
2019-12-15,24.92667890523626,30.628378620415262
2019-12-16,10.37486513238887,22.784414371813597
2019-12-17,6.973063668750072,14.091535902125102
2019-12-18,25.438689747412337,14.262206182850463
2019-12-19,45.74696655048999,26.05290665555084
2019-12-20,66.7980641846902,45.99457349419756
2019-12-21,61.21709764250422,57.92070945922819
2019-12-22,74.2421541727599,67.41910533331817
2019-12-23,80.8789620390874,72.11273795145057
2019-12-24,88.50139155568162,81.20750258917636
2019-12-25,78.94525645526168,82.77520335001027
2019-12-26,76.14806975525485,81.19823925539941
2019-12-27,75.93827400851137,77.01053340634267
2019-12-28,84.54023089468997,78.87552488615209
2019-12-29,92.98284542750241,84.48711677690127
2019-12-30,94.70861309508484,90.74389647242576
2019-12-31,81.5422444182666,89.7445676469513
2020-01-01,71.91188727751778,82.72091493028977
2020-01-02,59.26343753827143,70.90585641135196
2020-01-03,73.38398442933101,68.18643641504009
2020-01-04,83.01434157007984,71.88725451256079
2020-01-05,99.99999999999996,85.46610866647029
2020-01-06,99.99999999999996,94.33811385669327
2020-01-07,98.74415758451335,99.58138586150444
2020-01-08,93.31128054993805,97.35181271148382
2020-01-09,81.68101059518561,91.24548290987904
2020-01-10,79.97659187887889,84.98962767466755
2020-01-11,80.19328144024216,80.61696130476894
2020-01-12,90.92254594511185,83.69747308807767
2020-01-13,89.39392816700696,86.83658518412035
2020-01-14,94.610115640219,91.64219658411264
2020-01-15,95.26073776685946,93.08826052469517
2020-01-16,96.08109633890474,95.31731658199443
2020-01-17,96.08109633890474,95.80764348155634
2020-01-18,96.33147966214703,96.16455744665221
2020-01-19,86.11471181007518,92.84242927037569
2020-01-20,72.34279401240582,84.92966182820938
2020-01-21,60.506917320020875,72.98814104750066
2020-01-22,59.74812526318436,64.19927886520372
2020-01-23,43.56716694805933,54.60740317708823
2020-01-24,25.581615632356527,42.96563594786678
2020-01-25,6.892362545784482,25.347048375400153
2020-01-26,13.294950864485735,15.256309680875624
2020-01-27,23.211388473652686,14.466233961307674
2020-01-28,43.07714010713781,26.527826481758783
2020-01-29,51.721628143620585,39.336718908137065
2020-01-30,66.84534309382839,53.88137044819564
2020-01-31,66.13729650126385,61.568089246237655
2020-02-01,74.25839928353244,69.08034629287494
2020-02-02,77.75809049605955,72.71792876028532
2020-02-03,91.69097272181074,81.23582083380096
2020-02-04,95.06831409683623,88.17245910490222
2020-02-05,96.3498983330221,94.36972838388975
2020-02-06,96.59264439968365,96.00361894318071
2020-02-07,99.99999999999993,97.6475142442353
2020-02-08,99.99999999999993,98.86421479989457
2020-02-09,99.99999999999993,100.0
2020-02-10,90.00833116342055,96.66944372114021
2020-02-11,86.69931484023145,92.23588200121738
2020-02-12,86.69931484023145,87.80232028129456
2020-02-13,96.69098367681083,90.02987111909131
2020-02-14,99.99999999999993,94.46343283901415
2020-02-15,73.60157567477329,90.09751978386142
2020-02-16,42.71167298152705,72.10441621876681
2020-02-17,14.221330247484104,43.51152630126154
2020-02-18,16.900750322280256,24.611251183763866
2020-02-19,14.457319682193157,15.193133417319233
2020-02-20,9.61432908290277,13.65746636245879
2020-02-21,2.6722101766740813,8.91461964725673
2020-02-22,2.6722101766740813,4.986249812083704
2020-02-23,7.520615951027156,4.288345434791832
2020-02-24,4.848405774353007,5.013743967351474
2020-02-25,4.848405774353007,5.739142499911117
2020-02-26,0.0,3.2322705162353977
2020-02-27,0.20707776243420348,1.6851611789291299
2020-02-28,1.499845985643949,0.5689745826927771
2020-02-29,1.499845985643949,1.0689232445740935
2020-03-01,1.2927682232096787,1.4308200648325853
2020-03-02,5.593997873554325,2.7955373608027103
2020-03-03,9.798445265304489,5.561737120689558
2020-03-04,13.930669833260389,9.774370990706462
2020-03-05,14.998797102132997,12.909304066899354
2020-03-06,27.68377316559338,18.871080033662317
2020-03-07,36.26750634599302,26.31669220457319
2020-03-08,29.605381203566026,31.185553571717534
2020-03-09,12.715957748355477,26.196281765971566
2020-03-10,0.6839633813182502,14.335100777746645
2020-03-11,0.6839633813182502,4.694628170330719
2020-03-12,0.6839633813182502,0.68396338131831
2020-03-13,9.058618951674966,3.4755152381038816
2020-03-14,16.279215264374542,8.673932532455979
2020-03-15,24.10826104917081,16.482031755073496
2020-03-16,20.884922213492064,20.424132842345863
2020-03-17,22.3510697528788,22.448084338513947
2020-03-18,23.191700323531407,22.142564096634146
2020-03-19,33.51393990079949,26.35223665906996
2020-03-20,41.18345751750077,32.62969924727728
2020-03-21,61.28590920645212,45.327768874917524
2020-03-22,70.2184410767025,57.562602600218526
2020-03-23,87.19551294124824,72.89995440813436
2020-03-24,91.75671823018133,83.05689074937743
2020-03-25,98.44861874691765,92.46694997278247
2020-03-26,98.44861874691765,96.21798524133895
2020-03-27,94.88484823004114,97.26069524129223
2020-03-28,90.92260819010791,94.75202505568897
2020-03-29,81.09149656321472,88.96631766112132
2020-03-30,83.92606739907521,85.31339071746602
2020-03-31,89.43968869209071,84.81908421812697
2020-04-01,99.2708003189839,90.8788521367167
2020-04-02,99.99999999999993,96.23682967035829
2020-04-03,99.99999999999993,99.75693343966135
2020-04-04,99.99999999999993,100.00000000000004
2020-04-05,97.63293761865982,99.21097920621999
2020-04-06,97.63293761865982,98.42195841243995
2020-04-07,93.17254579155139,96.1461403429571
2020-04-08,95.53960817289148,95.44836386103431
2020-04-09,93.01265032932805,93.90826809792372
2020-04-10,85.07525273036534,91.2091704108617
2020-04-11,73.27968798626465,83.78919701531943
2020-04-12,63.479146284941805,73.94469566719069
2020-04-13,59.86781496858989,65.54221641326554
2020-04-14,56.38911270837255,59.91202465396818
2020-04-15,42.348374773869836,52.86843415027752
2020-04-16,54.77438837634725,51.17062528619664
2020-04-17,65.15142149660636,54.09139488227458
2020-04-18,91.51965897599534,70.48182294964974
2020-04-19,86.17452967987076,80.94853671749091
2020-04-20,70.08065478015388,82.59161447867342
2020-04-21,49.54287073924477,68.5993517330899
2020-04-22,48.05589155467584,55.893139024691585
2020-04-23,61.238307922289664,52.945690072070185
2020-04-24,75.68433835190203,61.6595126096226
2020-04-25,85.28389509513393,74.06884712310864
2020-04-26,93.0925875112959,84.68694031944405
2020-04-27,98.42056896707591,92.26568385783533
2020-04-28,99.23622784448321,96.91646144095176
2020-04-29,99.23622784448321,98.9643415520142
2020-04-30,87.62637562553694,95.36627710483454
2020-05-01,79.3182005012083,88.72693465707624
2020-05-02,71.99340114270564,79.64599242315039
2020-05-03,70.93444932149184,74.0820169884687
2020-05-04,60.92235893207285,67.95006979875687
2020-05-05,38.55578586797966,56.804198040514876
2020-05-06,18.655028730323114,39.377724510125304
2020-05-07,17.03519818145203,24.74867092658503
2020-05-08,25.51071518625912,20.400314032678185
2020-05-09,33.852276041013965,25.4660631362418
2020-05-10,20.459038770299358,26.60734333252424
2020-05-11,8.341560854754782,20.88429188868946
2020-05-12,3.349440343052384,10.716679989368933
2020-05-13,15.988960550269413,9.226653916025617
2020-05-14,31.452614928664783,16.930338607328952
2020-05-15,35.74879636251946,27.73012394715131
2020-05-16,37.47747538521474,34.89296222546642
2020-05-17,42.6650234549191,38.63043173421786
2020-05-18,62.156142403512966,47.432880414549025
2020-05-19,73.73843813077303,59.519867996401786
2020-05-20,73.84254041648414,69.91237365025681
2020-05-21,55.09608896988092,67.55902250571278
2020-05-22,47.21840801658311,58.71901246764947
2020-05-23,46.16256838062904,49.49235512236444
2020-05-24,50.936634770518545,48.10587038924364
2020-05-25,44.92830481320127,47.342502654783026
2020-05-26,26.022439881598945,40.62912648843966
2020-05-27,26.923712325482555,32.624819006760994
2020-05-28,48.19256161225858,33.71290460644676
2020-05-29,80.73229477933748,51.94952290569294
2020-05-30,99.99999999999993,76.3082854638654
2020-05-31,86.40928850800611,89.04719442911458
2020-06-01,82.29411531250464,89.56780127350362
2020-06-02,66.95243167188274,78.55194516413121
2020-06-03,68.85480606756768,72.7004510173184
2020-06-04,60.85811129858709,65.55511634601254
2020-06-05,60.73928996096071,63.484069109038536
2020-06-06,58.07170377417557,59.88970167790783
2020-06-07,57.40468039077635,58.73855804197092
2020-06-08,61.1738161631302,58.88340010936074
2020-06-09,58.138940173520645,58.90581224247577
2020-06-10,47.35800332582054,55.556919887490494
2020-06-11,25.716039198381655,43.73766089924098
2020-06-12,15.638922426303443,29.57098831683525
2020-06-13,13.66837250914935,18.341111377944852
2020-06-14,13.66837250914935,14.32522248153409
2020-06-15,7.8029552205977915,11.713233412965538
2020-06-16,6.494915071386433,9.322080933711234
2020-06-17,10.195257486655345,8.164375926213232
2020-06-18,10.195257486655345,8.961810014899083
2020-06-19,3.7003424152688233,8.030285796193214
2020-06-20,0.2537180721443531,4.716439324689548
2020-06-21,0.2537180721443531,1.402592853185885
2020-06-22,24.01566644764671,8.17436753064518
2020-06-23,46.96441192237237,23.744598814054516
2020-06-24,59.39013101845214,43.45673646282378
2020-06-25,42.568469210880494,49.64100405056837
2020-06-26,20.107650370858696,40.688750200063815
2020-06-27,7.681931274778933,23.452683618839416
2020-06-28,6.828090157086103,11.539223934241287
2020-06-29,17.778050168326217,10.762690533397128
2020-06-30,26.170596692931763,16.92557900611474
2020-07-01,37.005509827356434,26.98471889620485
2020-07-02,35.552635205142785,32.90958057514371
2020-07-03,35.04261225009205,35.86691909419714
2020-07-04,32.342584039477536,34.3126104982375
2020-07-05,34.363517586160626,33.91623795857678
2020-07-06,59.039084900799516,41.91506217547927
2020-07-07,74.22725823662499,55.87662024119509
2020-07-08,95.30092792740044,76.1890903549417
2020-07-09,88.12659405406369,85.88492673936308
2020-07-10,83.16795955834131,88.8651605132685
2020-07-11,69.36326232328939,80.21927197856483
2020-07-12,65.95757184511933,72.82959790891671
2020-07-13,59.25170413642824,64.85751276827904
2020-07-14,59.83697247273824,61.68208281809532
2020-07-15,52.83547176568285,57.30804945828316
2020-07-16,39.75785493777121,50.810099725397485
2020-07-17,19.643950503179795,37.41242573554467
2020-07-18,12.289457001455704,23.897087480802288
2020-07-19,23.31204238943697,18.415149964690876
2020-07-20,31.139948970699322,22.247149453864054
2020-07-21,50.27452710512148,34.90883948841931
2020-07-22,67.91789037292514,49.77745548291537
2020-07-23,93.42331712499613,70.53857820101432
2020-07-24,99.9999999999999,87.11373583264044
2020-07-25,99.9999999999999,97.80777237499869
2020-07-26,99.9999999999999,99.99999999999994
2020-07-27,99.9999999999999,99.99999999999994
2020-07-28,95.9653161030962,98.65510536769871
2020-07-29,91.93255570591528,95.96595726967051
2020-07-30,90.84185543585393,92.91324241495518
2020-07-31,94.87653933275764,92.55031682484234
2020-08-01,98.90929972993855,94.87589816618343
2020-08-02,91.9573283465838,95.24772246976005
2020-08-03,83.73500553387458,91.53387787013236
2020-08-04,71.98012035002677,82.5574847434951
2020-08-05,67.54116991672124,74.41876526687425
2020-08-06,52.19392056344683,63.90507027673167
2020-08-07,30.615472413961317,50.116854298043194
2020-08-08,14.138909967846638,32.31610098175166
2020-08-09,5.451790846386618,16.73539107606492
2020-08-10,8.92219631154662,9.50429904192669
2020-08-11,4.547047511049583,6.30701155632767
2020-08-12,6.226410352855569,6.565218058483988
2020-08-13,15.53681131832649,8.770089727410612
2020-08-14,31.03059330779956,17.59793832632727
2020-08-15,43.91420302104251,30.160535882389585
2020-08-16,46.87442066895863,40.60640566593363
2020-08-17,47.027899372257004,45.93884102075278
2020-08-18,37.9025142539806,43.934944765065474
2020-08-19,22.161490175433556,35.697301267223786
2020-08-20,11.893096738608365,23.985700389340906
2020-08-21,5.378867255946154,13.144484723329422
2020-08-22,8.890333515703245,8.720765836752653
2020-08-23,5.069466986130288,6.446222585926627
2020-08-24,13.346482665947695,9.102094389260474
2020-08-25,9.835016406190602,9.416988686089594
2020-08-26,9.317821881190394,10.833106984442962
2020-08-27,1.0408062013729886,6.731214829584725
2020-08-28,6.521343984492425,5.626657355685332
2020-08-29,13.15793415565786,6.906694780507821
2020-08-30,30.815273248249785,16.831517129466754
2020-08-31,50.60425548124456,31.52582096171746
2020-09-01,76.26019244203935,52.55990705717795
2020-09-02,73.22976459623027,66.69807083983811
2020-09-03,47.96024458011607,65.81673387279528
2020-09-04,15.490925475480253,45.56031155060892
2020-09-05,0.8640142286974211,21.4383947614313
2020-09-06,5.414566176811657,7.256501960329833
2020-09-07,9.0357372255245,5.104772543677915
2020-09-08,10.99640888904345,8.482237430459925
2020-09-09,11.818400853838755,10.616848989468957
2020-09-10,15.955571015295739,12.923460252726036
2020-09-11,23.993537051913037,17.255836307015898
2020-09-12,31.16564394114366,23.704917336117532
2020-09-13,30.907908606329794,28.68902986646222
2020-09-14,31.48988881660652,31.187813788026716
2020-09-15,31.978249913941713,31.458682445626067
2020-09-16,46.13304373484011,36.53372748846284
2020-09-17,68.88575915776046,48.99901760218082
2020-09-18,85.15015493396149,66.7229859421874
2020-09-19,93.20491366134875,82.41360925102363
2020-09-20,80.87984622927411,86.41163827486152
2020-09-21,55.551030525266505,76.5452634719632
2020-09-22,25.89464338942135,54.10850671465406
2020-09-23,4.886377488162663,28.777350467616913
2020-09-24,18.37248401705701,16.384501631547078
2020-09-25,36.36820715399497,19.87568955307162
2020-09-26,56.99985194737504,37.24684770614241
2020-09-27,61.12957792639555,51.499212342588585
2020-09-28,63.40545900354149,60.51162962577076
2020-09-29,66.94005104848516,63.8250293261408
2020-09-30,69.72425724182489,66.68992243128393
2020-10-01,68.89992455930202,68.52141094987077
2020-10-02,60.24282204870653,66.2890012832779
2020-10-03,56.69963885820355,61.94746182207078
2020-10-04,64.3188060426071,60.4204223165058
2020-10-05,77.89240803440582,66.30361764507224
2020-10-06,71.73366554696081,71.31495987465799
2020-10-07,46.4682640538918,65.36477921175288
2020-10-08,43.84602197254864,54.015983857800485
2020-10-09,62.51265031090657,50.942312112449066
2020-10-10,93.12716090485031,66.49527772943524
2020-10-11,99.99999999999984,85.2132704052523
2020-10-12,99.99999999999984,97.70905363495007
2020-10-13,94.55611419217541,98.18537139739176
2020-10-14,86.70466242971919,93.75359220729821
2020-10-15,77.63221495102728,86.2976638576407
2020-10-16,64.13748384926548,76.15812041000406
2020-10-17,54.70201852303427,65.49057244110908
2020-10-18,54.04603455314527,57.62851230848175
2020-10-19,64.42769398037069,57.72524901885015
2020-10-20,62.66062284317871,60.37811712556496
2020-10-21,70.00188155288244,65.69673279214402
2020-10-22,78.55883903524322,70.40711447710153
2020-10-23,92.24802728385772,80.26958262399454
2020-10-24,91.00232558434827,87.26973063448315
2020-10-25,81.25386925973702,88.16807404264775
2020-10-26,63.87911980111323,78.7117715483996
2020-10-27,52.00052014782571,65.71116973622541
2020-10-28,32.3149404677814,49.3981934722402
2020-10-29,23.79891241061156,36.03812434207298
2020-10-30,5.977053168952369,20.69696868244853
2020-10-31,4.704430680773641,11.493465420112614
2020-11-01,12.88550378731208,7.855662545679454
2020-11-02,12.88550378731208,10.158479418466024
2020-11-03,14.300144392995842,13.357050655873424
2020-11-04,18.534407024305427,15.240018401537874
2020-11-05,45.97821545278324,26.270922290028263
2020-11-06,75.27023333993377,46.594285272340905
2020-11-07,81.1532257918592,67.4672248615255
2020-11-08,80.08753889653802,78.83699934277709
2020-11-09,66.67157744956711,75.97078071265486
2020-11-10,68.56571884625738,71.77494506412091
2020-11-11,68.55523467354354,67.93084365645609
2020-11-12,74.12390358753419,70.41495236911179
2020-11-13,81.6978921384168,74.79234346649827
2020-11-14,76.0166073607182,77.27946769555648
2020-11-15,63.427155847070594,73.71388511540196
2020-11-16,49.83088013640679,63.09154778139862
2020-11-17,49.4835297364373,54.24718857330498
2020-11-18,52.65836432743911,50.65759140009448
2020-11-19,44.160792172965735,48.76756207894746
2020-11-20,56.62697881680669,51.14871177240392
2020-11-21,73.88888827243274,58.2255530874018
2020-11-22,99.47185549328213,76.66257419417394
2020-11-23,99.99999999999984,91.12024792190499
2020-11-24,98.60858068664152,99.36014539330792
2020-11-25,79.84606615925611,92.81821561529925
2020-11-26,46.512732825922775,74.98912655727356
2020-11-27,14.570818805947786,46.97653926370899
2020-11-28,5.238479523644069,22.10734371850498
2020-11-29,16.935088726594145,12.248129018728768
2020-11-30,34.66527440134294,18.946280883860485
2020-12-01,39.550494153378615,30.383619093771998
2020-12-02,39.7444647492549,37.98674443465892
2020-12-03,36.89817642342584,38.73104510868655
2020-12-04,28.882635820936105,35.17509233120572
2020-12-05,23.171071147378438,29.650627797246894
2020-12-06,15.745396796216854,22.599701254843897
2020-12-07,18.34149857868753,19.085988840761043
2020-12-08,12.162483453418838,15.416459609441176
2020-12-09,10.791097504879934,13.765026512328872
2020-12-10,7.222662348963085,10.058747769087388
2020-12-11,7.222662348963085,8.412140734268805
2020-12-12,7.957794915976545,7.467706537967675
2020-12-13,19.60828622599085,11.596247830310261
2020-12-14,32.36896873759295,19.97834995985355
2020-12-15,39.1323020464178,30.369852336667297
2020-12-16,53.64230888925287,41.71452655775464
2020-12-17,74.2149597109841,55.66319021555169
2020-12-18,93.96299011925989,73.94008623983238
2020-12-19,99.99999999999987,89.39264994341471
2020-12-20,89.2713829336672,94.41145768430908
2020-12-21,66.79796590018394,85.35644961128378
2020-12-22,51.330993602081115,69.13344747864419
2020-12-23,28.79384191720976,48.97426713982503
2020-12-24,25.683497139640128,35.269444219643766
2020-12-25,19.84656806449198,24.774635707114054
2020-12-26,34.86672881518576,26.798931339772718
2020-12-27,56.13695023006142,36.95008236991315
2020-12-28,77.44085160331238,56.148176882853285
2020-12-29,95.68645960382264,76.42142047906559
2020-12-30,99.99999999999987,91.04243706904508
2020-12-31,95.44938437564936,97.04528132649072
2021-01-01,87.85992978560203,94.43643805375052
2021-01-02,87.77856920715726,90.36262778946964
2021-01-03,92.32918483150776,89.32256127475578
2021-01-04,99.9186394215551,93.3421311534068
2021-01-05,99.99999999999984,97.41594141768765
2021-01-06,99.99999999999984,99.97287980718501
2021-01-07,99.99999999999984,99.99999999999993
2021-01-08,99.94173605501375,99.98057868500456
2021-01-09,99.94173605501375,99.96115737000919
2021-01-10,95.01748318311077,98.30031843104616
2021-01-11,61.742413794763536,85.56721101096277
2021-01-12,28.409080461430204,61.722992479768266
2021-01-13,5.342595711694173,31.8313633226294
2021-01-14,14.945944575815526,16.232540249646732
2021-01-15,20.069937593380676,13.452825960296886
2021-01-16,23.077163613763094,19.36434859431986
2021-01-17,22.34094855817166,21.829349921771904
2021-01-18,26.602587418706232,24.00689986354709
2021-01-19,33.6419601375501,27.528498704809426
2021-01-20,38.137643093567284,32.7940635499413
2021-01-21,28.752011215467565,33.51053814886174
2021-01-22,17.893767391209654,28.261140566748256
2021-01-23,9.372126630834309,18.672635079170597
2021-01-24,27.97014979365103,18.41201460523175
2021-01-25,35.31057587413041,24.217617432872004
2021-01-26,44.8065633677003,36.02909634516067
2021-01-27,28.61279157724716,36.24331027302604
2021-01-28,26.080671063452314,33.16667533613334
2021-01-29,23.89319088722296,26.19555117597422
2021-01-30,33.25434944407061,27.742737131582036
2021-01-31,28.902159560123383,28.683233297139058
2021-02-01,25.867358488956096,29.34128916438344
2021-02-02,35.506645370235695,30.092054473105133
2021-02-03,63.85291239416902,41.74230541778701
2021-02-04,80.31560369494363,59.89172048644952
2021-02-05,92.24424021778611,78.80425210229967
2021-02-06,86.67429029911199,86.41137807061398
2021-02-07,78.92311034753502,85.94721362147777
2021-02-08,73.14788462005919,79.58176175556879
2021-02-09,74.86699296190248,75.64599597649897
2021-02-10,82.13012275064155,76.7150001108678
2021-02-11,82.94029524959956,79.97913698738127
2021-02-12,86.79113682643039,83.95385160889056
2021-02-13,89.81372944683376,86.51505384095464
2021-02-14,86.40932364792197,87.67139664039543
2021-02-15,63.94192885129121,80.05499398201572
2021-02-16,43.86950482004926,64.74025243975422
2021-02-17,41.006354256257914,49.60592930919953
2021-02-18,63.47374905288867,49.44986937639869
2021-02-19,88.76739040877887,64.41583123930856
2021-02-20,83.57132927499215,78.60415624555331
2021-02-21,67.55271537544247,79.96381168640457
2021-02-22,34.219382042109146,61.78114223084799
2021-02-23,17.314719433783484,39.695605617111774
2021-02-24,3.615645205393323,18.383248893762055
2021-02-25,3.615645205393323,8.182003281523444
2021-02-26,3.615645205393323,3.615645205393392
2021-02-27,0.7604217172490895,2.6639040426786473
2021-02-28,0.7604217172490895,1.712162879963903
2021-03-01,9.322060654342211,3.614301362946866
2021-03-02,13.631971829792574,7.904818067128029
2021-03-03,23.915369084608145,15.623133856247714
2021-03-04,23.36124367751127,20.3028615306374
2021-03-05,26.862325145369823,24.712979302496482
2021-03-06,32.9774340219118,27.733667614931036
2021-03-07,58.303253825248895,39.381004330843574
2021-03-08,83.06517279802405,58.115286881728316
2021-03-09,99.99999999999982,80.45614220775765
2021-03-10,94.66171504606767,92.57562928136393
2021-03-11,90.86665714367943,95.17612406324906
2021-03-12,81.62578349940975,89.05138522971903
2021-03-13,86.9640684533419,86.48550303214377
2021-03-14,84.83978895104286,84.47654696793158
2021-03-15,80.06491766095017,83.95625835511173
2021-03-16,63.829626407356805,76.24477767311669
2021-03-17,55.807992257243825,66.56751210851701
2021-03-18,50.9281800643264,56.855266242975745
2021-03-19,39.81530546815413,48.850492596574846
2021-03-20,26.764983285328643,39.169489605936455
2021-03-21,12.327207079275112,26.302498610919354
2021-03-22,6.3420395957074005,15.144743320103778
2021-03-23,0.0,6.22308222499423
2021-03-24,0.0,2.114013198569193
2021-03-25,0.253807778174901,0.08460259272502639
2021-03-26,12.747044571323684,4.333617449832921
2021-03-27,30.21442997115408,14.405094106884283
2021-03-28,46.40992164178109,29.790465394753014
2021-03-29,67.25001818196564,47.95812326496699
2021-03-30,83.11596611546857,65.59196864640515
2021-03-31,99.99999999999982,83.45532809914472
2021-04-01,99.99999999999982,94.37198870515611
2021-04-02,99.99999999999982,99.99999999999987
2021-04-03,91.0192023862579,97.00640079541922
2021-04-04,84.32695835589335,91.78205358071706
2021-04-05,78.59501820400239,84.64705964871791
2021-04-06,82.61888304899679,81.8469532029642
2021-04-07,73.75393612503599,78.32261245934508
2021-04-08,65.13488563000111,73.83590160134467
2021-04-09,54.48287268298777,64.45723147934166
2021-04-10,58.61356881129888,59.410442374762624
2021-04-11,56.60427411597575,56.566905203420845
2021-04-12,54.87411609886308,56.69731967537928
2021-04-13,64.07132494749708,58.51657172077868
2021-04-14,80.43161028974606,66.45901711203545
2021-04-15,97.77071402261959,80.75788308662094
2021-04-16,88.09049141579074,88.7642719093855
2021-04-17,66.12471742265971,83.99530762035671
2021-04-18,33.90816253734584,62.7077904585988
2021-04-19,12.484337788221561,37.505739249409075
2021-04-20,10.64570687601718,19.01273573386156
2021-04-21,20.94581496428879,14.69195320950921
2021-04-22,35.285634768792,22.292385536366023
2021-04-23,34.642960814879075,30.291470182653324
2021-04-24,23.226074278588012,31.051556620753065
2021-04-25,12.827675267280975,23.56557012024939
2021-04-26,19.357521981303574,18.47042384239089
2021-04-27,39.63397649385788,23.939724580814175
2021-04-28,59.387237941111046,39.459578805424194
2021-04-29,77.30447008633678,58.7752281737686
2021-04-30,90.36134890711581,75.68435231152124
2021-05-01,99.99999999999979,89.22193966448417
2021-05-02,99.99999999999979,96.78711630237183
2021-05-03,99.99999999999979,99.99999999999982
2021-05-04,90.84844506220696,96.94948168740221
2021-05-05,85.84787448757737,92.23210651659474
2021-05-06,79.47295738074463,85.38975897684303
2021-05-07,81.23368095636947,82.18483760823052
2021-05-08,84.60849908395458,81.7717124736896
2021-05-09,89.213513308765,85.0185644496964
2021-05-10,95.35822988724756,89.72674742665576
2021-05-11,96.98398233429204,93.85190851010157
2021-05-12,78.32462800208695,90.22228007454221
2021-05-13,46.237409452439046,73.84867326293939
2021-05-14,23.750174698880794,49.43740405113564
2021-05-15,10.846098579774866,26.944560910364938
2021-05-16,10.846098579774866,15.147457286143542
2021-05-17,0.0,7.23073238651661
2021-05-18,1.7747894870165084,4.206962688930491
2021-05-19,1.7747894870165084,1.1831929913443726
2021-05-20,5.261199697804776,2.936926223945965
2021-05-21,3.5515698296465916,3.5291863381559927
2021-05-22,3.5515698296465916,4.12144645236602
2021-05-23,0.06515961885832411,2.3894330927172027
2021-05-24,6.710901278583567,3.442543575696194
2021-05-25,15.779393746565583,7.518484881335858
2021-05-26,28.724431829875197,17.07157561834148
2021-05-27,33.16167770828586,25.888501094908914
2021-05-28,34.17750916312388,32.021206233761674
2021-05-29,29.94424855030964,32.42781180723982
2021-05-30,33.74245311314624,32.62140360885996
2021-05-31,49.66507449554757,37.783925386334516
2021-06-01,70.18271636224576,51.19674799031322
2021-06-02,88.3473707384177,69.39838719873704
2021-06-03,95.67375876652967,84.73461528906442
2021-06-04,93.49939423985107,92.5068412482662
2021-06-05,84.39010435939802,91.18775245525966
2021-06-06,76.65697866656599,84.84882575527176
2021-06-07,68.91101330335114,76.65269877643844
2021-06-08,59.42857003377129,68.33218733456285
2021-06-09,54.65680997207128,60.99879776973129
2021-06-10,48.36276337401373,54.14938112661881
2021-06-11,38.67902864975676,47.23286733194731
2021-06-12,21.364369119981237,36.1353870479173
2021-06-13,23.947793234642784,27.99706366812698
2021-06-14,41.60220163349977,28.97145466270798
2021-06-15,58.3952449251467,41.31507993109647
2021-06-16,46.62076632295293,48.872737627199854
2021-06-17,30.512451825462307,45.17615435785404
2021-06-18,10.205620484789593,29.112946211068333
2021-06-19,6.3816321230792665,15.699901477777113
2021-06-20,8.644605135385563,8.410619247751532
2021-06-21,8.644605135385563,7.890280797950187
2021-06-22,8.644605135385563,8.64460513538562
2021-06-23,7.946095033765544,8.411768434845612
2021-06-24,17.965639791956203,11.518779987035828
2021-06-25,19.846714719383993,15.252816515035306
2021-06-26,13.0464283772317,16.952927629524023
2021-06-27,18.63391415495278,17.175685750522884
2021-06-28,42.65297316696698,24.777771899717212
2021-06-29,74.84049780868689,45.37579504353561
2021-06-30,92.56680060610847,70.02009052725417
2021-07-01,90.92142238220703,86.10957359900084
2021-07-02,84.14597365970128,89.2113988826723
2021-07-03,81.68297772712361,85.58345792301067
2021-07-04,90.7615553449164,85.53016891058047
2021-07-05,91.34739305750942,87.93064204318318
2021-07-06,93.14407026850597,91.75100622364397
2021-07-07,92.41237977141675,92.3012810324774
2021-07-08,86.08660051070528,90.54768351687603
2021-07-09,76.49408108452167,84.9976871222146
2021-07-10,58.56976934596261,73.71681698039657
2021-07-11,47.271862055625355,60.778570828703266
2021-07-12,24.197366870056765,43.34633275721496
2021-07-13,9.520035772371715,26.996421566018
2021-07-14,6.3498165544896175,13.35573973230609
2021-07-15,6.3498165544896175,7.406556293783705
2021-07-16,6.3498165544896175,6.349816554489673
2021-07-17,2.3543230703335367,5.017985393104312
2021-07-18,4.396709930724646,4.366949851849323
2021-07-19,4.396709930724646,3.715914310594332
2021-07-20,2.0423868603909447,3.6119355739468015
2021-07-21,32.6369788341547,13.025358541756818
2021-07-22,65.97031216748803,33.549892620677944
2021-07-23,99.30364550082136,65.97031216748809
2021-07-24,99.99999999999983,88.42465255610313
2021-07-25,99.99999999999983,99.76788183360706
2021-07-26,99.99999999999983,99.99999999999989
2021-07-27,99.99999999999983,99.99999999999989
2021-07-28,99.99999999999983,99.99999999999989
2021-07-29,99.99999999999983,99.99999999999989
2021-07-30,99.99999999999983,99.99999999999989
2021-07-31,99.99999999999983,99.99999999999989
2021-08-01,99.99999999999983,99.99999999999989
2021-08-02,99.99999999999983,99.99999999999989
2021-08-03,89.5185739637061,96.5061913212353
2021-08-04,87.98415424177654,92.50090940182754
2021-08-05,87.98415424177654,88.49562748241978
2021-08-06,98.46558027807026,91.47796292054117
2021-08-07,99.99999999999983,95.48324483994894
2021-08-08,89.15426428371002,95.87328152059342
2021-08-09,81.63574363140872,90.26333597170624
2021-08-10,72.24820288841512,81.01273693451134
