Date,STOCHk_14_3_3,STOCHd_14_3_3
2017-11-26,76.29025612254603,68.78867281272785
2017-11-27,89.01011838033435,78.1374674799112
2017-11-28,88.76425545489154,84.68820998592396
2017-11-29,81.39223731893607,86.38887038472065
2017-11-30,65.97588559033119,78.71079278805293
2017-12-01,55.91853225278718,67.76221838735147
2017-12-02,61.34925524718207,61.08122436343348
2017-12-03,70.7075041229632,62.658430540977484
2017-12-04,75.6209317395364,69.22589703656057
2017-12-05,75.21855639639664,73.84899741963208
2017-12-06,47.41817728395403,66.0858884732957
2017-12-07,-0.6494667742233275,40.66242230204245
2017-12-08,-42.618851124208255,1.383286461840818
2017-12-09,-26.66118777599387,-23.30983522480848
2017-12-10,-13.73872948877,-27.67292279632404
2017-12-11,1.5072199985201336,-12.964232422081244
2017-12-12,-1.190120045253997,-4.473876511834619
2017-12-13,28.923536180510983,9.746878711259042
2017-12-14,58.475460188630905,28.73629210796263
2017-12-15,71.37479401202135,52.92459679372107
2017-12-16,81.95851679896403,70.60292366653876
2017-12-17,83.93608985005174,79.08980022034571
2017-12-18,84.40919846608087,83.43460170503221
2017-12-19,83.62504546694122,83.99011126102461
2017-12-20,80.34068465774932,82.79164286359047
2017-12-21,87.133917551269,83.69988255865319
2017-12-22,64.07036199584138,77.18165473495323
2017-12-23,56.34595874863143,69.18341276524727
2017-12-24,36.70405521100838,52.37345865182707
2017-12-25,38.19298197934919,43.74766531299634
2017-12-26,35.107506895254666,36.66818136187075
2017-12-27,35.18005764589102,36.1601821734983
2017-12-28,28.05103301235259,32.77953251783277
2017-12-29,15.102199694463442,26.111096784235695
2017-12-30,-7.101284300642811,12.017316135391084
2017-12-31,-11.840002871136932,-1.2796958257720898
2018-01-01,-8.869367735546671,-9.270218302442128
2018-01-02,13.087636347784894,-2.54057808629956
2018-01-03,37.07623015799811,13.76483292341212
2018-01-04,59.508292088208606,36.55738619799721
2018-01-05,77.47773179418296,58.020751346796565
2018-01-06,85.6157283510737,74.20058407782176
2018-01-07,80.90165005901248,81.33170340142306
2018-01-08,74.45680377628939,80.32472739545854
2018-01-09,69.94178023302197,75.10007802277464
2018-01-10,74.67079290760529,73.02312563897225
2018-01-11,76.06753255998605,73.56003523353779
2018-01-12,74.51664647622492,75.08499064793877
2018-01-13,72.38205290916962,74.32207731512688
2018-01-14,76.44619173007062,74.4482970384884
2018-01-15,80.09099015526546,76.30641159816857
2018-01-16,45.54306043612065,67.36008077381892
2018-01-17,-6.867969090691787,39.58869383356478
2018-01-18,-42.10624067537325,-1.1437164433147895
2018-01-19,-39.950874131016654,-29.641694632360554
2018-01-20,-19.818334275629102,-33.95848302733966
2018-01-21,-18.07132102571697,-25.9468431441209
2018-01-22,-29.58801402898348,-22.492556443443174
2018-01-23,-33.83088087061659,-27.163405308439007
2018-01-24,-31.47753465106781,-31.632143183555954
2018-01-25,-13.273128389970596,-26.19384797055166
2018-01-26,-6.463013263218433,-17.071225434752275
2018-01-27,0.4987975582219943,-6.412448031655672
2018-01-28,10.456125315902234,1.497303203635271
2018-01-29,34.64099872256169,15.198640532228646
2018-01-30,38.155695696915274,27.750939911793072
2018-01-31,28.856564178276347,33.88441953258444
2018-02-01,1.2866205587038333,22.766293477965153
2018-02-02,-43.748833023019834,-4.535216095346549
2018-02-03,-64.36094845380153,-35.60772030603918
2018-02-04,-78.34669115697277,-62.15215754459805
2018-02-05,-56.812091201780504,-66.50657693751826
2018-02-06,-54.34786741018053,-63.16888325631127
2018-02-07,-40.027915155849946,-50.395957922603664
2018-02-08,-24.884618369113145,-39.75346697838121
2018-02-09,-8.986870988393989,-24.6331348377857
2018-02-10,-1.4134252934793679,-11.761638216995507
2018-02-11,0.8868216680603834,-3.1711582046043314
2018-02-12,3.6326223897873025,1.0353395881227658
2018-02-13,4.827361088459368,3.115601715435678
2018-02-14,12.171831514526877,6.877271664257843
2018-02-15,32.799314672871624,16.59950242528595
2018-02-16,53.59361241607045,32.854919534489646
2018-02-17,74.03344490281339,53.47545733058515
2018-02-18,73.55044287421687,67.05916673103356
2018-02-19,72.87347976154312,73.48578917952445
2018-02-20,58.16511915607609,68.19634726394536
2018-02-21,32.08683849084854,54.37514580282258
2018-02-22,-7.821988599337362,27.476656349195753
2018-02-23,-38.91115329693894,-4.882101135142588
2018-02-24,-46.985201022541396,-31.239447639605903
2018-02-25,-39.02626037442061,-41.64087156463365
2018-02-26,-23.286719904338458,-36.43272710043349
2018-02-27,-7.616566605489113,-23.309848961416062
2018-02-28,1.4058671376016125,-9.832473124075321
2018-03-01,4.051452225848849,-0.7197490806795518
2018-03-02,0.0077196089878187974,1.8216796574794254
2018-03-03,0.2199428981231962,1.4263715776532866
2018-03-04,-4.169632457674861,-1.3139899835212834
2018-03-05,-3.6748697280024607,-2.541519762518043
2018-03-06,-61.779083354791595,-23.207861846822976
2018-03-07,-119.75817304609855,-61.737375376297535
2018-03-08,-144.80607339141056,-108.7811099307669
2018-03-09,-105.57764796184642,-123.38063146645186
2018-03-10,-53.25751252253722,-101.21374462526477
2018-03-11,-42.14881252860213,-66.99465767099528
2018-03-12,-34.28856535422337,-43.23163013512093
2018-03-13,-30.504083756016584,-35.64715387961406
2018-03-14,-38.24419722317297,-34.345615444471
2018-03-15,-33.555126989954154,-34.101135989714585
2018-03-16,-31.390345550750567,-34.396556587959246
2018-03-17,-17.77958930655323,-27.575020615752667
2018-03-18,-22.313997727722537,-23.82797752834213
2018-03-19,-21.96229812694578,-20.685295053740536
2018-03-20,-19.23164765015683,-21.1693145016084
2018-03-21,-9.328858092007994,-16.840934623036887
2018-03-22,-10.611929776710681,-13.057478506291853
2018-03-23,-10.73922035707728,-10.226669408598669
2018-03-24,-13.16475164766896,-11.505300593818992
2018-03-25,-11.893996523595888,-11.93265617611406
2018-03-26,-18.06280842616051,-14.373852199141803
2018-03-27,-26.695201489802372,-18.88400214651961
2018-03-28,-27.50238787197763,-24.086799262646853
2018-03-29,-30.526406642973285,-28.241332001584443
2018-03-30,-28.33555669640963,-28.788117070453527
2018-03-31,-27.158289866326076,-28.67341773523634
2018-04-01,-20.389013886613995,-25.29428681644991
2018-04-02,-14.838954602019607,-20.79541945165324
2018-04-03,-13.4405924116703,-16.222853633434646
2018-04-04,-10.427662779927504,-12.902403264539148
2018-04-05,-10.837775276695922,-11.568676822764587
2018-04-06,-12.823493214892432,-11.362977090505296
2018-04-07,-11.899746605618995,-11.853671699069126
2018-04-08,-7.842301397300232,-10.855180405937231
2018-04-09,-0.7470200245406193,-6.829689342486627
2018-04-10,7.648619100562972,-0.31356744042597057
2018-04-11,27.569839279546084,11.490479451856134
2018-04-12,34.756812334126955,23.32509023807866
2018-04-13,60.170378007178044,40.83234320695035
2018-04-14,69.66940204236214,54.865530794555696
2018-04-15,86.47787366761554,72.10588457238522
2018-04-16,82.50283842854039,79.55003804617267
2018-04-17,79.65692961099708,82.87921390238431
2018-04-18,79.69447229464602,80.61808011139448
2018-04-19,78.70806183889157,79.35315458151155
2018-04-20,77.03862076976576,78.48038496776776
2018-04-21,77.7455761976785,77.83075293544526
2018-04-22,81.35806514203573,78.71408736982666
2018-04-23,86.49323220290255,81.86562451420559
2018-04-24,84.53065793944562,84.12731842812796
2018-04-25,72.33251652824092,81.11880222352968
2018-04-26,57.795635734314565,71.55293673400037
2018-04-27,55.18282857755971,61.77032694670507
2018-04-28,60.775851906400305,57.918105406091534
2018-04-29,71.87652530942323,62.61173526446108
2018-04-30,74.89431635071776,69.1822311888471
2018-05-01,73.17094193497196,73.31392786503766
2018-05-02,70.08999092535505,72.71841640368159
2018-05-03,58.19537320176688,67.15210202069795
2018-05-04,66.37305858557532,64.88614090423242
2018-05-05,69.99325976530967,64.85389718421729
2018-05-06,79.17770212436686,71.84800682508394
2018-05-07,60.768147366768005,69.9797030854815
2018-05-08,47.65107886789545,62.53230945301009
2018-05-09,36.4493774798769,48.289534571513435
2018-05-10,38.49864151555237,40.86636595444156
2018-05-11,23.266309184839276,32.73810939342284
2018-05-12,4.079950287773154,21.948300329388257
2018-05-13,-7.99694433228812,6.449771713441425
2018-05-14,-1.889235855858568,-1.9354099667911895
2018-05-15,8.429156301357384,-0.4856746289297795
2018-05-16,5.84286234669636,4.1275942640650465
2018-05-17,-5.222641210972142,3.016459145693855
2018-05-18,-15.783148389694162,-5.05430908465666
2018-05-19,-14.938559278826398,-11.981449626497579
2018-05-20,-8.231035753755856,-12.984247807425483
2018-05-21,-0.26581661784801774,-7.811803883476768
2018-05-22,-24.690855278172283,-11.062569216592061
2018-05-23,-57.40384657347317,-27.453506156497834
2018-05-24,-72.55849340306871,-51.551065084904735
2018-05-25,-56.16988913890844,-62.04407637181679
2018-05-26,-30.063120062590077,-52.93050086818909
2018-05-27,-22.024245234978423,-36.085751478825664
2018-05-28,-27.653673232734594,-26.58034617676772
2018-05-29,-34.791428237857566,-28.15644890185688
2018-05-30,-34.513343534435,-32.319481668342405
2018-05-31,-22.861275099820148,-30.722015624037592
2018-06-01,-10.861472418747136,-22.745363684334112
2018-06-02,-3.4331315407693226,-12.385293019778887
2018-06-03,5.094136945942405,-3.0668223378580364
2018-06-04,11.23669057479574,4.299231993322922
2018-06-05,16.367014675206146,10.899280731981412
2018-06-06,28.842097232229765,18.815267494077197
2018-06-07,45.06606628028232,30.09172606257273
2018-06-08,55.638823880509875,43.1823291310073
2018-06-09,56.48257072328653,52.395820294692896
2018-06-10,-8.500953355723908,34.54014708269082
2018-06-11,-34.21519537239863,4.58880733172132
2018-06-12,-71.18758492100704,-37.967911216376535
2018-06-13,-39.7823222303353,-48.39503417458033
2018-06-14,-40.80955181622476,-50.59315298918904
2018-06-15,-26.276374220041784,-35.62274942220063
2018-06-16,-17.73087955476751,-28.2722685303447
2018-06-17,-8.881533872353568,-17.629595882387633
2018-06-18,-7.181366552123813,-11.264593326414976
2018-06-19,1.120252739974056,-4.980882561501121
2018-06-20,7.767485281762894,0.5687904898710329
2018-06-21,17.714022891241736,8.86725363765955
2018-06-22,-2.540888232624797,7.646873313459931
2018-06-23,-17.660255529099658,-0.8290402901609196
2018-06-24,-51.20765970230487,-23.802934488009793
2018-06-25,-46.090789183512534,-38.319568138305705
2018-06-26,-48.96097884022388,-48.75314257534711
2018-06-27,-29.82897019159498,-41.626912738443814
2018-06-28,-27.712155749202115,-35.500701593673675
2018-06-29,-27.091000328423423,-28.210708756406856
2018-06-30,-22.12471647991011,-25.642624185845232
2018-07-01,-12.075895174226176,-20.430537327519918
2018-07-02,1.4995290353252224,-10.900360872937037
2018-07-03,10.770027636906065,0.06455383266835331
2018-07-04,14.394835135913688,8.888130602714975
2018-07-05,35.23728667828285,20.134049817034185
2018-07-06,43.6203101904236,31.08414400154003
2018-07-07,55.14363283743557,44.66707656871399
2018-07-08,63.62336376413279,54.129102263997304
2018-07-09,70.21943133206689,62.99547597787839
2018-07-10,48.243639256057236,60.69547811741895
2018-07-11,8.865562175497319,42.44287758787379
2018-07-12,-26.137535898402728,10.323888511050585
2018-07-13,-28.76010112314388,-15.34402494868312
2018-07-14,-25.62805974701094,-26.84189892285254
2018-07-15,-16.457654732008987,-23.61527186738796
2018-07-16,-3.8990639160527487,-15.328259465024248
2018-07-17,17.142630199573293,-1.0713628161628368
2018-07-18,39.56994598940371,17.60450409097473
2018-07-19,48.78833748722125,35.166971225399394
2018-07-20,35.13297205488791,41.163751843837595
2018-07-21,19.657943437218865,34.52641765977598
2018-07-22,15.855639609288062,23.548851700464912
2018-07-23,19.123030487384145,18.212204511296992
2018-07-24,21.715827142132497,18.898165746268205
2018-07-25,26.239285076508768,22.35938090200844
2018-07-26,32.571584020085965,26.842232079575712
2018-07-27,36.75448205603184,31.855117050875492
2018-07-28,28.489179726546705,32.605081934221474
2018-07-29,11.145034800369137,25.46289886098253
2018-07-30,-18.54081149459047,7.031134344108426
2018-07-31,-63.30978042843244,-23.568519040884624
2018-08-01,-76.8415001113532,-52.897364011458734
2018-08-02,-66.3977613778635,-68.8496806392164
2018-08-03,-39.6984776278508,-60.97924637235585
2018-08-04,-29.970054644849913,-45.35543121685476
2018-08-05,-26.666009816764973,-32.11151402982192
2018-08-06,-20.251135743897525,-25.629066735170827
2018-08-07,-30.28634247340717,-25.734496011356583
2018-08-08,-34.646905230456404,-28.39479448258706
2018-08-09,-35.21867434608061,-33.38397401664809
2018-08-10,-28.446288376120904,-32.770622650886
2018-08-11,-24.846341235692673,-29.503767985964753
2018-08-12,-21.58520144202068,-24.959277017944775
2018-08-13,-20.749082192075203,-22.393541623262877
2018-08-14,-22.126579928696234,-21.486954520930727
2018-08-15,-21.11398088048958,-21.32988100042036
2018-08-16,-10.819426958352146,-18.019995922512674
2018-08-17,-2.6891582821642275,-11.540855373668672
2018-08-18,-1.060712844545746,-4.856432695020727
2018-08-19,1.689698951455264,-0.6867240584182571
2018-08-20,-3.139137252792409,-0.836717048627651
2018-08-21,-8.480596908568353,-3.3100117366351864
2018-08-22,-18.637225589671846,-10.085653250344224
2018-08-23,-19.231337260855614,-15.449719919698625
2018-08-24,-18.392514076224387,-18.753692308917305
2018-08-25,-10.507530833570035,-16.043794056883367
2018-08-26,-11.867506837489271,-13.589183915761254
2018-08-27,-12.823972293034489,-11.73300332136462
2018-08-28,-8.202587687569995,-10.964688939364606
2018-08-29,5.4634739816576,-5.187695332982315
2018-08-30,6.900704277417677,1.3871968571684066
2018-08-31,1.5915557292393876,4.6519113294382
2018-09-01,0.6568033669200517,3.0496877911923512
2018-09-02,27.01788193295368,9.755413676371019
2018-09-03,44.12862287352095,23.93443605779821
2018-09-04,47.20558190206088,39.45069556951182
2018-09-05,-67.86257027586693,7.8238781665716175
2018-09-06,-90.40868082202074,-37.02188973194228
2018-09-07,-107.25539647598862,-88.50888252462545
2018-09-08,-26.445253264441288,-74.70311018748357
2018-09-09,-26.691407101093745,-53.46401894717457
2018-09-10,-23.466381247774574,-25.53434720443656
2018-09-11,-17.762646986095096,-22.640145111654494
2018-09-12,-15.15394630802041,-18.794324847296718
2018-09-13,-11.40047400735392,-14.772355767156498
2018-09-14,0.6213863294048672,-8.644344661989843
2018-09-15,12.637097757008837,0.6193366930199057
2018-09-16,21.425476490689174,11.561320192367603
2018-09-17,18.804673981952153,17.622416076550028
2018-09-18,18.823319018337035,19.684489830326097
2018-09-19,22.61660324205896,20.08153208078269
2018-09-20,38.35479215320105,26.59823813786566
2018-09-21,50.6384715598819,37.20328898504729
2018-09-22,64.98894825117294,51.32740398808528
2018-09-23,74.57907188016519,63.40216389707333
2018-09-24,77.81584559177901,72.46128857437236
2018-09-25,62.886151952559125,71.76035647483442
2018-09-26,30.064339818498045,56.92211245427871
2018-09-27,6.460160125295732,33.136883965450956
2018-09-28,0.3662031330640379,12.296901025619258
2018-09-29,7.353487522172595,4.726616926844109
2018-09-30,23.195019633377523,10.304903429538038
2018-10-01,31.49750431413642,20.682003823228836
2018-10-02,40.961713601262595,31.884745849592168
2018-10-03,15.928941298420343,29.462719737939775
2018-10-04,0.5119459073124739,19.13420026899846
2018-10-05,-12.380874893993587,1.353337437246397
2018-10-06,1.605652643968171,-3.4210921142376605
2018-10-07,7.945251988859703,-0.9433234203885835
2018-10-08,17.75818426206766,9.103029631631832
2018-10-09,28.168763194310014,17.957399815079114
2018-10-10,15.390798950339928,20.439248802239188
2018-10-11,-161.02067610840967,-39.15370465458659
2018-10-12,-186.17896026125854,-110.60294580644278
2018-10-13,-180.98177586493557,-176.06047074486796
2018-10-14,-18.102998247665305,-128.42124479128648
2018-10-15,-13.29827515062901,-70.79434975440996
2018-10-16,-0.6882973593763259,-10.69652358589022
2018-10-17,11.01804412343933,-0.9895094621886766
2018-10-18,19.485918873729677,9.938555212597551
2018-10-19,12.630333717826728,14.378098904998568
2018-10-20,9.456011327659825,13.8574213064054
2018-10-21,12.6694340006565,11.585259682047672
2018-10-22,14.578834711335519,12.234760013217269
2018-10-23,13.638507840809057,13.628925517600345
2018-10-24,20.102972391451605,16.106771647865383
2018-10-25,22.99765252390088,18.913044252053837
2018-10-26,20.850102765788204,21.31690922704689
2018-10-27,13.778588966275434,19.208781418654834
2018-10-28,2.856628203078761,12.495106645047459
2018-10-29,-44.918032555161226,-9.42760512860235
2018-10-30,-56.72714062645224,-32.92951499284491
2018-10-31,-60.59380555811591,-54.079659579909794
2018-11-01,-17.46618730616953,-44.92904449691256
2018-11-02,-7.9910976087068635,-28.68369682433077
2018-11-03,5.721650946383072,-6.578544656164444
2018-11-04,12.418814540164412,3.38312262594687
2018-11-05,35.212974152464945,17.78447987967081
2018-11-06,44.77936136525179,30.80371668596038
2018-11-07,72.32190825756864,50.77141459176179
2018-11-08,69.72129991264462,62.274189845155014
2018-11-09,72.37911568659291,71.47410795226872
2018-11-10,60.91656229710816,67.67232596544856
2018-11-11,55.45499700393543,62.9168916625455
2018-11-12,54.485980867094916,56.952513389379504
2018-11-13,48.251730755174854,52.73090287540174
2018-11-14,-19.533200307936042,27.734837104777913
2018-11-15,-50.94957041179283,-7.410346654851334
2018-11-16,-71.25955747225032,-47.24744273065972
2018-11-17,-23.427184563326367,-48.5454374824565
2018-11-18,-11.03330564226262,-35.2400158926131
2018-11-19,-25.553384140593717,-20.0046247820609
2018-11-20,-35.80568380060117,-24.130791194485838
2018-11-21,-40.438283096162756,-33.93245034578589
2018-11-22,-23.447137462743754,-33.230368119835894
2018-11-23,-13.773284215496284,-25.886234924800934
2018-11-24,-14.12246657303288,-17.114296083757644
2018-11-25,-15.435887999124697,-14.443879595884624
2018-11-26,-17.529525284997224,-15.69595995238494
2018-11-27,-15.736390109107406,-16.23393446440978
2018-11-28,-10.300014333088448,-14.521976575731031
2018-11-29,-3.528621325522657,-9.855008589239509
2018-11-30,0.9218232014008115,-4.302270819070103
2018-12-01,1.602540997139412,-0.3347523756608162
2018-12-02,3.631217114071395,2.051860437537201
2018-12-03,-2.2544608184537314,0.993099097585687
2018-12-04,-8.093177882175906,-2.2388071955194193
2018-12-05,-28.6980907725502,-13.015243157726616
2018-12-06,-44.19903311201322,-26.99676725557978
2018-12-07,-54.212266302116085,-42.36979672889317
2018-12-08,-49.12227022096328,-49.17785654503086
2018-12-09,-34.085699595974226,-45.80674537301787
2018-12-10,-24.99647287198287,-36.068147562973465
2018-12-11,-19.00189089753228,-26.0280211218298
2018-12-12,-17.624662409420875,-20.541008726312015
2018-12-13,-17.521883738383085,-18.049479015112084
2018-12-14,-15.944017958969576,-17.030188035591184
2018-12-15,-13.619583880202043,-15.695161859184907
2018-12-16,-8.016204998745154,-12.526602279305598
2018-12-17,-3.8156846311305803,-8.483824503359266
2018-12-18,13.71888928187306,0.6289998839991023
2018-12-19,47.01476243790128,18.97265569621458
2018-12-20,63.47768095441287,41.403777558062394
2018-12-21,72.65477164503133,61.04907167911515
2018-12-22,64.04168489205502,66.72471249716641
2018-12-23,70.95869432765487,69.2183836215804
2018-12-24,74.45127907062327,69.81721943011104
2018-12-25,75.08830937915808,73.49942759247874
2018-12-26,76.52125266519657,75.35361370499264
2018-12-27,67.41812250567439,73.009228183343
2018-12-28,61.698042536662854,68.54580590251125
2018-12-29,66.57872633532382,65.23163045922034
2018-12-30,76.70789689033361,68.32822192077342
2018-12-31,85.00091750467743,76.0958469101116
2019-01-01,80.15015762347032,80.61965733949377
2019-01-02,72.41752300520155,79.18953271111643
2019-01-03,72.1950230145385,74.92090121440344
2019-01-04,74.41627750179337,73.00960784051114
2019-01-05,85.06100980490241,77.22410344041144
2019-01-06,84.36832914483212,81.2818721505093
2019-01-07,81.8151370083633,83.74815865269927
2019-01-08,71.63522335710151,79.2728965034323
2019-01-09,69.24510527645587,74.23182188064023
2019-01-10,26.24351412460416,55.70794758605385
2019-01-11,-0.9684675615992523,31.50671727982026
2019-01-12,-28.075691055414,-0.933548164136365
2019-01-13,-20.419644200494755,-16.48793427250267
2019-01-14,-24.32053865074684,-24.2719579688852
2019-01-15,-26.93766477938914,-23.892615876876913
2019-01-16,-21.2666239388531,-24.174942456329692
2019-01-17,-14.857266709720646,-21.02051847598763
2019-01-18,-12.089055137332616,-16.070981928635454
2019-01-19,-9.613667074547104,-12.186662973866788
2019-01-20,-12.32422692216567,-11.342316378015129
2019-01-21,-12.600094788358218,-11.512662928356997
2019-01-22,-15.30377663198852,-13.409366114170803
2019-01-23,-19.680742114311997,-15.861537844886245
2019-01-24,-21.982652703322586,-18.989057149874366
2019-01-25,-22.480763938720404,-21.38138625211833
2019-01-26,-17.346431542533676,-20.603282728192223
2019-01-27,-20.058914946157454,-19.962036809137178
2019-01-28,-46.080705218585784,-27.828683902425638
2019-01-29,-46.77104015253975,-37.63688677242766
2019-01-30,-42.40187744188584,-45.084540937670454
2019-01-31,-11.772991618718356,-33.64863640438131
2019-02-01,-9.761316522402476,-21.312061861002217
2019-02-02,-6.389082844200293,-9.307796995107035
2019-02-03,-6.890919750420001,-7.6804397056742495
2019-02-04,-3.10314933305234,-5.461050642557538
2019-02-05,-2.8443204155544506,-4.279463166342258
2019-02-06,-14.94375467218717,-6.963741473597981
2019-02-07,-19.933143640836366,-12.573739576192656
2019-02-08,-23.80898226011207,-19.5619601910452
2019-02-09,19.789956570616717,-7.984056443443902
2019-02-10,44.7038828314034,13.561619047302685
2019-02-11,74.75057927994204,46.414806227320724
2019-02-12,69.05931806141507,62.837926724253514
2019-02-13,77.07228703758831,73.62739479298182
2019-02-14,78.89143427973663,75.00767979291335
2019-02-15,82.04187463093085,79.33519864941861
2019-02-16,83.2559101393821,81.39640635001655
2019-02-17,76.71084488629896,80.66954321887066
2019-02-18,71.91459484761151,77.29378329109754
2019-02-19,75.5720321922325,74.73249064204767
2019-02-20,82.88504892587281,76.79055865523895
2019-02-21,88.19607609826504,82.21771907212347
2019-02-22,83.98262983120647,85.02125161844812
2019-02-23,78.56984661882233,83.5828508494313
2019-02-24,62.513828769923805,75.02210173998422
2019-02-25,45.53881000317276,62.20749513063965
2019-02-26,35.27970520622318,47.7774479931066
2019-02-27,31.129729592434803,37.31608160061027
2019-02-28,31.174480683941294,32.52797182753311
2019-03-01,30.746558639504894,31.016922971960344
2019-03-02,20.4391404975477,27.453393273664645
2019-03-03,2.4902518661837774,17.89198366774547
2019-03-04,-18.707695906208553,1.4072321525076557
2019-03-05,-23.600588191878515,-13.272677410634415
2019-03-06,-12.66451200587953,-18.32426536798885
2019-03-07,2.5152888433707887,-11.24993711812907
2019-03-08,11.239707201839787,0.3634946797770298
2019-03-09,16.023916928856906,9.926304324689175
2019-03-10,24.105873267862723,17.12316579951982
2019-03-11,25.101575772959194,21.743788656559627
2019-03-12,6.1299453027420485,18.44579811452134
2019-03-13,-7.8146068951503045,7.805638060183664
2019-03-14,-9.754704360403574,-3.8131219842705915
2019-03-15,4.672741592660945,-4.298856554297626
2019-03-16,22.591920069071673,5.836652433776366
2019-03-17,45.210423200692134,24.158361620808268
2019-03-18,58.70859857522657,42.17031394833015
2019-03-19,60.2393216700276,54.719447815315455
2019-03-20,53.32497175312489,57.42429733279304
2019-03-21,40.541454700051915,51.368582707734824
2019-03-22,28.064951309806176,40.64379258766102
2019-03-23,22.092924246061116,30.23311008530642
2019-03-24,24.05501022487006,24.737628593579135
2019-03-25,12.331806784138864,19.493247085023366
2019-03-26,-1.1732625843986764,11.7378514748701
2019-03-27,-7.716661998297675,1.147294067147522
2019-03-28,11.329614332119315,0.8132299164743385
2019-03-29,27.23090079263743,10.281284375486374
2019-03-30,52.878833945166896,30.4797830233079
2019-03-31,63.440960146773286,47.85023162819255
2019-04-01,76.19466625020493,64.17148678071506
2019-04-02,57.02717441043844,65.55426693580559
2019-04-03,57.7884526532715,63.67009777130499
2019-04-04,55.925502060928864,56.91370970821296
2019-04-05,73.08427677298342,62.266077162394616
2019-04-06,76.31451445740252,68.44143109710495
2019-04-07,78.32382656967378,75.90753926668658
2019-04-08,82.7379990926322,79.12544670656952
2019-04-09,82.88492954083327,81.3155850677131
2019-04-10,86.80435837345449,84.14242900230666
2019-04-11,75.6350936264023,81.77479384689669
2019-04-12,63.18639152628145,75.20861450871276
2019-04-13,52.35548287232741,63.72565600833705
2019-04-14,52.53683938857887,56.026237929062574
2019-04-15,24.35597269663278,43.08276498584635
2019-04-16,-2.66186579656898,24.743648762880895
2019-04-17,-19.22480808269529,0.8230996057895084
2019-04-18,-6.255881608316801,-9.380851829193686
2019-04-19,13.127368313076767,-4.117773792645104
2019-04-20,25.23619314530742,10.702559950022467
2019-04-21,27.02057696688783,21.79471280842401
2019-04-22,24.160354938469254,25.47237501688817
2019-04-23,24.987832147777766,25.389588017711617
2019-04-24,3.9183127034391227,17.688833263228712
2019-04-25,-57.07468843807928,-9.38951452895413
2019-04-26,-83.80681413960917,-45.65439662474978
2019-04-27,-70.8894313533458,-70.59031131034475
2019-04-28,-19.541602494533976,-58.07928266249632
2019-04-29,-17.21694052654185,-35.88265812480721
2019-04-30,-18.165333429965056,-18.307958817013628
2019-05-01,-12.812794206962979,-16.065022721156627
2019-05-02,1.7205767347334202,-9.752516967398204
2019-05-03,14.221952109892976,1.04324487922114
2019-05-04,19.835319935396,11.925949593340798
2019-05-05,19.552333181192633,17.8698684088272
2019-05-06,17.548099085856126,18.978584067481588
2019-05-07,35.08004845618976,24.060160241079505
2019-05-08,50.15685522868579,34.26166759024389
2019-05-09,66.70405216957523,50.64698528481693
2019-05-10,64.103179406807,60.321362268356005
2019-05-11,58.72186523278551,63.176365603055906
2019-05-12,61.172786928779225,61.33261052279057
2019-05-13,59.33906409693236,59.74457208616568
2019-05-14,65.98239927332536,62.16475009967896
2019-05-15,63.846784549524706,63.056082639927446
2019-05-16,68.86760232296311,66.23226204860437
2019-05-17,69.58648200718072,67.43362295988949
2019-05-18,71.14307704997411,69.8657204600393
2019-05-19,66.31888817487709,69.01614907734395
2019-05-20,70.50904876449995,69.32367132978369
2019-05-21,75.21723494766324,70.68172396234674
2019-05-22,78.4149681385002,74.71375061688778
2019-05-23,75.04635498637163,76.22618602417833
2019-05-24,69.64326712987416,74.36819675158198
2019-05-25,69.4213140368546,71.37031205103344
2019-05-26,70.18779344542664,69.75079153738511
2019-05-27,76.83461116718802,72.14790621648973
2019-05-28,78.11276692421562,75.04505717894341
2019-05-29,76.48496406860949,77.1441140533377
2019-05-30,48.888388593084706,67.82870652863659
2019-05-31,25.740449320810797,50.37126732750164
2019-06-01,25.7019721290618,33.44360334765241
2019-06-02,47.46916559675359,32.97052901554204
2019-06-03,48.82455579831358,40.66523117470964
2019-06-04,12.650664449761264,36.314795281609456
2019-06-05,-20.43498478161675,13.680078488819346
2019-06-06,-38.240901564373125,-15.341740632076224
2019-06-07,-25.14747575241114,-27.941120699467024
2019-06-08,-21.687378509517885,-28.35858527543407
2019-06-09,-29.415683530696935,-25.41684593087534
2019-06-10,-48.8297339961357,-33.31093201211686
2019-06-11,-50.660629246520635,-42.968682257784444
2019-06-12,-31.975989685905276,-43.82211764285389
2019-06-13,2.7412438172005884,-26.631791705075127
2019-06-14,22.425761980077937,-2.2696612962089353
2019-06-15,46.656599884139304,23.941201893805925
2019-06-16,61.476106436741645,43.51948943365295
2019-06-17,76.5296299442155,61.55411208836548
2019-06-18,74.5049034869286,70.83687995596192
2019-06-19,68.52018156655326,73.18490499923246
2019-06-20,65.16863724057144,69.3979074313511
2019-06-21,62.55194117734069,65.41358666148848
2019-06-22,66.12124392538612,64.61394078109943
2019-06-23,74.56446281708955,67.7458826399388
2019-06-24,84.4806130581798,75.05543993355184
2019-06-25,86.06438282290486,81.70315289939141
2019-06-26,78.72270205745777,83.08923264618083
2019-06-27,57.41824300159387,74.06844262731884
2019-06-28,41.54897062423299,59.229971894428225
2019-06-29,29.76575095503526,42.91098819362073
2019-06-30,33.819998454276174,35.04490667784816
2019-07-01,27.33749775418373,30.307749054498405
2019-07-02,16.22069473259478,25.792730313684913
2019-07-03,15.216725761386684,19.591639416055084
2019-07-04,0.27147599695800767,10.569632163646508
2019-07-05,-9.604134635575855,1.9613557075896306
2019-07-06,-24.46561613357996,-11.266091590732584
2019-07-07,-20.462623715726554,-18.177458161627438
2019-07-08,-4.270881605715483,-16.39970715167398
2019-07-09,10.219804114977979,-4.837900402154666
2019-07-10,5.6438011882290455,3.8642412324972
2019-07-11,-28.362532290677564,-4.166308995823493
2019-07-12,-45.9890244488982,-22.902585183782218
2019-07-13,-47.74658938592744,-40.69938204183438
2019-07-14,-53.58216243957842,-49.105925424801335
2019-07-15,-55.29718489899525,-52.20864557483369
2019-07-16,-58.60549239856516,-55.82827991237959
2019-07-17,-34.610037895615726,-49.504238397725366
2019-07-18,-27.589793501006227,-40.26844126506236
2019-07-19,-12.616184661650715,-24.938672019424207
2019-07-20,-3.100275762306744,-14.43541797498788
2019-07-21,0.7447104880626974,-4.9905833119649055
2019-07-22,-0.16755900606878882,-0.8410414267709303
2019-07-23,-5.150490081707101,-1.5244461999043828
2019-07-24,-13.259896219836397,-6.192648435870748
2019-07-25,-12.394441480001321,-10.268275927181591
2019-07-26,-10.724872884971845,-12.126403528269838
2019-07-27,-37.38147246571461,-20.166928943562574
2019-07-28,-54.98627332524339,-34.364206225309935
2019-07-29,-59.19471939919083,-50.52082173004959
2019-07-30,-34.89638158972509,-49.69245810471975
2019-07-31,-19.62768247918463,-37.906261156033494
2019-08-01,-11.526922430768918,-22.016995499892857
2019-08-02,6.251403050167969,-8.301067286595172
2019-08-03,22.35811784722341,5.694199488874176
2019-08-04,40.8856072951832,23.165042730858215
2019-08-05,49.08495132125369,37.442892154553455
2019-08-06,53.411129440536264,47.79389601899107
2019-08-07,49.31630862687147,50.60412979622049
2019-08-08,40.16466825450042,47.63070210730273
2019-08-09,17.156088868355663,35.54568858324253
2019-08-10,-11.380398316218503,15.313452935545875
2019-08-11,-29.600293804312248,-7.94153441739168
2019-08-12,-28.21018612751,-23.063626082680234
2019-08-13,-24.514283969202584,-27.44158796700826
2019-08-14,-43.15442952642571,-31.959633207712745
2019-08-15,-47.26933114175542,-38.312681545794554
2019-08-16,-44.83333331619465,-45.08569799479191
2019-08-17,-17.582716120668028,-36.56179352620602
2019-08-18,-11.263908682764784,-24.559986039875806
2019-08-19,0.38422198781572564,-9.487467605205682
2019-08-20,10.755955147618563,-0.041243849110150776
2019-08-21,8.96051637408672,6.70023116984035
2019-08-22,-0.18297263152421017,6.511166296727038
2019-08-23,-4.4289103299556905,1.4495444708689538
2019-08-24,0.5270277282282123,-1.3616184110838825
2019-08-25,1.9339666652786291,-0.6559719788162693
2019-08-26,-1.259771066213006,0.40040777576462555
2019-08-27,-4.810024694559513,-1.3786096984979495
2019-08-28,-31.980396290497207,-12.683397350423228
2019-08-29,-39.84913229118946,-25.546517758748717
2019-08-30,-41.165360005542375,-37.66496286240967
2019-08-31,-14.702235149717424,-31.905575815483076
2019-09-01,-8.163835567043884,-21.343810240767883
2019-09-02,-4.761395935762265,-9.209155550841182
2019-09-03,5.540708602531661,-2.46150763342482
2019-09-04,13.161744319939851,4.647018995569759
2019-09-05,14.933290903228842,11.211914608566795
2019-09-06,3.7437543463520004,10.61292985650691
2019-09-07,-5.036740019931988,4.546768409882964
2019-09-08,7.136756873223135,1.9479237332143946
2019-09-09,24.31938859628416,8.80646848319178
2019-09-10,49.90913597723773,27.12176048224835
2019-09-11,54.42132213365019,42.88328223572404
2019-09-12,63.47283290190952,55.93443033759916
2019-09-13,61.585917955802785,59.82669099712084
2019-09-14,58.98753095332406,61.348760603678805
2019-09-15,61.86286190057708,60.812103603234654
2019-09-16,62.12164840610237,60.99068042000118
2019-09-17,67.7931034239978,63.925871243559094
2019-09-18,72.80605451623165,67.57360211544395
2019-09-19,71.92007934568373,70.83974576197107
2019-09-20,79.09218269823207,74.60610552004916
2019-09-21,76.99224243784525,76.00150149392036
2019-09-22,78.26525556437505,78.11656023348414
2019-09-23,67.06243219495694,74.10664339905911
2019-09-24,23.26402541227324,56.19723772386843
2019-09-25,-5.664305395606459,28.2207174038746
2019-09-26,-32.536790440539285,-4.979023474624145
2019-09-27,-22.511595704763142,-20.237563846969607
2019-09-28,-16.10876289393325,-23.7190496797452
2019-09-29,-9.47588866770503,-16.032082422133783
2019-09-30,-6.903299388370073,-10.829316983336094
2019-10-01,-3.5162732529310023,-6.631820436335346
2019-10-02,2.087597661737276,-2.7773249931879107
2019-10-03,5.8697403626734745,1.480354923826605
2019-10-04,4.523726889985499,4.160354971465439
2019-10-05,3.2274875179449083,4.540318256867983
2019-10-06,2.1419272664520803,3.2977138914608517
2019-10-07,0.13974065158901086,1.8363851453286888
2019-10-08,23.000742281978358,8.427470066673171
2019-10-09,37.28510773404931,20.14186355587225
2019-10-10,62.004776425608185,40.76354214721197
2019-10-11,49.8846704594942,49.72485153971726
2019-10-12,44.834796112902694,52.24141433266838
2019-10-13,26.87263715355746,40.53070124198481
2019-10-14,23.973739663727017,31.89372431006241
2019-10-15,19.563355335741537,23.469910717675358
2019-10-16,6.4779880807681565,16.67169436007892
2019-10-17,-8.372451899382554,5.889630505709064
2019-10-18,-26.07158859244784,-9.32201747035406
2019-10-19,-25.55983360244308,-20.001291364757805
2019-10-20,-27.991636119618047,-26.541019438169638
2019-10-21,-19.05710864579927,-24.202859455953448
2019-10-22,-18.96139491551844,-22.003379893645235
2019-10-23,-36.5873455504696,-24.86861637059575
2019-10-24,-36.97635488717693,-30.84169845105497
2019-10-25,-33.86478312408205,-35.80949452057617
2019-10-26,9.563226730349848,-20.42597042696969
2019-10-27,34.10209117861552,3.2668449282944585
2019-10-28,63.999867566603086,35.88839515852283
2019-10-29,69.667381061038,55.92311326875222
2019-10-30,72.03134726309622,68.56619863024578
2019-10-31,65.58042530776953,69.0930512106346
2019-11-01,63.964510488582796,67.19209435314953
2019-11-02,65.55679485025523,65.03391021553587
2019-11-03,65.23839702225182,64.91990078702997
2019-11-04,66.16365095836773,65.65294761029162
2019-11-05,68.11608028965215,66.50604275675725
2019-11-06,77.95468407511446,70.74480510771146
2019-11-07,69.29955610961161,71.79010682479276
2019-11-08,31.01712426708362,59.42378815060326
2019-11-09,-4.455161222318858,31.953839718125483
2019-11-10,-20.002462849483187,2.1865000650938833
2019-11-11,-7.089744022972499,-10.515789364924823
2019-11-12,-5.624323211092736,-10.90551002784945
2019-11-13,0.7238818972851764,-3.9967284455933285
2019-11-14,0.24681262931357373,-1.5512095614979708
2019-11-15,-24.166007826523565,-7.731771099974914
2019-11-16,-47.48672847224339,-23.801974556484435
2019-11-17,-55.473577292197554,-42.37543786365481
2019-11-18,-49.148489895480225,-50.702931886640364
2019-11-19,-57.418130146804685,-54.01339911149413
2019-11-20,-61.04175023019505,-55.8694567574933
2019-11-21,-81.04403350249396,-66.50130462649788
2019-11-22,-80.15737077702356,-74.0810515032375
2019-11-23,-74.50996535280565,-78.5704565441077
2019-11-24,-43.01237431335463,-65.8932368143946
2019-11-25,-31.31648769824805,-49.612942454802756
2019-11-26,-29.363473692349373,-34.56411190131733
2019-11-27,-24.543783792503802,-28.407915061033723
2019-11-28,-9.140831501542648,-21.016029662131924
2019-11-29,-3.5869786055789157,-12.423864633208437
2019-11-30,3.5717639032637387,-3.0520154012859226
2019-12-01,-0.6633841240141874,-0.22619960877643586
2019-12-02,-4.957054768434266,-0.6828916630615526
2019-12-03,-11.309085183632947,-5.643174692027114
2019-12-04,-22.662398640876063,-12.976179530981073
2019-12-05,-48.34305768342338,-27.438180502644112
2019-12-06,-55.36202784590838,-42.12249472340259
2019-12-07,-48.47155008324622,-50.72554520419265
2019-12-08,-27.909263809967864,-43.91428057970747
2019-12-09,-27.82142237564963,-34.734078756287886
2019-12-10,-38.239168515007684,-31.323284900208375
2019-12-11,-46.92203938771209,-37.66087675945645
2019-12-12,-49.85351928274321,-45.00490906182097
2019-12-13,-41.61542091725323,-46.13032652923615
2019-12-14,-42.88654251992082,-44.78516090663906
2019-12-15,-48.26101491666686,-44.25432611794694
2019-12-16,-83.05959228430443,-58.069049906964004
2019-12-17,-89.45050917228106,-73.59037212441741
2019-12-18,-94.41398231825798,-88.97469459161447
2019-12-19,-63.61396566977092,-82.49281905343663
2019-12-20,-43.53321281822405,-67.18705360208429
2019-12-21,-20.45360014386536,-42.53359287728675
2019-12-22,-8.738869790057331,-24.241894250715557
2019-12-23,-7.814838970025967,-12.335769634649528
2019-12-24,-9.225319785993085,-8.593009515358771
2019-12-25,-15.527490704181877,-10.855883153400287
2019-12-26,-19.845907937318607,-14.866239475831167
2019-12-27,-23.394356918169763,-19.58925185322339
2019-12-28,-17.62082610489799,-20.287030320128764
2019-12-29,-10.432079450847464,-17.14908749130505
2019-12-30,14.097325674135556,-4.651859960536609
2019-12-31,20.262416080679603,7.975887434655921
2020-01-01,26.271200818567507,20.21031419112758
2020-01-02,3.296391190839234,16.610002696695474
2020-01-03,-8.255121239942754,7.1041569231546875
2020-01-04,9.869364732911102,1.6368782279358858
2020-01-05,43.90392206501938,15.1727218526626
2020-01-06,68.36652453091874,40.713270442949764
2020-01-07,70.21941801830893,60.8299548714157
2020-01-08,62.82223212765905,67.13605822562893
2020-01-09,63.14466890460426,65.3954396835241
2020-01-10,50.14662322375961,58.704508085341
2020-01-11,57.37934517854915,56.8902124356377
2020-01-12,66.9618938069745,58.16262073642778
2020-01-13,81.23783326179243,68.52635741577205
2020-01-14,65.65197616616281,71.28390107830994
2020-01-15,67.84234231598292,71.57738391464608
2020-01-16,67.54953470196865,67.01461772803815
2020-01-17,80.63420331475267,72.00869344423477
2020-01-18,77.50366115095653,75.22913305589263
2020-01-19,72.89658031489107,77.01148159353345
2020-01-20,67.79049647880534,72.730245981551
2020-01-21,66.37510040834488,69.02072573401378
2020-01-22,69.41426384523946,67.85995357746326
2020-01-23,66.10175187838068,67.29703871065504
2020-01-24,54.23167866726073,63.24923146362699
2020-01-25,43.572812026819186,54.635414190820235
2020-01-26,42.0776930299558,46.62739457467861
2020-01-27,40.069785484376354,41.90676351371715
2020-01-28,44.874213809527056,42.34056410795311
2020-01-29,59.12328420306096,48.02242783232149
2020-01-30,63.24081793937453,55.74610531732088
2020-01-31,64.48954516537772,62.284549102604444
2020-02-01,60.15699741401286,62.629120172921745
2020-02-02,68.19897075703842,64.2818377788097
2020-02-03,78.91671476389544,69.09089431164895
2020-02-04,81.01413397945397,76.04327316679598
2020-02-05,79.51673492303063,79.81586122212673
2020-02-06,74.75222437452422,78.42769775900298
2020-02-07,74.49637105627436,76.25511011794312
2020-02-08,82.36934045631956,77.20597862903942
2020-02-09,86.10006410477827,80.98859187245745
2020-02-10,85.23578031282968,84.56839495797588
2020-02-11,79.86860196404974,83.73481546055261
2020-02-12,71.15985332013359,78.75474519900439
2020-02-13,74.23223602226086,75.08689710214811
2020-02-14,77.18373925643992,74.19194286627818
2020-02-15,82.10620442085887,77.84072656651995
2020-02-16,70.79573008002488,76.69522458577462
2020-02-17,63.64247999490789,72.18147149859728
2020-02-18,60.98309120670732,65.14043376054676
2020-02-19,64.21602980644896,62.947200336021446
2020-02-20,60.33895859130657,61.846026534821014
2020-02-21,53.63531669648728,59.396768364747665
2020-02-22,50.01663843118771,54.663637906327246
2020-02-23,54.691095867365,52.78101699834672
2020-02-24,53.99605771189048,52.90126400348112
2020-02-25,8.642729901219559,39.1099611601584
2020-02-26,-38.57912738180139,8.019886743769598
2020-02-27,-72.14215355537999,-34.026183678653894
2020-02-28,-57.26872348463167,-55.9966681406043
2020-02-29,-38.2231981243322,-55.87802505478123
2020-03-01,-28.36521681827499,-41.28571280907956
2020-03-02,-21.557464116746047,-29.381959686451022
2020-03-03,-16.735008455277548,-22.21922979676614
2020-03-04,-12.416527406668463,-16.902999992897296
2020-03-05,-8.192537854303856,-12.448024572083234
2020-03-06,-3.228316288968499,-7.945793849980219
2020-03-07,7.720161786560442,-1.233564118903917
2020-03-08,-13.391305085065547,-2.9664865291578137
2020-03-09,-27.390442811738392,-11.020528703414444
2020-03-10,-41.8334197221378,-27.538389206313855
2020-03-11,-34.555723972392165,-34.5931955020894
2020-03-12,-79.8542942229182,-52.081145972482666
2020-03-13,-86.38312751618248,-66.93104857049757
2020-03-14,-74.79744273376497,-80.3449548242885
2020-03-15,-20.0741175475269,-60.41822926582472
2020-03-16,-12.376633169384993,-35.74939781689222
2020-03-17,-10.983823859627273,-14.47819152551299
2020-03-18,-8.990628110140163,-10.783695046384077
2020-03-19,-3.752359800604033,-7.9089372567904235
2020-03-20,0.3459525329592257,-4.132345125928257
2020-03-21,5.784915303819673,0.792836012058355
2020-03-22,8.792586885965825,4.974484907581641
2020-03-23,9.29071396948298,7.956072053089559
2020-03-24,12.219418311087601,10.100906388845535
2020-03-25,36.34836100850472,19.286164429691834
2020-03-26,61.70136069253167,36.7563800040414
2020-03-27,80.71499562896032,59.58823910999897
2020-03-28,69.95261147309485,70.78965593152901
2020-03-29,56.1208086853099,68.92947192912176
2020-03-30,43.44368951817953,56.50570322552816
2020-03-31,50.31959206482219,49.9613634227706
2020-04-01,30.158726659873807,41.30733608095857
2020-04-02,30.569902790087284,37.01607383826116
2020-04-03,33.44254764112708,31.39039236369612
2020-04-04,61.01810513123758,41.676851854150705
2020-04-05,72.95638562826105,55.80567946687529
2020-04-06,58.03277748483799,64.00242274811227
2020-04-07,65.79952977840505,65.59623096383474
2020-04-08,66.64763527151526,63.49331417825281
2020-04-09,85.37715498651671,72.60810667881238
2020-04-10,75.45843947932654,75.82774324578622
2020-04-11,68.06725239070494,76.3009489521828
2020-04-12,57.76189894215057,67.09586360406074
2020-04-13,53.743536960539096,59.85756276446492
2020-04-14,52.57444414734751,54.69329335001245
2020-04-15,42.366445608407695,49.56147557209817
2020-04-16,33.392455128415996,42.777781628057134
2020-04-17,44.969355376946815,40.242752037923566
2020-04-18,56.723148726962165,45.02831974410839
2020-04-19,75.32360069313192,59.00536826568035
2020-04-20,57.749081963532234,63.26527712787549
2020-04-21,49.43676801939325,60.83648355868585
2020-04-22,38.88548510698058,48.690445029968735
2020-04-23,51.63138428549329,46.65121247062242
2020-04-24,67.75336261848715,52.756744003653715
2020-04-25,80.18883190927674,66.52452627108578
2020-04-26,86.22943822535747,78.05721091770717
2020-04-27,87.40295996393199,84.60707669952212
2020-04-28,91.00797567549382,88.21345795492782
2020-04-29,78.99234700378561,85.80109421440386
2020-04-30,74.28764176423694,81.42932148117217
2020-05-01,70.1119873760149,74.46399204801253
2020-05-02,81.18712383911398,75.19558432645532
2020-05-03,82.8085780367971,78.0358964173087
2020-05-04,75.8426337766987,79.9461118842033
2020-05-05,66.12231584474766,74.92450921941453
2020-05-06,57.26720580696669,66.41071847613775
2020-05-07,53.00807968348048,58.799200445065
2020-05-08,52.54612230341266,54.27380259795333
2020-05-09,53.525008195584405,53.026403394159225
2020-05-10,9.273230373124017,38.448120290707074
2020-05-11,-24.47200135268575,12.775412405340939
2020-05-12,-50.696717330451456,-21.965162770004344
2020-05-13,-24.33341985421809,-33.16737951245172
2020-05-14,-2.8175492121844763,-25.949228798951292
2020-05-15,7.880457141162488,-6.423503975079977
2020-05-16,15.826877149805265,6.963261692927809
2020-05-17,21.63731936108135,15.114884550683085
2020-05-18,40.96914125858513,26.144445923157303
2020-05-19,63.15838349854474,41.921614706070464
2020-05-20,73.59661127881358,59.24137867864787
2020-05-21,53.79088610203525,63.515293626464576
2020-05-22,36.37469894151756,54.587398774122185
2020-05-23,32.515631439946084,40.89373882783301
2020-05-24,45.50188694016365,38.130739107209145
2020-05-25,49.07401895454029,42.36384577821673
2020-05-26,29.18049588421236,41.25213392630549
2020-05-27,10.542322247981694,29.59894569557817
2020-05-28,4.13835087721811,14.62038966980411
2020-05-29,32.778599439070426,15.819757521423464
2020-05-30,47.40980084009038,28.10891705212636
2020-05-31,62.76621534239882,47.65153854051993
2020-06-01,53.96371147123018,54.71324255123984
2020-06-02,64.3351280747578,60.35501829612898
2020-06-03,66.21541895611392,61.504752834034015
2020-06-04,71.28927358424468,67.27994020503886
2020-06-05,77.31651209371634,71.60706821135837
2020-06-06,80.75990637260476,76.45523068352198
2020-06-07,80.40421819893162,79.49354555508428
2020-06-08,81.0994610339952,80.75452853517724
2020-06-09,82.90547586435916,81.46971836576205
2020-06-10,85.85240889490656,83.28578193108702
2020-06-11,65.14113883659107,77.96634119861898
2020-06-12,-4.129605079944706,48.954647550517684
2020-06-13,-45.13238917147618,5.293048195056774
2020-06-14,-77.89275515108027,-42.38491646750034
2020-06-15,-70.68803761585762,-64.57106064613798
2020-06-16,-72.01196038402453,-73.53091771698742
2020-06-17,-59.82628898213677,-67.50876232733958
2020-06-18,-40.36789939436904,-57.40204958684338
2020-06-19,-37.38204240257219,-45.858743593025935
2020-06-20,-35.044607928051995,-37.598183241664344
2020-06-21,-27.86222822018382,-33.42962618360261
2020-06-22,-21.419414335041896,-28.108750161092512
2020-06-23,5.919025881965091,-14.454205557753482
2020-06-24,15.647099170174831,0.04890357236606787
2020-06-25,17.860159492106533,13.14209484808221
2020-06-26,-5.208226402138286,9.433010753381085
2020-06-27,-37.359904870332535,-8.235990593454703
2020-06-28,-53.903124382661325,-32.157085218377325
2020-06-29,-61.75612597414105,-51.006385075711584
2020-06-30,-41.28529818841532,-52.3148495150725
2020-07-01,-29.784371359966105,-44.2752651741741
2020-07-02,-22.907126061514322,-31.32559853663186
2020-07-03,-22.6952847668319,-25.12892739610405
2020-07-04,-22.05714034260052,-22.553183723648857
2020-07-05,-24.02461489264121,-22.925680000691155
2020-07-06,-19.487874393863265,-21.85654320970161
2020-07-07,2.4521396798585045,-13.686783202215267
2020-07-08,29.221644349860252,4.061969878618554
2020-07-09,53.429338329932044,28.36770745321699
2020-07-10,53.91977669432995,45.5235864580408
2020-07-11,53.795940558581066,53.715018527614404
2020-07-12,49.031247075324096,52.248988109411755
2020-07-13,51.00616620989563,51.277784614600314
2020-07-14,49.02894384206792,49.68878570909593
2020-07-15,47.55602476782656,49.19704493993009
2020-07-16,34.47742790615835,43.687465505350985
2020-07-17,22.96939865171151,35.00095044189885
2020-07-18,13.25675552300197,23.567860693623988
2020-07-19,6.272400358813002,14.166184844508875
2020-07-20,2.9954036376469726,7.508186506487362
2020-07-21,1.5453465049435327,3.604383500467882
2020-07-22,14.317333913854652,6.286028018815099
2020-07-23,35.16949784941247,17.0107260894036
2020-07-24,57.637299684043775,35.708043815770345
2020-07-25,69.30617484261319,54.037657458689864
2020-07-26,76.44278144889937,67.79541865851883
2020-07-27,79.3276497397032,75.02553534373864
2020-07-28,86.02963843486684,80.6000232078232
2020-07-29,86.96754089723163,84.10827635726729
2020-07-30,85.23721055530984,86.0781299624695
2020-07-31,85.55794579715628,85.92089908323264
2020-08-01,79.27642245177391,83.35719293474672
2020-08-02,79.12212608253104,81.31883144382046
2020-08-03,80.0452842083908,79.48127758089863
2020-08-04,87.7332047292306,82.30020500671753
2020-08-05,90.0232126102581,85.93390051595988
2020-08-06,91.46096366006242,89.73912699985043
2020-08-07,81.44350365017705,87.64255997349925
2020-08-08,76.09212677252852,82.99886469425604
2020-08-09,71.88514199484091,76.47359080584887
2020-08-10,79.1583722494811,75.71188033895022
2020-08-11,75.37493286580016,75.47281570337411
2020-08-12,64.35414599283442,72.96248370270528
2020-08-13,48.512142368241314,62.747073742292024
2020-08-14,52.13121441289994,54.99916759132528
2020-08-15,64.5144173696293,55.05259138359023
2020-08-16,68.77289547222385,61.80617575158442
2020-08-17,67.75171704367251,67.01300996184195
2020-08-18,60.3737653476477,65.63279262118141
2020-08-19,47.05945896371053,58.394980451676965
2020-08-20,33.590883555373544,47.008035955577306
2020-08-21,10.276996681458762,30.30911306684767
2020-08-22,0.24947103764284506,14.705783758158438
2020-08-23,-13.48318809968687,-0.9855734601950346
2020-08-24,-12.128117203577988,-8.453944755207283
2020-08-25,-18.24664122555369,-14.61931550960613
2020-08-26,-23.351024243021126,-17.908594224050884
2020-08-27,-34.35854516557475,-25.318736878049805
2020-08-28,-30.5233385350892,-29.41096931456164
2020-08-29,-19.95624097308662,-28.27937489125014
2020-08-30,-0.6569838768298789,-17.045521128335178
2020-08-31,29.2948136462126,2.8938629320987537
2020-09-01,44.10293470790541,24.246921492429433
2020-09-02,50.00844917730223,41.13539917714014
2020-09-03,24.28195915290978,39.46444767937253
2020-09-04,0.6287295388378619,24.973045956350017
2020-09-05,-41.51237389494516,-5.533895067732449
2020-09-06,-48.881322648722254,-29.921655668276458
2020-09-07,-49.925792893185324,-46.773163145617524
2020-09-08,-27.87541985844814,-42.22751180011851
2020-09-09,-22.721890865049094,-33.507701205560785
2020-09-10,-14.979419872626593,-21.85891019870788
2020-09-11,-7.6356001835578935,-15.11230364041113
2020-09-12,2.1532619298027247,-6.82058604212719
2020-09-13,3.039054835814348,-0.81442780598021
2020-09-14,3.584284247612162,2.9255336710764754
2020-09-15,3.389160645007518,3.337499909478073
2020-09-16,4.866954449436826,3.9467997806855664
2020-09-17,13.514635611850885,7.2569169020984745
2020-09-18,31.66407063184602,16.68188689771131
2020-09-19,53.597774334486225,32.92549352606111
2020-09-20,55.88854455973885,47.05012984202376
2020-09-21,15.142902575175475,41.543073823133575
2020-09-22,-15.591582690339473,18.47995481485835
2020-09-23,-46.39929840610307,-15.615992840422292
2020-09-24,-46.61448169331151,-36.201787596584616
2020-09-25,-43.2068538897692,-45.40687799639452
2020-09-26,-21.305817554417313,-37.04238437916594
2020-09-27,2.212029617346817,-20.766880608946497
2020-09-28,13.88618582595039,-1.7358673703733019
2020-09-29,16.922586314371,11.006933919222803
2020-09-30,19.54869398108281,16.785822040468133
2020-10-01,13.59795165333302,16.68974398292901
2020-10-02,1.2883121324793692,11.478319255631801
2020-10-03,-5.224339588075163,3.220641399245809
2020-10-04,-5.693360642583862,-3.209796032726485
2020-10-05,11.933222219812114,0.3385073297177635
2020-10-06,-2.620014739482864,1.2066156125818632
2020-10-07,-18.6924061243738,-3.126399548014783
2020-10-08,-42.59652443145293,-21.30298176510313
2020-10-09,-19.74694372964532,-27.011958095157283
2020-10-10,22.093515405925825,-13.416650918390738
2020-10-11,62.976810165952976,21.774460614077896
2020-10-12,72.49520927153043,52.521844947803146
2020-10-13,70.11353278121209,68.5285174062319
2020-10-14,65.55246189600784,69.38706798291686
2020-10-15,69.02106294965806,68.22901920895941
2020-10-16,59.46207897131239,64.67853460565952
2020-10-17,52.33169552483154,60.27161248193408
2020-10-18,49.95761892051693,53.91713113888704
2020-10-19,58.132497104451545,53.47393718326675
2020-10-20,60.42345022696268,56.1711887506438
2020-10-21,55.29141524867621,57.94912086003023
2020-10-22,49.12428171373333,54.94638239645749
2020-10-23,55.844874706326245,53.42019055624534
2020-10-24,70.92175627927541,58.63030423311174
2020-10-25,81.03652567592955,69.26771888717714
2020-10-26,66.41758277585134,72.79195491035217
2020-10-27,53.3559506872269,66.93668637966934
2020-10-28,35.02137063534029,51.59830136613959
2020-10-29,33.132078258126036,40.50313319356448
2020-10-30,21.37878974394025,29.84407954580226
2020-10-31,15.31622749739102,23.27569849981917
2020-11-01,11.036827776936635,15.91061500608937
2020-11-02,7.262847361470809,11.205300878599557
2020-11-03,-20.30646082735586,-0.6689285629827365
2020-11-04,-40.814485910443814,-17.952699792109552
2020-11-05,-30.578266794948263,-30.566404510915913
2020-11-06,6.431383440237553,-21.653789755051438
2020-11-07,42.399300471400885,6.084139038896794
2020-11-08,54.21263949200105,34.3477744678799
2020-11-09,65.5522336352037,54.05472453286862
2020-11-10,71.24911420200242,63.6713291097358
2020-11-11,76.17597323186756,70.99244035635797
2020-11-12,81.23141966496466,76.21883569961163
2020-11-13,82.17409227281253,79.86049505654832
2020-11-14,79.79654954891254,81.06735382889666
2020-11-15,71.27649331280163,77.7490450448423
2020-11-16,66.65639968837739,72.57648085003059
2020-11-17,66.15192770604214,68.0282735690738
2020-11-18,71.90594105155122,68.23808948199034
2020-11-19,64.94802617712746,67.66863164490702
2020-11-20,51.23587947182196,62.69661556683363
2020-11-21,43.18752257739826,53.12380940878264
2020-11-22,47.634859600483445,47.352753883234634
2020-11-23,58.00395995683275,49.60878071157156
2020-11-24,70.45536847813713,58.69806267848452
2020-11-25,73.34521844649426,67.26818229382145
2020-11-26,57.87369969533629,67.22476220665597
2020-11-27,36.03895252171765,55.75262355451614
2020-11-28,24.386971276449326,39.433207831167834
2020-11-29,34.557021956785995,31.660981918317734
2020-11-30,48.98168129058106,35.9752248412722
2020-12-01,60.999783972242824,48.17949573987003
2020-12-02,69.69168422013114,59.89104982765175
2020-12-03,71.23637513136534,67.30928110791318
2020-12-04,63.50106665600302,68.14304200249991
2020-12-05,51.640936680439644,62.12612615593608
2020-12-06,48.28275295627932,54.47491876424073
2020-12-07,54.545542564742085,51.48974406715376
2020-12-08,50.41924032762544,51.08251194954902
2020-12-09,30.475726120041,45.14683633746958
2020-12-10,16.64899233377291,32.51465292714652
2020-12-11,3.266734277644991,16.797150910486376
2020-12-12,-6.548424588409985,4.455767341002713
2020-12-13,-11.442389444926112,-4.908026585230294
2020-12-14,3.4319521221120475,-4.852953970407942
2020-12-15,24.369228464944438,5.4529303807102
2020-12-16,31.41579835495089,19.7389929806692
2020-12-17,49.13715990410714,34.97406224133423
2020-12-18,62.5603656519506,47.70444130366962
2020-12-19,82.09487923637226,64.5974682641434
2020-12-20,76.24784793188795,73.63436427340368
2020-12-21,64.47441709935788,74.27238142253942
2020-12-22,45.2455741103461,61.98927971386404
2020-12-23,23.46048847794719,44.39349322921712
2020-12-24,12.596729008676405,27.1009305323233
2020-12-25,15.207632473505173,17.08828332004299
2020-12-26,28.248257395262304,18.68420629248136
2020-12-27,39.16712872399754,27.541006197588406
2020-12-28,48.33230770092922,38.582564606729754
2020-12-29,57.47965909248277,48.32636517246991
2020-12-30,69.71525029498468,58.50907236279897
2020-12-31,75.36820346860101,67.52103761868956
2021-01-01,78.81919516687826,74.63421631015473
2021-01-02,74.52563604284886,76.23767822610945
2021-01-03,61.80325030962975,71.71602717311904
2021-01-04,59.50162993339677,65.27683876195856
2021-01-05,63.44363427984558,61.58283817429079
2021-01-06,74.21177230985772,65.71901217436677
2021-01-07,80.93636889546352,72.86392516172235
2021-01-08,80.02410778498881,78.39074966343676
2021-01-09,82.27010901365513,81.07686189803592
2021-01-10,80.24539194939764,80.8465362493473
2021-01-11,67.05992460805113,76.52514185703473
2021-01-12,56.02577709447696,67.77703121730866
2021-01-13,43.36897939556093,55.48489369936309
2021-01-14,53.44412426337292,50.94629358447036
2021-01-15,57.42235739841934,51.41182035245115
2021-01-16,60.38881031271921,57.08509732483725
2021-01-17,48.730030361663005,55.51373269093395
2021-01-18,40.964686624514464,50.027842432965656
2021-01-19,39.11109759128688,42.93527152582154
2021-01-20,43.86894469452725,41.314909636776285
2021-01-21,26.31680254895316,36.43228161158918
2021-01-22,-1.9686328667775328,22.739038125567713
2021-01-23,-7.669928561447186,5.559413706909567
2021-01-24,8.933602426933133,-0.23498633376377556
2021-01-25,42.838349981987925,14.70067461582471
2021-01-26,49.30897281957121,33.69364174283084
2021-01-27,31.00433965715739,41.0505541529056
2021-01-28,3.1479253564334706,27.820412611054113
2021-01-29,-4.0002299637455785,10.050678349948518
2021-01-30,19.945487567110273,6.364394319932813
2021-01-31,33.020889945882594,16.32204918308252
2021-02-01,25.49275471273231,26.153044075241812
2021-02-02,20.537949902376152,26.35053152033044
2021-02-03,33.62072732846243,26.550477314523718
2021-02-04,57.72861192472815,37.295763051855666
2021-02-05,69.3470344931047,53.56545791543184
2021-02-06,75.86940005866738,67.64834882550015
2021-02-07,64.40018045840411,69.87220500339214
2021-02-08,58.69889651062217,66.32282567589796
2021-02-09,60.53260281643177,61.2105599284861
2021-02-10,73.88775397665358,64.37308443456925
2021-02-11,82.7276631466094,72.38267331323165
2021-02-12,80.24298232990985,78.95279981772434
2021-02-13,81.66518487467677,81.54527678373206
2021-02-14,83.96785521821072,81.9586741409325
2021-02-15,73.31536606108885,79.64946871799218
2021-02-16,57.7025591662003,71.6619268151667
2021-02-17,38.11958656391098,56.37917059706678
2021-02-18,43.800348158229006,46.5408312961135
2021-02-19,56.754911717214235,46.22494881311815
2021-02-20,64.1466269191737,54.90062893153905
2021-02-21,63.89758044770053,61.5997063613629
2021-02-22,-10.620324835690672,39.14129417706126
2021-02-23,-103.02570878658629,-16.58281772485874
2021-02-24,-150.83610889894155,-88.16071417373944
2021-02-25,-125.40520338295852,-126.42234035616205
2021-02-26,-62.888466025770235,-113.04325943589004
2021-02-27,-43.119449333316545,-77.13770624734836
2021-02-28,-30.914312841750185,-45.64074273361226
2021-03-01,-21.885469937043286,-31.97307737070327
2021-03-02,-15.38382859309104,-22.72787045729477
2021-03-03,-3.085913537718941,-13.45173735595102
2021-03-04,3.332169273969573,-5.045857618946734
2021-03-05,2.5625628206539566,0.9362728523015987
2021-03-06,5.267300341368283,3.720677478664007
2021-03-07,20.24765183772387,9.359171666582105
2021-03-08,39.92649258538103,21.81381492149113
2021-03-09,64.31930154811725,41.49781532374079
2021-03-10,71.30673654867866,58.517510227392386
2021-03-11,75.08093839655622,70.23565883111745
2021-03-12,68.80177616017424,71.72981703513643
2021-03-13,63.31590776650171,69.06620744107745
2021-03-14,67.40619315213132,66.50795902626915
2021-03-15,63.51717312801541,64.7464246822162
2021-03-16,59.371205235467556,63.43152383853815
2021-03-17,50.88410183840474,57.92416006729596
2021-03-18,47.00145725168118,52.41892144185122
2021-03-19,41.86081650700701,46.58212519903103
2021-03-20,37.95418207904367,42.27215194591068
2021-03-21,7.600953385868588,29.13865065730648
2021-03-22,-43.2015170317776,0.7845394777116113
2021-03-23,-67.55281246776,-34.38445870455628
2021-03-24,-76.9370180767658,-62.56378252543441
2021-03-25,-43.537171708190904,-62.67566741757218
2021-03-26,-36.564992147822494,-52.346393977593
2021-03-27,-3.7333383974543253,-27.945167417822507
2021-03-28,11.467479499129672,-9.610283682048982
2021-03-29,24.699819632510014,10.81132024472852
2021-03-30,43.08491720228178,26.417405444640554
2021-03-31,54.24121275519397,40.67531652999532
2021-04-01,71.64453304538414,56.32355433428669
2021-04-02,67.77332733255626,64.55302437771151
2021-04-03,74.66438450721121,71.3607482950506
2021-04-04,72.06959582886181,71.50243588954315
2021-04-05,76.6901919555369,74.47472409720335
2021-04-06,78.57084478222087,75.77687752220658
2021-04-07,74.59713528607872,76.61939067461222
2021-04-08,67.79814595188493,73.65537534006155
2021-04-09,66.23548586847996,69.54358903548125
2021-04-10,72.51326981780564,68.84896721272355
2021-04-11,82.52331310688812,73.75735626439128
2021-04-12,84.2897136005337,79.77543217507586
2021-04-13,75.51703970596556,80.7766888044625
2021-04-14,68.19791230574184,76.00155520408042
2021-04-15,64.99888256545012,69.57127819238589
2021-04-16,64.61273463182613,65.9365098343394
2021-04-17,61.40732615872215,63.67298111866617
2021-04-18,30.369178205254126,52.12974633193417
2021-04-19,12.284799719942486,34.68710136130629
2021-04-20,-9.03880141798804,11.205058835736226
2021-04-21,8.625696116350841,3.957231472768465
2021-04-22,26.066320383115553,8.551071693826154
2021-04-23,23.976916207085242,19.556310902183913
2021-04-24,12.388140034583174,20.810458874928027
2021-04-25,-7.515203718393987,9.61661750775818
2021-04-26,1.099219375321083,1.9907185638367932
2021-04-27,19.2498646172149,4.277960091380702
2021-04-28,42.48235320720243,20.94381239991284
2021-04-29,65.85070321191999,42.52764034544581
2021-04-30,78.15043860200997,62.16116500704417
2021-05-01,81.62589194714408,75.20901125369139
2021-05-02,82.99335651886685,80.92322902267368
2021-05-03,71.27704307678106,78.63209718093071
2021-05-04,72.99331228113982,75.75457062559596
2021-05-05,68.67876522307915,70.98304019366672
2021-05-06,79.52468461079944,73.73225403833953
2021-05-07,82.92268134930795,77.04204372772891
2021-05-08,82.09307518048418,81.51348038019724
2021-05-09,81.56252517385492,82.19276056788239
2021-05-10,78.91523894386627,80.85694643273517
2021-05-11,79.48820870951221,79.98865760907785
2021-05-12,74.61602862402692,77.67315875913518
2021-05-13,66.57456518233258,73.55960083862395
2021-05-14,62.92211704475263,68.0375702837041
2021-05-15,57.27942521182373,62.258702479636376
2021-05-16,34.38916706567625,51.53023644075093
2021-05-17,-6.590344191017993,28.359416028827386
2021-05-18,-40.664093943166925,-4.288423689502831
2021-05-19,-103.82713102347235,-50.36052305255237
2021-05-20,-106.77329200768753,-83.75483899144221
2021-05-21,-113.43785550033552,-108.01275951049841
2021-05-22,-51.92845370657125,-90.71320040486471
2021-05-23,-40.68026093637499,-68.68219004776053
2021-05-24,-23.823522556949857,-38.81074573329864
2021-05-25,-17.378438443387978,-27.294073978904212
2021-05-26,-0.027261947242133527,-13.743074315859927
2021-05-27,10.53952814558492,-2.2887240816816665
2021-05-28,9.066385778422168,6.526217325588381
2021-05-29,-1.0729968082689396,6.177639038579446
2021-05-30,-12.699330001498259,-1.5686470104482801
2021-05-31,-14.933912316172131,-9.568746375313047
2021-06-01,-0.3596990239033306,-9.330980447191179
2021-06-02,17.490373376321138,0.7322540120819543
2021-06-03,39.72680537692133,18.952493243113107
2021-06-04,41.807419471434436,33.00819940822569
2021-06-05,41.994632664702856,41.176285837686265
2021-06-06,34.79260581002613,39.531552648721195
2021-06-07,31.95982728802174,36.24902192091697
2021-06-08,7.934234096448608,24.895555731498884
2021-06-09,-8.809936224565234,10.361375053301762
2021-06-10,-20.95995979405143,-7.278553974055961
2021-06-11,-21.07336628758784,-16.947754102068114
2021-06-12,-30.68111050318556,-24.238145528274888
2021-06-13,-38.47747396338479,-30.077316918052674
2021-06-14,-24.017154583500197,-31.058579683356793
2021-06-15,-3.636683484061829,-22.043770676982216
2021-06-16,-0.2281206194238159,-9.293986228995225
2021-06-17,-18.82939330216747,-7.564732468550982
2021-06-18,-47.05836122950647,-22.038625050365862
2021-06-19,-47.8293291626513,-37.90569456477502
2021-06-20,-53.43183509763772,-49.439841829931765
2021-06-21,-67.95703605114365,-56.4060667704775
2021-06-22,-75.00406770795006,-65.46431295224374
2021-06-23,-61.545858826147196,-68.16898752841357
2021-06-24,-30.047264295001543,-55.532396943032865
2021-06-25,-25.363815515961193,-38.98564621236991
2021-06-26,-22.152448656533696,-25.85450948916541
2021-06-27,-18.153635500393438,-21.889966557629375
2021-06-28,-2.458895376500415,-14.254993177809114
2021-06-29,17.704819242476706,-0.9692372114723137
2021-06-30,34.778753234561975,16.674892366846155
2021-07-01,47.945335838515,33.476302771851294
2021-07-02,46.987294118344686,43.23712773047396
2021-07-03,52.62389109448214,49.18550701711401
2021-07-04,58.56801586720724,52.72640036001142
2021-07-05,67.20171009388876,59.464539018526104
2021-07-06,70.62562357851742,65.46511651320453
2021-07-07,78.00562192650968,71.94431853297202
2021-07-08,72.69560705153727,73.77561751885484
2021-07-09,62.37928126419995,71.02683674741569
2021-07-10,40.77797653986085,58.617621618532745
2021-07-11,13.87461335532702,39.010623719795994
2021-07-12,-28.73985039637205,8.637579832938657
2021-07-13,-52.46358870113238,-22.442941914059087
2021-07-14,-58.074482615808556,-46.425973904437605
2021-07-15,-43.76763318731363,-51.43523483475147
2021-07-16,-39.59408310368476,-47.14539963560227
2021-07-17,-28.96328303706505,-37.44166644268776
2021-07-18,-17.59983038140196,-28.71906550738387
2021-07-19,-16.73772718634221,-21.100280201603017
2021-07-20,-19.67346169535672,-18.00367308770024
2021-07-21,-25.234143022397177,-20.54844396803198
2021-07-22,-3.7804262357084704,-16.229343651154064
2021-07-23,22.23247639560924,-2.260697620832078
2021-07-24,56.20809090912715,24.886713689676032
2021-07-25,69.15183462107989,49.19746730860549
2021-07-26,79.77282622833705,68.37758391951475
2021-07-27,77.14735931564532,75.35734005502081
2021-07-28,81.48537404255899,79.46851986218051
2021-07-29,79.60721924304114,79.41331753374853
2021-07-30,82.3305375245087,81.14104360336967
2021-07-31,80.39866338667399,80.77880671807468
2021-08-01,85.10759358201322,82.61226483106537
2021-08-02,88.50145983708012,84.66923893525585
2021-08-03,84.68893289147213,86.09932877018855
2021-08-04,73.77867921287707,82.32302398047649
2021-08-05,64.34627040496254,74.27129416977063
2021-08-06,65.70891709083203,67.94462223622394
2021-08-07,68.50568101822371,66.18695617133947
2021-08-08,74.0451236380445,69.41990724903347
2021-08-09,71.39641758398085,71.31574074674974
2021-08-10,77.00842496437008,74.14998872879853
2021-08-11,83.21814753482087,77.20766336105733
2021-08-12,84.90458525839574,81.71038591919562
2021-08-13,76.98705548726889,81.70326276016189
2021-08-14,73.74071571293172,78.54411881953217
2021-08-15,72.66270599071426,74.46349239697167
2021-08-16,76.17445980674484,74.19262717013032
2021-08-17,61.89562296388696,70.24426292044873
2021-08-18,46.61606837587357,61.5620503821685
2021-08-19,23.683776405395495,44.06515591505205
2021-08-20,18.796237912044557,29.698694231104586
2021-08-21,24.93739144602598,22.47246858782206
2021-08-22,26.20365899875397,23.312429452274884
2021-08-23,35.96314784882947,29.034732764536518
2021-08-24,26.542118019440398,29.569641622341322
2021-08-25,17.09620813070684,26.533824666325614
2021-08-26,-12.584465061097006,10.351287029683455
2021-08-27,-27.88868182361651,-7.792312918002181
2021-08-28,-5.463034660958257,-15.312060515223882
2021-08-29,11.289609093346366,-7.354035797076091
2021-08-30,26.209469347488213,10.678681259958816
2021-08-31,17.934603030624263,18.477893823819656
2021-09-01,22.52700911809907,22.223693832070555
2021-09-02,45.17236956736459,28.544660572029347
2021-09-03,59.941159887767704,42.54684619107716
2021-09-04,77.92488154551096,61.01280366688112
2021-09-05,78.68606544321199,72.18403562549692
2021-09-06,85.727616695079,80.77952122793401
2021-09-07,48.5031334784604,70.9722718722505
2021-09-08,19.37424481035952,51.20166499463301
2021-09-09,-4.1175288785979065,21.25328313674071
2021-09-10,-1.5671321559079534,4.56319459195126
2021-09-11,-4.087353573849284,-3.2573382027850086
2021-09-12,-16.12159976848574,-7.258695166080954
2021-09-13,-22.21875604423572,-14.142569795523542
2021-09-14,-22.529714632939942,-20.290023481887093
2021-09-15,-15.330124108931981,-20.026198262035845
2021-09-16,4.941074636117677,-10.972921368584712
2021-09-17,9.499535137059745,-0.2965047785848161
2021-09-18,9.828639998935548,8.089749924037694
2021-09-19,-1.5151958908355596,5.937659748386615
2021-09-20,-51.393455319864096,-14.360003737254665
2021-09-21,-80.39232084684777,-44.43365735251577
2021-09-22,-98.95695141314847,-76.91424252662007
2021-09-23,-52.85466693863945,-77.40131306621186
2021-09-24,-46.900621833046046,-66.23741339494461
2021-09-25,-32.616151440428645,-44.123813404038
2021-09-26,-40.96076762205459,-40.15918029850972
2021-09-27,-21.184440700541305,-31.58711992100814
2021-09-28,-22.505310013301624,-28.216839445299133
2021-09-29,-19.46656371752854,-21.05210481045712
2021-09-30,-24.918071425055718,-22.296648385295256
2021-10-01,-13.676376205499153,-19.3536704493611
2021-10-02,18.32577189856916,-6.756225243995199
2021-10-03,54.01708650998759,19.555494067685903
2021-10-04,75.62922954261676,49.32402931705787
2021-10-05,76.59175078176109,68.74602227812186
2021-10-06,69.66452638404253,73.96183556947351
2021-10-07,73.58380516308394,73.28002744296255
2021-10-08,80.40069931093707,74.54967695268788
2021-10-09,90.0406168415209,81.34170710518066
2021-10-10,86.6641861860735,85.70183411284385
2021-10-11,78.23762518869326,84.98080940542924
2021-10-12,71.09866419392483,78.6668251895639
2021-10-13,68.86137194176189,72.73255377479336
2021-10-14,65.07197332452715,68.34400315340467
2021-10-15,64.54874013735987,66.16069513454967
2021-10-16,71.36014369294298,66.99361905161004
2021-10-17,69.93315868482883,68.6140141717106
2021-10-18,61.59471599436009,67.62933945737733
2021-10-19,51.83690524017692,61.12159330645531
2021-10-20,49.91910590154509,54.450242378694064
2021-10-21,61.41843240239723,54.39148118137311
2021-10-22,62.05371285140772,57.79708371845004
2021-10-23,67.59710469717346,63.68974998365949
2021-10-24,63.44583966295974,64.36555240384699
2021-10-25,69.74879531335013,66.93057989116113
2021-10-26,75.78641946648183,69.6603514809306
2021-10-27,62.64077354204678,69.39199610729294
2021-10-28,38.34768146113361,58.92495815655411
2021-10-29,35.43251198903305,45.47365566407118
2021-10-30,49.295054264172016,41.02508257144626
2021-10-31,66.02588812739243,50.251151460199196
2021-11-01,59.07179401149684,58.13091213435379
2021-11-02,45.861228550165066,56.98630356301814
2021-11-03,49.84236056356226,51.59179437507475
2021-11-04,52.22901874825689,49.310869287328096
2021-11-05,63.405268320166535,55.15888254399525
2021-11-06,52.697394431772544,56.11056050006534
2021-11-07,56.73304234434832,57.61190169876249
2021-11-08,56.69015187378278,55.373529549967905
2021-11-09,72.17877154786825,61.8673219219998
2021-11-10,60.68874656159276,63.185889994414616
2021-11-11,55.23662444269459,62.70138085071855
2021-11-12,38.187321730129035,51.370897578138816
2021-11-13,41.56454946286225,44.99616521189532
2021-11-14,36.6534927645778,38.801787985856386
2021-11-15,28.26073909083191,35.492927106090676
2021-11-16,-33.29835388366419,10.538625990581863
2021-11-17,-56.58472281043323,-20.54077920108848
2021-11-18,-80.65007252335174,-56.844383072483026
2021-11-19,-55.46962996003135,-64.23480843127207
2021-11-20,-48.818559372665845,-61.646087285349616
2021-11-21,-29.5246665202406,-44.604285284312574
2021-11-22,-29.303052858655732,-35.88209291718737
2021-11-23,-41.239964353306824,-33.35589457740104
2021-11-24,-47.938894538451564,-39.49397058347136
2021-11-25,-32.08036086075006,-40.4197399175028
2021-11-26,-49.03082142117245,-43.016692273458006
2021-11-27,-51.125457577942804,-44.078879953288414
2021-11-28,-64.35415632524676,-54.836811774787314
2021-11-29,-16.9983125955815,-44.159308832923664
2021-11-30,7.514491817594589,-24.612659034411198
2021-12-01,51.06698536194332,13.861054861318827
2021-12-02,57.594338359734486,38.72527184642416
2021-12-03,38.22137288898488,48.960898870220916
2021-12-04,-37.247292943713994,19.522806101668476
2021-12-05,-67.38811280645231,-22.13801095372712
2021-12-06,-80.1071157066252,-61.58084048559715
2021-12-07,-24.613797180851986,-57.369675231309806
2021-12-08,-10.018462010853513,-38.24645829944354
2021-12-09,1.1006074558013619,-11.177217245301357
2021-12-10,-26.43133983403266,-11.78306479636158
2021-12-11,-45.47741932153656,-23.60271723325593
2021-12-12,-43.68463387520688,-38.53113101025868
2021-12-13,-47.728136509480294,-45.630063235407896
2021-12-14,-39.90707720287767,-43.773282529188265
2021-12-15,-43.96511639349331,-43.86677670195041
2021-12-16,-12.941490942204942,-32.27122817952529
2021-12-17,-14.269018469685605,-23.725208601794595
2021-12-18,-9.184450314662756,-12.131653242184411
2021-12-19,-12.773056925255746,-12.075508569868012
2021-12-20,-9.98062701349604,-10.646044751138156
2021-12-21,-1.5866553663103904,-8.1134464350207
2021-12-22,6.885831820189477,-1.560483519872293
2021-12-23,16.93540342455094,7.411526626143368
2021-12-24,34.113499930415664,19.31157839171872
2021-12-25,44.099935462961945,31.71627960597621
2021-12-26,60.50723135649758,46.24022224995843
2021-12-27,63.33292708522138,55.98003130156033
2021-12-28,-11.678254998240371,37.38730114782622
2021-12-29,-57.508464581896796,-1.951264164971903
2021-12-30,-97.42553170344553,-55.53741709452754
2021-12-31,-55.28481267374442,-70.07293631969556
2022-01-01,-38.01943369776519,-63.57659269165169
2022-01-02,-25.080643627688655,-39.461629999732736
2022-01-03,-19.09085660067265,-27.396977975375478
2022-01-04,-15.070439298019155,-19.747313175460132
2022-01-05,-41.565513671513536,-25.242269856735096
2022-01-06,-47.903160763045975,-34.84637124419287
2022-01-07,-58.590109935943794,-49.35292812350108
2022-01-08,-37.00280715826838,-47.832025952419365
2022-01-09,-29.110773864102374,-41.56789698610483
