time,TSI_13_25_13,TSIs_13_25_13
2016-01-25,74.78916428603563,74.78916428603563
2016-01-26,71.5418624956674,74.32526403026874
2016-01-27,69.05786248888704,73.57277809578565
2016-01-28,67.64067418589566,72.72533468008709
2016-01-29,65.33094463860085,71.66899324558906
2016-01-30,62.54825482259216,70.36603061373236
2016-01-31,56.47102224669097,68.38102941844073
2016-02-01,50.31446000974648,65.80009093148442
2016-02-02,47.21450609149228,63.145007382914116
2016-02-03,45.375555982644684,60.606514325732775
2016-02-04,44.081745609263606,58.2458330805229
2016-02-05,43.152305083892045,56.089614795289926
2016-02-06,42.14675837062747,54.097778163195294
2016-02-07,43.65505553021676,52.60596064419836
2016-02-08,46.55272456181953,51.741212632429956
2016-02-09,52.378440795843275,51.83224522720329
2016-02-10,58.276021316564346,52.752784668540585
2016-02-11,66.50066454704425,54.716767508326825
2016-02-12,66.82169610047565,56.446043021490944
2016-02-13,64.53835848013911,57.60208808701212
2016-02-14,62.44603796193014,58.29408092628613
2016-02-15,60.93463812015642,58.67130338255331
2016-02-16,52.745097755121016,57.824702578634415
2016-02-17,43.804574438900445,55.821827130101
2016-02-18,38.90124654016481,53.40460133153869
2016-02-19,35.9634945729248,50.91301465173671
2016-02-20,32.499584418880346,48.28252461847151
2016-02-21,30.64737943109262,45.76321816313167
2016-02-22,31.843469929861204,43.77468270123589
2016-02-23,32.76629338631145,42.202055656246685
2016-02-24,34.96924453987557,41.16879692533653
2016-02-25,35.85401502262526,40.40954236780635
2016-02-26,35.598737464206785,39.72228452443498
2016-02-27,36.369490257986385,39.24331391494233
2016-02-28,37.3796300330663,38.97707336038861
2016-02-29,37.39306591728254,38.750786582802036
2016-03-01,39.89937998820836,38.91487135500294
2016-03-02,43.65158910142903,39.591545318778095
2016-03-03,47.68355500004456,40.74754670181616
2016-03-04,51.6555499470974,42.305832879713485
2016-03-05,55.569089364090296,44.20058380605303
2016-03-06,58.72151683727964,46.27500281051398
2016-03-07,54.867716238850974,47.50253330027641
2016-03-08,52.40644740915457,48.20309245868758
2016-03-09,52.90694852658805,48.87507189695908
2016-03-10,51.064125666292185,49.187793864006665
2016-03-11,49.58432673293576,49.24444141671082
2016-03-12,50.71075060162928,49.453914157413465
2016-03-13,52.50633082290414,49.88997368105499
2016-03-14,48.22286620832013,49.6518154706643
2016-03-15,45.85471952737109,49.109373193050985
2016-03-16,43.3198847859057,48.282303420601664
2016-03-17,37.72311260923012,46.77384759040573
2016-03-18,33.14458131280055,44.826809550747846
2016-03-19,28.958030754645,42.55984115130459
2016-03-20,25.189960556618665,40.07842963777803
2016-03-21,24.043448198505608,37.78771800359626
2016-03-22,22.1713004379759,35.556801208507636
2016-03-23,21.98171684936822,33.617503442916295
2016-03-24,19.67078672407259,31.62511534022434
2016-03-25,17.019906289825563,29.53865690445309
2016-03-26,15.352810752420076,27.512107454162663
2016-03-27,13.025394414030593,25.442577019858085
2016-03-28,12.753012349226566,23.629782066910728
2016-03-29,12.577397984154343,22.05087005508839
2016-03-30,12.658791794869748,20.70914458934287
2016-03-31,11.926273689665717,19.45444874653185
2016-04-01,11.659938500752567,18.340947282849097
2016-04-02,11.42346130649223,17.352735000512403
2016-04-03,11.197620057472225,16.47343286579238
2016-04-04,10.132045226160516,15.56752034584497
2016-04-05,7.978683946582985,14.483400860236117
2016-04-06,6.640052093148963,13.362922464937952
2016-04-07,4.354355429161321,12.075984316969862
2016-04-08,1.7641942811594042,10.602871454711227
2016-04-09,-1.4851378859055773,8.876012977480256
2016-04-10,-4.589401661315979,6.95238231479508
2016-04-11,-7.480157522408245,4.890590909480319
2016-04-12,-11.969737515092097,2.4819725631128318
2016-04-13,-14.387037009309845,0.07211405276673499
2016-04-14,-15.416535149219202,-2.1405501189455416
2016-04-15,-16.65760903458739,-4.214415678322949
2016-04-16,-16.819577489395922,-6.0151530799048025
2016-04-17,-15.152815231155156,-7.320533387226282
2016-04-18,-14.417659017014303,-8.334408477196
2016-04-19,-14.244625860092398,-9.1787252461812
2016-04-20,-14.539355791145487,-9.944529609747528
2016-04-21,-15.424960566209231,-10.727448317813485
2016-04-22,-16.603499042713917,-11.566884135656403
2016-04-23,-16.265790544647338,-12.238156479797967
2016-04-24,-16.750823264178496,-12.8828231632809
2016-04-25,-18.06848670614183,-13.623632240832462
2016-04-26,-19.30898566052,-14.43582558650211
2016-04-27,-19.31342571824902,-15.132625605323097
2016-04-28,-20.35466236084617,-15.878630856112109
2016-04-29,-20.630998589983356,-16.55754053237943
2016-04-30,-16.88615326158043,-16.604485207979575
2016-05-01,-14.015915936754071,-16.234689597804504
2016-05-02,-8.289427793468768,-15.099652197185113
2016-05-03,-5.433614867809719,-13.718789721560057
2016-05-04,-3.1915440733570053,-12.21489748610248
2016-05-05,-0.49893997482385466,-10.541189270205534
2016-05-06,0.7295450700894581,-8.931084364449106
2016-05-07,1.7442996044299417,-7.4060295117521
2016-05-08,2.834594292577234,-5.943083253990767
2016-05-09,3.364357688873367,-4.6134488335816055
2016-05-10,3.892896184382815,-3.398256688158117
2016-05-11,5.65413355159104,-2.1050580824796663
2016-05-12,7.490061219811574,-0.7343267535809179
2016-05-13,10.26585061884809,0.837127156766083
2016-05-14,11.431952044899614,2.3506735693565872
2016-05-15,11.618360345685392,3.6746288231178452
2016-05-16,14.484770830456887,5.218934824166279
2016-05-17,19.112123467827974,7.203676058975093
2016-05-18,24.990439469859048,9.744642260529945
2016-05-19,31.327025849958652,12.827839916162617
2016-05-20,33.33591961626808,15.757565587606255
2016-05-21,35.33977691216785,18.55502434825791
2016-05-22,37.16258709017537,21.213247597103262
2016-05-23,35.90812539834737,23.31251585442385
2016-05-24,33.26489788478063,24.73428471590339
2016-05-25,30.583225411063403,25.56984767235482
2016-05-26,28.477621349439918,25.985243911938404
2016-05-27,23.285570613522765,25.59957629787903
2016-05-28,20.34289926188757,24.848622435594535
2016-05-29,18.894699262876255,23.998061982349068
2016-05-30,18.256894247469514,23.17789516308056
2016-05-31,19.991189194269204,22.722651453250368
2016-06-01,21.011057586251855,22.478138043679152
2016-06-02,21.61059219712347,22.354202922742626
2016-06-03,22.192193377628456,22.33105870201203
2016-06-04,22.248990131046245,22.319334620445492
2016-06-05,22.636216430680435,22.36460345047906
2016-06-06,23.056090123102756,22.463387260853874
2016-06-07,24.32848575916519,22.729829903469778
2016-06-08,25.2936559392632,23.096090765725982
2016-06-09,26.033539327981465,23.515726274619624
2016-06-10,25.05056198877961,23.734988519499623
2016-06-11,24.749480205120086,23.87991590315969
2016-06-12,27.350482445422976,24.37571112348302
2016-06-13,32.55629770905829,25.544366349993773
2016-06-14,37.956953323219665,27.317593060454616
2016-06-15,40.936338269906564,29.263128090376323
2016-06-16,45.9002396850339,31.63985831818455
2016-06-17,35.32390466105591,32.16615065288046
2016-06-18,20.291950912079944,30.469836404194673
2016-06-19,12.30762436219006,27.875234683908303
2016-06-20,6.174952576946769,24.7751943829138
2016-06-21,3.48616947643759,21.733905110560055
2016-06-22,1.7603335441818548,18.8805377439346
2016-06-23,1.1117261438246313,16.342136086776033
2016-06-24,1.261204716113771,14.187717319538567
2016-06-25,1.3375844022878118,12.351984045645603
2016-06-26,0.8375403498356506,10.707063517672752
2016-06-27,0.6787800357309915,9.274451591681073
2016-06-28,-1.5762937384014553,7.724345115954998
2016-06-29,-2.766767421417249,6.225614753473249
2016-06-30,-4.008278953722445,4.763629938159579
2016-07-01,-5.222309903894675,3.3370671035804
2016-07-02,-6.411286883950577,1.9444451053616894
2016-07-03,-7.749207385452806,0.5596376066739044
2016-07-04,-9.321183202303867,-0.851908223180063
2016-07-05,-11.68082294683906,-2.398896040845634
2016-07-06,-13.588530613732665,-3.997415265543782
2016-07-07,-15.713967873653225,-5.671208495273702
2016-07-08,-15.486584445008287,-7.0734050595215
2016-07-09,-15.77510714652343,-8.316505357664633
2016-07-10,-15.999772207222268,-9.414114907601439
2016-07-11,-16.68373199090987,-10.452631633788357
2016-07-12,-17.27540659119999,-11.42731377056145
2016-07-13,-17.918068543580468,-12.354564452421311
2016-07-14,-16.349784986331628,-12.92531024297993
2016-07-15,-14.158054226512768,-13.101416526341765
2016-07-16,-12.746447378088929,-13.050706648019933
2016-07-17,-12.284798442423826,-12.941291190077632
2016-07-18,-12.176920903048357,-12.832095434787735
2016-07-19,-10.857978804813824,-12.550078773362891
2016-07-20,-8.058078272822899,-11.908364416142891
2016-07-21,-5.275742547038111,-10.96084700627078
2016-07-22,1.0406477530279479,-9.246347754942391
2016-07-23,5.210728954785802,-7.181051082124078
2016-07-24,5.108702195619579,-5.425372042446414
2016-07-25,6.902634491389835,-3.664228251898378
2016-07-26,4.841593047820675,-2.449110923367085
2016-07-27,5.03345130482415,-1.3801734621969086
2016-07-28,4.8882596379433005,-0.4846830193197361
2016-07-29,4.760094521792153,0.2645709151248194
2016-07-30,4.069768178013017,0.8081705241088475
2016-07-31,2.5875512132371226,1.062367765412887
2016-08-01,-0.0926901090777463,0.8973594976285107
2016-08-02,-6.158192472994757,-0.11057649817481308
2016-08-03,-7.236650632287615,-1.1285870887623561
2016-08-04,-6.945857217951157,-1.9596256786464705
2016-08-05,-6.8475338944977935,-2.6578982809109455
2016-08-06,-6.996514040477606,-3.277700532277611
2016-08-07,-7.065672708481529,-3.818839414592457
2016-08-08,-6.692974665822268,-4.229430164768145
2016-08-09,-4.895900488251883,-4.324640210980108
2016-08-10,-3.732265396427089,-4.240015237472534
2016-08-11,-3.3265053663951165,-4.109513827318618
2016-08-12,-2.850448034628524,-3.9296472855057476
2016-08-13,-2.7815683396801507,-3.7656360075306625
2016-08-14,-3.206016488420204,-3.685690361943454
2016-08-15,-3.72092791935583,-3.6907242987166504
2016-08-16,-4.157032279873206,-3.7573397245961586
2016-08-17,-5.126803754460077,-3.9529774431481473
2016-08-18,-6.030806492859082,-4.249810164535424
2016-08-19,-6.827700555095855,-4.618080220329771
2016-08-20,-6.358791697165028,-4.866753288449094
2016-08-21,-6.214723028759803,-5.059320394207767
2016-08-22,-6.239765697295836,-5.227955437506063
2016-08-23,-6.445571813277588,-5.4019006340448525
2016-08-24,-6.580969381861945,-5.570339026590151
2016-08-25,-5.861241017162268,-5.61189645381474
2016-08-26,-5.382195972274684,-5.579082099309018
2016-08-27,-5.208286526214961,-5.526111303152725
2016-08-28,-5.523970114378199,-5.525805419042079
2016-08-29,-5.932490722821671,-5.583903319582021
2016-08-30,-5.34252476867008,-5.549420669451744
2016-08-31,-3.6619051144949193,-5.279775590172198
2016-09-01,-0.5576637572596126,-4.605188185470401
2016-09-02,2.114067119635775,-3.6452945704552335
2016-09-03,3.488620856994583,-2.62616379510526
2016-09-04,4.120254766188842,-1.6623897149203883
2016-09-05,4.72826365132804,-0.7494392340277559
2016-09-06,5.0550099583083155,0.07976779344882556
2016-09-07,4.764957519130121,0.7490806114032963
2016-09-08,3.778698322560175,1.1818831415685647
2016-09-09,3.9414280974497298,1.5761038495515884
2016-09-10,6.045463949957336,2.2145838638952666
2016-09-11,5.567446664815288,2.693564264026698
2016-09-12,6.13915353115763,3.18579130218826
2016-09-13,6.7286513200972164,3.6919141618895397
2016-09-14,7.145244746290194,4.185247102518205
2016-09-15,7.716315041163753,4.689685379467569
2016-09-16,10.760492698750024,5.556943567936491
2016-09-17,13.994408869477335,6.762295753870898
2016-09-18,14.700045486515394,7.896260001391541
2016-09-19,17.42997878732337,9.258219827953232
2016-09-20,25.07786309708319,11.51816886640037
2016-09-21,25.825181658865333,13.562027836752506
2016-09-22,23.804146072279433,15.025187584684925
2016-09-23,22.82035449349487,16.13878285737206
2016-09-24,20.490720365324197,16.760488215650938
2016-09-25,19.066343097341875,17.0898960558925
2016-09-26,17.15220455196984,17.098797269617833
2016-09-27,16.271408133703474,16.980598821630068
2016-09-28,16.148613078893646,16.861743715524867
2016-09-29,15.386402751756242,16.65098072070078
2016-09-30,15.108411032524126,16.43061362238983
2016-10-01,14.80009082720368,16.197681794506096
2016-10-02,14.674904813460378,15.98014222578528
2016-10-03,15.189729085381945,15.867226062870518
2016-10-04,14.927420233652247,15.732968087267908
2016-10-05,13.73062497182917,15.44691907077666
2016-10-06,11.880742048613934,14.9374652104677
2016-10-07,9.600814805732536,14.175086581219821
2016-10-08,5.9116464967378635,12.994595140579541
2016-10-09,2.280068997809808,11.463948548755294
2016-10-10,-1.8912638627155924,9.556061061402312
2016-10-11,-5.328980183609384,7.4296265978292135
2016-10-12,-7.913317584791551,5.2377774288833905
2016-10-13,-9.480940618040176,3.1351034221800242
2016-10-14,-10.997450584224362,1.1161671355508265
2016-10-15,-12.02327411173396,-0.7608958997755714
2016-10-16,-12.87160501868273,-2.490997202476594
2016-10-17,-13.561385835310999,-4.072481292881509
2016-10-18,-10.959725471723438,-5.0563733184303565
2016-10-19,-11.256666591195524,-5.942129500253952
2016-10-20,-11.115655881112799,-6.681204697519501
2016-10-21,-10.895385936106852,-7.283230588746266
2016-10-22,-10.884988326048125,-7.7977674083608175
2016-10-23,-11.274892463950899,-8.294499559159402
2016-10-24,-11.744088096882482,-8.78729792169127
2016-10-25,-14.94118642833585,-9.666424851211925
2016-10-26,-16.460878570937716,-10.637061096887038
2016-10-27,-17.766632241148606,-11.655571260352977
2016-10-28,-20.367285350262296,-12.900101844625738
2016-10-29,-25.39185762740272,-14.68463838502245
2016-10-30,-23.88630591921606,-15.999162318478682
2016-10-31,-23.752926188749097,-17.106842871374454
2016-11-01,-24.26202293951467,-18.12901145253734
2016-11-02,-24.493994617155654,-19.03829476176853
2016-11-03,-24.474541282322356,-19.814901407561933
2016-11-04,-22.816696389768357,-20.24372926216285
2016-11-05,-21.538924006280048,-20.428757082751023
2016-11-06,-21.057866225045757,-20.51862981736456
2016-11-07,-20.9627510883004,-20.58207571321254
2016-11-08,-21.104702424742907,-20.65673667200259
2016-11-09,-22.013666976007162,-20.85058385828896
2016-11-10,-23.303442980427413,-21.20099230430874
2016-11-11,-25.269843251145208,-21.782256725285382
2016-11-12,-28.402221129227275,-22.727965925848512
2016-11-13,-29.364965142342328,-23.676108671061918
2016-11-14,-30.501156375569767,-24.65111548599161
2016-11-15,-29.878897137788115,-25.397941436248257
2016-11-16,-30.188287509032982,-26.082276589503216
2016-11-17,-30.745604036619483,-26.74846622480554
2016-11-18,-32.7225675369546,-27.601909269398263
2016-11-19,-33.00563851678345,-28.373870590453294
2016-11-20,-33.62441274358914,-29.123948040901276
2016-11-21,-34.30322799455747,-29.863845177137875
2016-11-22,-32.574729174323835,-30.251114319593015
2016-11-23,-31.421087452660938,-30.41825333860272
2016-11-24,-32.594182986266084,-30.729100431126064
2016-11-25,-32.15146892606308,-30.93229593040278
2016-11-26,-32.17013351944397,-31.10912987169438
2016-11-27,-33.596235228833656,-31.46443063699999
2016-11-28,-35.50381364771829,-32.04148535281689
2016-11-29,-38.64253436839503,-32.98449235504234
2016-11-30,-38.00446132136996,-33.701630778803434
2016-12-01,-37.97493535777999,-34.312102861514376
2016-12-02,-40.21221255819915,-35.15497567532649
2016-12-03,-40.455184170498086,-35.91214831749386
2016-12-04,-41.72545440669979,-36.74262061595185
2016-12-05,-44.45845481777089,-37.84488264478314
2016-12-06,-40.503436015199775,-38.22467598341409
2016-12-07,-34.74692934097413,-37.7278550344941
2016-12-08,-30.82403909484673,-36.74159561454447
2016-12-09,-26.878164944717298,-35.33253409028345
2016-12-10,-24.817948464287568,-33.8304504294269
2016-12-11,-22.787184187869975,-32.25284096634734
2016-12-12,-20.014167179226966,-30.504458996758718
2016-12-13,-18.125604475137177,-28.73605120795564
2016-12-14,-17.08552194563154,-27.071689884766485
2016-12-15,-17.448614097162412,-25.69696477225162
2016-12-16,-17.559902121115226,-24.534527250660705
2016-12-17,-17.824247639077882,-23.575915877577444
2016-12-18,-17.579789697567488,-22.719326423290312
2016-12-19,-18.26396354990148,-22.082846012806193
2016-12-20,-18.76056536356634,-21.60823449148622
2016-12-21,-17.98425212651243,-21.09052272506139
2016-12-22,-18.311967572009202,-20.693586274625364
2016-12-23,-19.899691741569775,-20.58017276990314
2016-12-24,-20.828006638416174,-20.615577608262143
2016-12-25,-21.72125094749311,-20.773530942437997
2016-12-26,-22.266809978297466,-20.98685651898935
2016-12-27,-23.010053269890737,-21.275884626260975
2016-12-28,-21.127267208506954,-21.25465356658183
2016-12-29,-16.095308546953778,-20.517604278063537
2016-12-30,-12.43343487251943,-19.36272293441438
2016-12-31,-9.85606463959817,-18.004628892297777
2017-01-01,-7.5163992310859555,-16.506310369267517
2017-01-02,-4.642166157492186,-14.811432624728186
2017-01-03,3.5469612797390817,-12.188804924090006
2017-01-04,14.668723739030515,-8.352015115072788
2017-01-05,18.650169606537496,-4.494560154842748
2017-01-06,21.014420715296072,-0.8504200305372032
2017-01-07,21.902763584215094,2.4000347715702675
2017-01-08,23.892417377234924,5.470375143808075
2017-01-09,25.09371433398392,8.273709313833196
2017-01-10,26.656720214605382,10.899853728229223
2017-01-11,25.22336343368233,12.94606940043681
2017-01-12,23.33295911669414,14.429910788473574
2017-01-13,21.946753146064268,15.50374541098653
2017-01-14,20.70202497555233,16.246356777353075
2017-01-15,19.925818051838146,16.771994102279514
2017-01-16,18.271450598038374,16.98620217310221
2017-01-17,18.638895728946697,17.222301252508565
2017-01-18,18.927249532669503,17.465865292531557
2017-01-19,19.69485929453021,17.784293007102796
2017-01-20,20.92333518683074,18.23272760420679
2017-01-21,22.78840125628665,18.883538125932485
2017-01-22,23.176584932256745,19.496830526835954
2017-01-23,23.756422802297365,20.10534370904473
2017-01-24,23.080742036927102,20.530400613027926
2017-01-25,22.373655299578726,20.793722711106614
2017-01-26,22.12349580873055,20.983690296481463
2017-01-27,21.46992653344865,21.053152616048205
2017-01-28,21.016003975223924,21.047845667359024
2017-01-29,20.27718743416801,20.937751634046023
2017-01-30,19.945504329063045,20.796002019048455
2017-01-31,20.12692917728394,20.70042018451067
2017-02-01,20.34511107065993,20.64966173967485
2017-02-02,20.94544567903813,20.691916588155323
2017-02-03,21.98041449880862,20.875987718248652
2017-02-04,24.630896465675363,21.412403253595325
2017-02-05,25.801582401380323,22.03942884613604
2017-02-06,27.134470333995083,22.76729191583019
2017-02-07,28.836421823689026,23.634310474095738
2017-02-08,29.613413967484487,24.48846811600842
2017-02-09,27.22238247629291,24.879027310334777
2017-02-10,26.906526171585487,25.168670004799164
2017-02-11,27.112192425447013,25.446316064891715
2017-02-12,27.133278557615647,25.687310706709418
2017-02-13,26.600696975773253,25.817794459432825
2017-02-14,32.92064004397705,26.83248668579629
2017-02-15,36.80768567263453,28.257515112487468
2017-02-16,38.77364121239601,29.759818841045835
2017-02-17,39.500942161842104,31.151407886873873
2017-02-18,40.42060541210295,32.4755789619066
2017-02-19,40.89252080833372,33.6779992256819
2017-02-20,40.18404675273191,34.607434586689045
2017-02-21,39.93823061407129,35.36897687631508
2017-02-22,39.1993607070038,35.916174566413474
2017-02-23,40.164023160637335,36.52301007987403
2017-02-24,40.402430226568946,37.0772129579733
2017-02-25,41.96207538223433,37.77505044715345
2017-02-26,45.90061231854984,38.93584500021007
2017-02-27,51.0584637504819,40.66764767882034
2017-02-28,54.69806802458495,42.671993442501
2017-03-01,60.0728149819229,45.15782509098984
2017-03-02,66.19645993882979,48.16334435496698
2017-03-03,70.5969016256196,51.3681382507745
2017-03-04,68.74104093840957,53.84998149186522
2017-03-05,68.00034260429887,55.87146165078431
2017-03-06,67.83281033852028,57.58022574903231
2017-03-07,64.06738300392531,58.50696249973131
2017-03-08,53.45231831481334,57.784870473314456
2017-03-09,47.30428605369553,56.287644127654616
2017-03-10,44.503814076603334,54.604239834647295
2017-03-11,44.868446810387674,53.21341225975307
2017-03-12,46.73980066016974,52.28861060266974
2017-03-13,52.081665625297255,52.259047034473674
2017-03-14,55.51915759271863,52.72477711422296
2017-03-15,60.94584953216332,53.89921603107158
2017-03-16,67.99050358455942,55.91225711014127
2017-03-17,71.14606640368359,58.08851558064732
2017-03-18,57.978010082735125,58.072729080945585
2017-03-19,53.48858410131701,57.41785122671293
2017-03-20,49.567567259814446,56.29638208858458
2017-03-21,47.16727746639499,54.99222428541464
2017-03-22,44.64984470652924,53.514741488431014
2017-03-23,43.33102652499385,52.05992506508285
2017-03-24,44.82018368937185,51.02567629712414
2017-03-25,44.17204021343669,50.046585428025935
2017-03-26,43.74667873930163,49.146598758208185
2017-03-27,42.54331687469592,48.20327277484929
2017-03-28,41.925298544470806,47.30641931336665
2017-03-29,42.06743078523485,46.5579923807764
2017-03-30,41.55434922393236,45.84318621551297
2017-03-31,40.131979060652284,45.0272994791043
2017-04-01,39.1423251790038,44.18658886480423
2017-04-02,37.26656863467134,43.19801454621382
2017-04-03,33.139456449570154,41.76107767526472
2017-04-04,29.851297848824192,40.059680557201794
2017-04-05,27.498910322459736,38.265284809381505
2017-04-06,24.423290869773453,36.28785710372321
2017-04-07,21.4667172827434,34.170551415011815
2017-04-08,19.801407825154403,32.11781661646076
2017-04-09,18.04707841698407,30.107711159392665
2017-04-10,16.611123543653992,28.17962721428714
2017-04-11,15.356601582856374,26.347766409797032
2017-04-12,15.330985397613777,24.773940550913714
2017-04-13,16.8299771560689,23.63908863736446
2017-04-14,16.376688758938588,22.60160294044648
2017-04-15,16.876567887642686,21.78374079004594
2017-04-16,16.70515933687868,21.05822915387919
2017-04-17,16.362145032853473,20.38735999373266
2017-04-18,17.001037036473207,19.903599571267023
2017-04-19,16.35594188655717,19.39679133059419
2017-04-20,16.422926001305495,18.97195342641009
2017-04-21,15.951445441267875,18.540452285675485
2017-04-22,15.59469953129128,18.1196304636206
2017-04-23,15.426265869618923,17.734864093048934
2017-04-24,15.927474511864569,17.47666558145117
2017-04-25,16.45098029380411,17.330139111787304
2017-04-26,18.625268771648482,17.515157634624615
2017-04-27,25.322135899892178,18.630440243948552
2017-04-28,34.31167078525686,20.870616035564026
2017-04-29,38.45024961873359,23.38199226173111
2017-04-30,44.33782726817604,26.375682976937533
2017-05-01,46.90456376648784,29.30838023258758
2017-05-02,48.26914974547254,32.01706159157115
2017-05-03,50.05274725728757,34.59358811524493
2017-05-04,54.17939220232936,37.391560127685565
2017-05-05,54.59361730625621,39.848996867481375
2017-05-06,55.57993907258958,42.096274325353974
2017-05-07,46.64331989023053,42.745852263193484
2017-05-08,42.80338908494929,42.7540718091586
2017-05-09,38.96121179431648,42.21223466418116
2017-05-10,36.543609401578614,41.40243105523794
2017-05-11,34.7900791476123,40.457809354148566
2017-05-12,32.507204286594764,39.32200863021231
2017-05-13,31.2202692606873,38.164617291708744
2017-05-14,30.417177443319527,37.05784017051028
2017-05-15,30.01938772969251,36.052346964679174
2017-05-16,28.824294503008076,35.019768041583305
2017-05-17,27.367571210006847,33.92659706564381
2017-05-18,27.919234583854013,33.06840242538813
2017-05-19,33.46644216487302,33.125265245314544
2017-05-20,37.44467867368728,33.74232430651065
2017-05-21,43.49519693477504,35.13559182483414
2017-05-22,48.427909534441305,37.03449435477802
2017-05-23,53.4855957613703,39.38465169857692
2017-05-24,58.912327754025476,42.17431970649814
2017-05-25,59.57573545148314,44.660236241495994
2017-05-26,55.90785904330369,46.2670394988971
2017-05-27,51.215550321793096,46.97396961645367
2017-05-28,49.1112317642641,47.279292780426594
2017-05-29,49.05765077032123,47.53334392184012
2017-05-30,51.21659571726776,48.05952274975836
2017-05-31,52.782612152067856,48.734249807231144
2017-06-01,52.484430857701575,49.26998995729835
2017-06-02,52.28660309044051,49.70093469060437
2017-06-03,52.28718008262445,50.070398318035814
2017-06-04,53.412492780275876,50.54784038407011
2017-06-05,54.41650776018259,51.10050715208618
2017-06-06,56.014163838736465,51.80245810732194
2017-06-07,55.99540315200155,52.40145025656189
2017-06-08,56.04755138492385,52.92232184632789
2017-06-09,57.046355007353206,53.51146944076008
2017-06-10,60.69114205487985,54.537136957062906
2017-06-11,63.14546352489959,55.76689789532529
2017-06-12,66.43521669692615,57.290943438411134
2017-06-13,68.50660165267834,58.893180326163595
2017-06-14,63.52824338659106,59.55533219193895
2017-06-15,59.947386944674406,59.6113400137583
2017-06-16,57.60130504787516,59.324192161489286
2017-06-17,56.329173176605394,58.89633230650588
2017-06-18,53.26608148762413,58.092010760951354
2017-06-19,51.15645432427385,57.10121698428315
2017-06-20,48.54269529700306,55.878571028957424
2017-06-21,43.279416352038936,54.078691789397645
2017-06-22,39.146356163061164,51.94550098563529
2017-06-23,36.11548127535197,49.684069598451956
2017-06-24,31.513851758630597,47.088324192763196
2017-06-25,25.097056810377616,43.94671456670811
2017-06-26,18.170352950363547,40.26437719294461
2017-06-27,14.400924896739625,36.569598293486756
2017-06-28,13.770278156892681,33.3125525596876
2017-06-29,11.444950513818945,30.1886094102778
2017-06-30,8.414912023854999,27.0780812122174
2017-07-01,4.993798083798526,23.923183622443275
2017-07-02,3.937232167783817,21.06804770034907
2017-07-03,2.4498668957728977,18.408307585409617
2017-07-04,0.8300720526067814,15.897131080723497
2017-07-05,-0.6636171776255269,13.531309900959352
2017-07-06,-1.849203214959215,11.334093741542414
2017-07-07,-4.526490897491419,9.068295935966153
2017-07-08,-6.408477002128437,6.857328373381213
2017-07-09,-8.344554447628536,4.685630827522678
2017-07-10,-12.055727851946632,2.2940081590270625
2017-07-11,-15.665519005639542,-0.27163857878245223
2017-07-12,-16.35089493363594,-2.5686752009043787
2017-07-13,-17.719768757709385,-4.733117137590808
2017-07-14,-19.291024212619153,-6.812818148309143
2017-07-15,-22.003275698423483,-8.982883512611192
2017-07-16,-24.95404204815115,-11.2644775891169
2017-07-17,-24.389199228047666,-13.139437823249867
2017-07-18,-20.744662469245007,-14.225898486963459
2017-07-19,-19.888861442084394,-15.03489319483788
2017-07-20,-16.88231778809063,-15.298810993873989
2017-07-21,-15.024506366962912,-15.259624618600977
2017-07-22,-12.537362228449688,-14.870729991436509
2017-07-23,-10.778593317103041,-14.2861390379603
2017-07-24,-9.53068872043766,-13.606788992599924
2017-07-25,-9.685019702926782,-13.046536236932333
2017-07-26,-9.907763654792475,-12.598140153769497
2017-07-27,-10.060943268560187,-12.235683455882453
2017-07-28,-10.832208118707479,-12.035186979143173
2017-07-29,-10.43727244173186,-11.806913473798701
2017-07-30,-10.652552634940927,-11.642004782533306
2017-07-31,-10.53472024546286,-11.483821277237528
2017-08-01,-8.558418594053835,-11.065906608211286
2017-08-02,-7.460613620952031,-10.550864752888536
2017-08-03,-6.06928137715464,-9.910638556355124
2017-08-04,-5.090593101152108,-9.222060634183265
2017-08-05,-2.16776689551837,-8.214304385802567
2017-08-06,1.4827409978737736,-6.829012188134519
2017-08-07,4.704440691731491,-5.181376062439375
2017-08-08,9.08858895302453,-3.1428096316588174
2017-08-09,12.775382756643403,-0.8687821476156434
2017-08-10,16.09391036141698,1.5544596393890169
2017-08-11,19.376194929680203,4.100421823716329
2017-08-12,22.03187056242059,6.662057357816938
2017-08-13,22.998674312074066,8.99585977985367
2017-08-14,23.989100695714843,11.13775133926241
2017-08-15,23.336452311075156,12.880422906664233
2017-08-16,23.772870787884788,14.43648688969574
2017-08-17,24.196554441000913,15.830782254167907
2017-08-18,23.5199115207972,16.92922929225781
2017-08-19,23.062270247049895,17.805378000085252
2017-08-20,22.975333879821466,18.543943125761857
2017-08-21,24.60452462226882,19.40974048240571
2017-08-22,25.229483049585262,20.241132277717078
2017-08-23,25.991071220085278,21.062552126626823
2017-08-24,27.122556460929456,21.9282670315272
2017-08-25,28.511492309126673,22.868727785469982
2017-08-26,29.83798268902203,23.864335628834564
2017-08-27,31.93560625808611,25.017374290156212
2017-08-28,33.83430940628584,26.2769364496033
2017-08-29,37.341782386004745,27.85762872623208
2017-08-30,40.957629771569025,29.7290574469945
2017-08-31,44.06531346820359,31.777094021452942
2017-09-01,46.75850485498831,33.91729556910085
2017-09-02,41.806126007199424,35.04427134597208
2017-09-03,38.30216061826368,35.509684099156594
2017-09-04,29.86124026037482,34.7027635507592
2017-09-05,24.28038733148145,33.213852662290954
2017-09-06,21.39961036985413,31.52610376337141
2017-09-07,18.980696780727317,29.733902765850825
2017-09-08,14.129226688641916,27.504663326249556
2017-09-09,9.92552228105808,24.993357462650774
2017-09-10,6.253049717181744,22.316170641869487
2017-09-11,3.0094684963243283,19.558070335363038
2017-09-12,-0.0013370894507835302,16.76386927467535
2017-09-13,-4.050656668255952,13.79036556854231
2017-09-14,-11.752966131164484,10.141318182869911
2017-09-15,-14.045354295635343,6.686079257369162
2017-09-16,-16.004625007118584,3.444550076728056
2017-09-17,-17.056012650961648,0.5158982584866698
2017-09-18,-14.284814751287641,-1.5984893143382315
2017-09-19,-13.0290063161743,-3.231420314600527
2017-09-20,-12.055828983075266,-4.492050124382633
2017-09-21,-13.10720194430654,-5.722786098657477
2017-09-22,-13.490561095936064,-6.832468241125847
2017-09-23,-11.895819444086898,-7.555804127263141
2017-09-24,-10.668788489757642,-8.00051617904807
2017-09-25,-8.831958983774811,-8.119293722580462
2017-09-26,-7.76754633740101,-8.069044096126255
2017-09-27,-5.072967317363855,-7.641033127731626
2017-09-28,-3.52043795699271,-7.052376674768925
2017-09-29,-3.1280667227923624,-6.491760967343702
2017-09-30,-1.9597463443775804,-5.844330306919971
2017-10-01,-0.9038403209279913,-5.138546023206831
2017-10-02,-0.5835313535814985,-4.487829641831784
2017-10-03,-0.7271482376116754,-3.9505894412289115
2017-10-04,-0.7997766828462161,-3.500473332888527
2017-10-05,-0.5878697553643142,-3.084387107527925
2017-10-06,0.7518058478898609,-2.5363595424682415
2017-10-07,2.2726246438974154,-1.849361801558862
2017-10-08,3.271191345332602,-1.1178542091457957
2017-10-09,2.7687815754612592,-0.5626205256305022
2017-10-10,2.5173948144890406,-0.1226183341848533
2017-10-11,2.7548295902031645,0.28844565501343494
2017-10-12,3.0304151754207913,0.6801555865002001
2017-10-13,6.909682580709479,1.5700880142443827
2017-10-14,10.342137294916188,2.8232379114832122
2017-10-15,12.617188445708473,4.222373702086821
2017-10-16,14.360468793686437,5.670673000886766
2017-10-17,13.241350324245674,6.752198332795182
2017-10-18,12.015672067278963,7.504123152007151
2017-10-19,10.344814953447838,7.909936266498678
2017-10-20,8.394595439046958,7.979173291148434
2017-10-21,6.22171127840542,7.728107289328003
2017-10-22,3.727529491335353,7.156596175329054
2017-10-23,0.3719454515718384,6.187360357649452
2017-10-24,-0.7712782866009156,5.193269122756543
2017-10-25,-1.5944244995186854,4.223598605288653
2017-10-26,-2.5185653946787534,3.260432319579024
2017-10-27,-3.150447515814341,2.3445923430942575
2017-10-28,-3.9651645656624126,1.443198498986162
2017-10-29,-3.205849143634215,0.7790488357546796
2017-10-30,-2.287207843265527,0.3410121673232216
2017-10-31,-1.7335003318487685,0.04465323887008016
2017-11-01,-3.5153647465513362,-0.46392075904726493
2017-11-02,-5.900625095479549,-1.24059280710902
2017-11-03,-4.172269925734129,-1.659403824055464
2017-11-04,-3.7192273161423994,-1.9536643229250261
2017-11-05,-3.931631362760604,-2.2362310429015375
2017-11-06,-3.8231354905770827,-2.4629316782837583
2017-11-07,-4.648518067470584,-2.7751583053104474
2017-11-08,-2.3581030194100294,-2.715578978753245
2017-11-09,0.9443412257588676,-2.1927332352515148
2017-11-10,0.4230726537843307,-1.8190466796749656
2017-11-11,2.432473163534776,-1.211686702073574
2017-11-12,2.618402762200281,-0.6645310643201662
2017-11-13,3.8830870882262305,-0.014871328242109572
2017-11-14,7.228842280527911,1.0199449015821789
2017-11-15,9.258723452579915,2.196913266010427
2017-11-16,10.665738677326607,3.406745467627024
2017-11-17,12.082238487753653,4.6461016133593995
2017-11-18,14.932652394332795,6.115608867784171
2017-11-19,18.09893770064247,7.827512986763928
2017-11-20,21.99503255069225,9.851444353039403
2017-11-21,23.72488145331325,11.833363938792811
2017-11-22,26.919757237237494,13.988562981427766
2017-11-23,32.254632264661595,16.59800145046117
2017-11-24,40.24309484786963,19.975871935805237
2017-11-25,44.71796882110795,23.510457205134195
2017-11-26,48.20537189404485,27.03830216069286
2017-11-27,51.049353899735166,30.46845240912748
2017-11-28,51.82537776759112,33.51944174605086
2017-11-29,47.08846550630236,35.45787371180107
2017-11-30,44.023659631596594,36.681557414629005
2017-12-01,42.830812486738616,37.56002242493038
2017-12-02,41.72082103605219,38.154422226519216
2017-12-03,41.07845489027328,38.57214117848409
2017-12-04,40.69357221677114,38.87520275538224
2017-12-05,39.33305886551424,38.94061077111538
2017-12-06,35.44360088194744,38.44103792980568
2017-12-07,32.0668889970382,37.53044522512461
2017-12-08,31.187866628865667,36.62436256851619
2017-12-09,31.65918932445051,35.91505210507824
2017-12-10,27.96754024048083,34.77969326727861
2017-12-11,28.657845806843596,33.90514363007361
2017-12-12,37.29991717959345,34.390111280005016
2017-12-13,43.18139027901786,35.64600827986399
2017-12-14,46.797137248413975,37.239026703942564
2017-12-15,48.68850643454728,38.874666665457525
2017-12-16,50.291855317246785,40.50569361571314
2017-12-17,52.25654324263515,42.18438641955915
2017-12-18,55.02479594256551,44.01873063713148
2017-12-19,57.799611943730916,45.98742796664569
2017-12-20,58.01041508749279,47.70499755533814
2017-12-21,57.926655194951685,49.16523436099722
2017-12-22,50.52995511714641,49.36019446901853
2017-12-23,46.01602962158691,48.882456633671154
2017-12-24,40.66465850664336,47.708485472667185
2017-12-25,37.80021532559225,46.29301830879934
2017-12-26,35.9301172265863,44.812603868483194
2017-12-27,34.0348338570391,43.2729224382769
2017-12-28,31.375360733686726,41.57327076619259
2017-12-29,30.04631354432021,39.9265625916394
2017-12-30,27.450246786510988,38.144231762335345
2017-12-31,26.14674563486406,36.43030517269659
2018-01-01,25.47948962240269,34.86590295122603
2018-01-02,27.778637901831246,33.85343651559821
2018-01-03,31.441960634622227,33.50893996117307
2018-01-04,34.38580861537281,33.634206911773035
2018-01-05,36.79161603399125,34.08526535780421
2018-01-06,39.64982384619879,34.880202284717726
2018-01-07,43.68557486963509,36.13811265399164
2018-01-08,47.2867225914417,37.73077121648451
2018-01-09,52.33534808396238,39.81713934040992
2018-01-10,53.52178471778929,41.77494582289269
2018-01-11,50.11510100881171,42.96639656373827
2018-01-12,49.329854267566525,43.875461949999455
2018-01-13,50.258016008067656,44.78725538686634
2018-01-14,50.29552601817339,45.57415119133878
2018-01-15,47.69005855861893,45.8764236723788
2018-01-16,39.168614689104196,44.918165246196715
2018-01-17,31.829848929591932,43.04840577239603
2018-01-18,26.520685715586787,40.68730290713757
2018-01-19,22.633918242673765,38.10824795507131
2018-01-20,21.39297042324127,35.720351164809884
2018-01-21,18.010910868932843,33.19043112254174
2018-01-22,14.465049712174777,30.51537663534646
2018-01-23,11.582385641070093,27.810663636164122
2018-01-24,10.27357491270449,25.305365247098464
2018-01-25,9.16483889689105,22.999575768497408
2018-01-26,8.203707234083124,20.885880263581083
2018-01-27,8.291469114056303,19.08667867079183
2018-01-28,10.399911921082849,17.845711992261975
2018-01-29,11.00943044164381,16.869100342173667
2018-01-30,9.27627253345038,15.784410655213197
2018-01-31,8.644959469916076,14.76448905731361
2018-02-01,6.644959038424311,13.604556197472283
2018-02-02,3.0765847687100285,12.100560279077675
2018-02-03,1.1280406596265502,10.533057476298943
2018-02-04,-2.556235280130789,8.663158511094696
2018-02-05,-7.717348011113885,6.323086150779186
2018-02-06,-9.886823774607278,4.007384732866834
2018-02-07,-12.040244318639337,1.7148662969373811
2018-02-08,-12.7331131409944,-0.3491307656243017
2018-02-09,-12.100530381203681,-2.0279021392784986
2018-02-10,-11.92373553547171,-3.4415926244489574
2018-02-11,-12.292501882375875,-4.706008232724232
2018-02-12,-11.625865517074875,-5.694559273345752
2018-02-13,-11.48684856431906,-6.522029172056224
2018-02-14,-9.888124118983058,-7.002899878760058
2018-02-15,-8.41808092464346,-7.205068599600544
2018-02-16,-7.032418868771995,-7.180404352339323
2018-02-17,-5.207510741165316,-6.898562407885894
2018-02-18,-4.722816149350898,-6.587741513809466
2018-02-19,-3.8893805913261215,-6.202261382026132
2018-02-20,-4.14380998258587,-5.908196896391809
2018-02-21,-5.1742911772682225,-5.803353222231297
2018-02-22,-6.640899621181442,-5.923002707795604
2018-02-23,-6.816280442819089,-6.050613812798959
2018-02-24,-7.370297435581603,-6.239140044625051
2018-02-25,-7.644484926429022,-6.439903599168476
2018-02-26,-7.332778066084215,-6.567457094442154
2018-02-27,-6.854150732993609,-6.608413328520933
2018-02-28,-6.952770990892128,-6.657607280288247
2018-03-01,-6.5847362972224035,-6.64719713985027
2018-03-02,-6.589808848861269,-6.638998812566127
2018-03-03,-6.616920676723301,-6.635844793160009
2018-03-04,-6.4506911843127765,-6.609394277610406
2018-03-05,-6.552647838700081,-6.60128764348036
2018-03-06,-7.686781797290497,-6.756358236881808
2018-03-07,-10.2711703645433,-7.2584742551191646
2018-03-08,-13.785291352021513,-8.190876697533787
2018-03-09,-15.758815981969851,-9.272010881024652
2018-03-10,-18.394113550917147,-10.57516840529501
2018-03-11,-19.317492320205833,-11.824071821710843
2018-03-12,-20.597191936273422,-13.077374695219785
2018-03-13,-21.812612797646235,-14.325265852709279
2018-03-14,-24.712285958493965,-15.809125867821377
2018-03-15,-27.064728683413247,-17.417069127191645
2018-03-16,-29.141706714032477,-19.092017353883193
2018-03-17,-32.078085398721335,-20.947169931717212
2018-03-18,-34.7373878245008,-22.917201059257724
2018-03-19,-36.3656906990494,-24.83841386494225
2018-03-20,-37.44832921818997,-26.63983034397764
2018-03-21,-38.26536723650213,-28.300621328623997
2018-03-22,-39.366461746324504,-29.881455674009786
2018-03-23,-40.32934481014512,-31.374011264886263
2018-03-24,-41.43943218831954,-32.811928539662446
2018-03-25,-42.452289992078335,-34.189123032864714
2018-03-26,-44.09554058446932,-35.6043255402368
2018-03-27,-46.400049121987216,-37.14657176620115
2018-03-28,-48.41970388701205,-38.75701921203128
2018-03-29,-51.42685259493329,-40.566995409588706
2018-03-30,-53.359360609347895,-42.39447615241145
2018-03-31,-54.79110429796031,-44.16542303034701
2018-04-01,-56.310374764595714,-45.90041613523968
2018-04-02,-57.16976779745057,-47.51032351555553
2018-04-03,-55.47434132710248,-48.64804034577652
2018-04-04,-54.89428080272479,-49.54036041105485
2018-04-05,-54.11060284168398,-50.19325218685901
2018-04-06,-53.76358999017603,-50.70330044447573
2018-04-07,-52.348703350876775,-50.93835800253303
2018-04-08,-50.025884981040285,-50.80800471374835
2018-04-09,-48.19983116851024,-50.435408493000054
2018-04-10,-45.31819433905393,-49.70437789957918
2018-04-11,-41.650561723531176,-48.55383273157232
2018-04-12,-33.8312468365296,-46.45060617513765
2018-04-13,-27.484334042243844,-43.741138727581394
2018-04-14,-21.92135674907372,-40.624027016366014
2018-04-15,-15.587654590515138,-37.04740238410161
2018-04-16,-11.49262409732785,-33.396719771705364
2018-04-17,-8.654617358797832,-29.862133712718578
2018-04-18,-4.995882378377341,-26.309812093526975
2018-04-19,0.30099878711394745,-22.508267682006846
2018-04-20,7.04054344777277,-18.287008949181185
2018-04-21,11.562376170364441,-14.022811074960384
2018-04-22,15.805554198403687,-9.761616035908375
2018-04-23,20.06717008887107,-5.500360875225598
2018-04-24,25.887667548933795,-1.0163568146314002
2018-04-25,24.60942828691419,2.644469628446541
2018-04-26,25.340798661386614,5.88680234743798
2018-04-27,25.15283023772414,8.639092046050289
2018-04-28,26.09904588336431,11.133371165666578
2018-04-29,26.995408849649966,13.399376549092775
2018-04-30,26.552294943266244,15.278364891117556
2018-05-01,26.342926321515122,16.859016524031496
2018-05-02,26.646614414832616,18.257244794145944
2018-05-03,29.668965663936998,19.887490632687523
2018-05-04,32.12911806089937,21.636294551003502
2018-05-05,34.81589093802305,23.51909403486344
2018-05-06,35.46855342419125,25.22615966191027
2018-05-07,33.964173783232226,26.474447393527694
2018-05-08,32.88269357684663,27.389911134001828
2018-05-09,31.833895215669944,28.02476600281156
2018-05-10,29.76879845081621,28.273913495383653
2018-05-11,25.63189278953304,27.896481965976424
2018-05-12,22.518582351517463,27.12821059248229
2018-05-13,21.5047335755119,26.324856732915094
2018-05-14,20.44139614300006,25.484362362927236
2018-05-15,18.56812875582169,24.49632899048359
2018-05-16,16.989503443279045,23.423925340882942
2018-05-17,13.805045970395605,22.049799716527613
2018-05-18,12.210111803117409,20.64413001461187
2018-05-19,10.923377060751777,19.25545102120329
2018-05-20,10.669324531795361,18.028861522716443
2018-05-21,9.659490595299244,16.833237104513987
2018-05-22,6.11471846144945,15.302020155504769
2018-05-23,0.23352185747514295,13.149377541500538
2018-05-24,-3.2721774683203897,10.80344111152612
2018-05-25,-6.917189120414724,8.271922506963143
2018-05-26,-9.50615783221043,5.732196744224062
2018-05-27,-12.124088488509338,3.181298853833577
2018-05-28,-16.37528541524152,0.3875011011085636
2018-05-29,-17.123806675142607,-2.114114295498746
2018-05-30,-17.95431593309234,-4.377000243726402
2018-05-31,-17.664008362608328,-6.275144260709535
2018-06-01,-17.263154592388037,-7.844860022377892
2018-06-02,-16.277347271354795,-9.04950105794602
2018-06-03,-14.132839184339725,-9.775692218859408
2018-06-04,-13.48595336422242,-10.305729525339839
2018-06-05,-12.094061040888406,-10.561205456132491
2018-06-06,-11.035257869600677,-10.62892722948509
2018-06-07,-10.298387713220977,-10.581707298590217
2018-06-08,-9.77114464638126,-10.465912633988937
2018-06-09,-9.512871845630416,-10.329763949937721
2018-06-10,-12.62865127224919,-10.658176424553647
2018-06-11,-14.661384023836787,-11.23006322445124
2018-06-12,-17.94642514419306,-12.189543498700072
2018-06-13,-21.167072319841953,-13.472047616006057
2018-06-14,-21.12189503762531,-14.564882961951666
2018-06-15,-22.28130707782728,-15.66722926421961
2018-06-16,-22.54525296235863,-16.64980407823947
2018-06-17,-22.811205729338482,-17.53000431411076
2018-06-18,-21.758949977200913,-18.134139408837925
2018-06-19,-19.7000224436686,-18.357836985242308
2018-06-20,-18.107656786136456,-18.322096956798614
2018-06-21,-17.208054618331573,-18.162948051303324
2018-06-22,-19.119040035898365,-18.29953262053119
2018-06-23,-19.879580453243953,-18.525253739490154
2018-06-24,-21.329595079977597,-18.92587393098836
2018-06-25,-22.188902785162814,-19.39202091015614
2018-06-26,-23.946372853922256,-20.042642616408443
2018-06-27,-24.76563738774318,-20.71735615517055
2018-06-28,-26.28652288647345,-21.512951402499535
2018-06-29,-26.379929511498844,-22.20823398949944
2018-06-30,-25.446566933937675,-22.67085298156205
2018-07-01,-24.681839110793554,-22.958136714309408
2018-07-02,-22.399749889484085,-22.878367167905793
2018-07-03,-21.161321614745788,-22.633074946025793
2018-07-04,-19.874550276123664,-22.238999993182635
2018-07-05,-18.715477900111306,-21.735639694172445
2018-07-06,-17.639591579756207,-21.150489963541553
2018-07-07,-15.857204500684723,-20.394306325990577
2018-07-08,-13.941967914102463,-19.472543695720848
2018-07-09,-13.150006363706307,-18.56932407686163
2018-07-10,-14.725096743595087,-18.02014874353784
2018-07-11,-14.976895415716246,-17.585398268134753
2018-07-12,-16.460353449139927,-17.42467757970692
2018-07-13,-17.058109747676323,-17.37231074655969
2018-07-14,-17.33610224920069,-17.367138104079835
2018-07-15,-16.351712338308637,-17.22207728039824
2018-07-16,-13.234528257628424,-16.652427420002553
2018-07-17,-9.031124258960002,-15.563669825567903
2018-07-18,-7.020553196019073,-14.343224592775213
2018-07-19,-6.121262750480001,-13.16865861530447
2018-07-20,-6.761470093958762,-12.25334596939794
2018-07-21,-6.2058702194514135,-11.389420862262721
2018-07-22,-6.079285970064196,-10.630830163377217
2018-07-23,-6.514256267349331,-10.042748178230378
2018-07-24,-4.699971852048753,-9.279494417347289
2018-07-25,-3.614649462690943,-8.470230852396384
2018-07-26,-3.375203948072143,-7.742369866064349
2018-07-27,-2.744057174048779,-7.028325195776412
2018-07-28,-2.3686823789513896,-6.362661936229981
2018-07-29,-2.0863545921824724,-5.751760887080337
2018-07-30,-2.687468484793393,-5.3140048296107745
2018-07-31,-5.023395432592165,-5.27248920146526
2018-08-01,-7.880776115841666,-5.645101617804746
2018-08-02,-10.795428333372676,-6.380862577171594
2018-08-03,-12.603452283733876,-7.269803963823349
2018-08-04,-14.869372700597758,-8.355456640505407
2018-08-05,-16.48346706504472,-9.516600986868166
2018-08-06,-18.08266276506303,-10.740324098038862
2018-08-07,-21.323570100133114,-12.252216384052327
2018-08-08,-25.566561197387323,-14.154265643100183
2018-08-09,-27.73842266400097,-16.094859503228868
2018-08-10,-31.55034976994156,-18.302786684187826
2018-08-11,-34.923375759224726,-20.677156552050242
2018-08-12,-37.8296896837874,-23.127518428012696
2018-08-13,-41.815123919712576,-25.797176355398392
2018-08-14,-45.26711943040216,-28.578596794684646
2018-08-15,-47.381106221018655,-31.26466956987522
2018-08-16,-48.49985214263199,-33.72683850884047
2018-08-17,-45.832312432710964,-35.456191926536256
2018-08-18,-44.61898724525701,-36.76516268635351
2018-08-19,-43.129854086106626,-37.67440431488968
2018-08-20,-43.2602446329676,-38.472381503186526
2018-08-21,-42.30271047892204,-39.019571356863025
2018-08-22,-42.04766015847462,-39.45215547137897
2018-08-23,-41.26746084560357,-39.71148481055392
2018-08-24,-39.908205889501566,-39.73958782183216
2018-08-25,-38.96447697804314,-39.62885770129087
2018-08-26,-38.4507979329061,-39.46056344866447
2018-08-27,-36.75095089860054,-39.073475941512484
2018-08-28,-33.90304711958398,-38.33484325266556
2018-08-29,-32.041552757807644,-37.43580175340014
2018-08-30,-30.799853495847405,-36.487809145178325
2018-08-31,-29.876924874359442,-35.54339710648991
2018-09-01,-27.572644630743827,-34.40471818138333
2018-09-02,-25.742286892686295,-33.16722799728375
2018-09-03,-24.58945856372731,-31.941832363918547
2018-09-04,-23.877935476874733,-30.78984709434086
2018-09-05,-27.186604398471502,-30.275098137788095
2018-09-06,-30.112688252642943,-30.251896725624505
2018-09-07,-33.34196208049025,-30.69333463346247
2018-09-08,-37.045786641829494,-31.600827777514905
2018-09-09,-39.999231918875466,-32.800599797709275
2018-09-10,-42.28464957401458,-34.15546405146718
2018-09-11,-44.79661310937043,-35.675628202596215
2018-09-12,-46.920068371741614,-37.28197679818842
2018-09-13,-44.24359874725901,-38.27649421948422
2018-09-14,-42.18030369139467,-38.834181286900005
2018-09-15,-38.949587892133785,-38.850667944790544
2018-09-16,-36.5277223470366,-38.518818573682836
2018-09-17,-36.08503842529041,-38.171135695341064
2018-09-18,-33.999044630363855,-37.575122686058606
2018-09-19,-32.37406130836984,-36.83211391781735
2018-09-20,-29.122058028003448,-35.730677362129654
2018-09-21,-23.584026237194617,-33.99544148713893
2018-09-22,-19.768996104769325,-31.963092146800417
2018-09-23,-16.21685815938434,-29.71363014859812
2018-09-24,-14.816510858016366,-27.585470249943587
2018-09-25,-14.578279484057651,-25.727300140531312
2018-09-26,-14.610996891401852,-24.139256819227107
2018-09-27,-13.09044442157736,-22.56085504813429
2018-09-28,-12.527254901217916,-21.12748359857481
2018-09-29,-10.898270295589578,-19.666167412434064
2018-09-30,-9.48170625381563,-18.21124438977429
2018-10-01,-8.540527438951951,-16.829713396799672
2018-10-02,-8.214628005868423,-15.598986912380923
2018-10-03,-8.588183954557953,-14.597443632691927
2018-10-04,-8.65892296012988,-13.749083536611636
2018-10-05,-8.009794833310272,-12.929185150425727
2018-10-06,-7.782228899355036,-12.193905685987058
2018-10-07,-7.495109455537521,-11.522649081637125
2018-10-08,-6.802476885634659,-10.848338767922488
2018-10-09,-6.369750499291547,-10.208540443832355
2018-10-10,-6.354829510599181,-9.65801031051333
2018-10-11,-10.640887995255266,-9.798421408333606
2018-10-12,-13.457506303122257,-10.321147821874844
2018-10-13,-15.33246827748284,-11.037050744104558
2018-10-14,-17.399118722230618,-11.945917598122568
2018-10-15,-16.92339940022171,-12.656986426993875
2018-10-16,-16.400539813091015,-13.191779767864896
2018-10-17,-16.230962845968392,-13.625948779022538
2018-10-18,-16.654483131607833,-14.05859654367758
2018-10-19,-16.810858699887547,-14.451776851707578
2018-10-20,-16.492352989902685,-14.743287728592593
2018-10-21,-16.28225903919631,-14.963140772964554
2018-10-22,-16.275536940943123,-15.150625939818637
2018-10-23,-16.24538068980744,-15.307019475531323
2018-10-24,-16.305332231344607,-15.44963558350465
2018-10-25,-16.467830223365553,-15.595091960627638
2018-10-26,-16.430193166704097,-15.714392132924276
2018-10-27,-16.20054681956827,-15.783842802444848
2018-10-28,-15.73173923113269,-15.776399435114541
2018-10-29,-16.911604741765142,-15.938571621778914
2018-10-30,-17.538307250077608,-16.167105282964442
2018-10-31,-17.70976220359899,-16.387484843055095
2018-11-01,-17.575536511152567,-16.557206509926164
2018-11-02,-16.81777166554848,-16.594430103586497
2018-11-03,-16.518037409736408,-16.58351686160791
2018-11-04,-12.437050684671084,-15.991164550616938
2018-11-05,-9.611823834161912,-15.079830162551934
2018-11-06,-4.238288370954501,-13.531038478038015
2018-11-07,-0.36490810711035226,-11.650162710762636
2018-11-08,0.9547944951643869,-9.849454538487347
2018-11-09,1.2662711955866268,-8.261493719333924
2018-11-10,2.2055873003903397,-6.7661964308018865
2018-11-11,2.5181155481517004,-5.439866148094231
2018-11-12,2.5398355969504003,-4.299908755944998
2018-11-13,1.1427225877005731,-3.52238999256706
2018-11-14,-7.507525168982462,-4.09169501776926
2018-11-15,-13.473176035472918,-5.431906591726926
2018-11-16,-19.140968096172987,-7.390343949504935
2018-11-17,-23.335328338036952,-9.668198862152366
2018-11-18,-25.77943667373801,-11.969804263807458
2018-11-19,-32.56914403113444,-14.912567087711313
2018-11-20,-40.20468479379633,-18.525726760009174
2018-11-21,-43.035072745631346,-22.027061900812342
2018-11-22,-46.10485717205608,-25.466746939561446
2018-11-23,-48.656680575479214,-28.779594601835413
2018-11-24,-51.46667459817034,-32.02060602988326
2018-11-25,-52.72595146856567,-34.978512521123605
2018-11-26,-54.352706130347464,-37.74625446529844
2018-11-27,-54.82256874854883,-40.18572793433422
2018-11-28,-52.12005177071641,-41.89063133953167
2018-11-29,-50.388061359747006,-43.10454991384815
2018-11-30,-49.430156135906685,-44.0082079455708
2018-12-01,-47.37352979392214,-44.48896820962099
2018-12-02,-45.920933745814274,-44.69353471479146
2018-12-03,-45.4237887013995,-44.79785671287832
2018-12-04,-44.79169069125878,-44.79697585264696
2018-12-05,-44.95615367849901,-44.8197155420544
2018-12-06,-46.04498197009764,-44.994753603203435
2018-12-07,-46.58797028029841,-45.22235598564558
2018-12-08,-47.16974768770967,-45.50055480022617
2018-12-09,-47.02540471873412,-45.718390502870164
2018-12-10,-47.25494831948317,-45.93789876238631
2018-12-11,-47.65823743736951,-46.18366143024106
2018-12-12,-47.515324653454854,-46.37389903355732
2018-12-13,-47.78604462522045,-46.57563411808063
2018-12-14,-48.21500915368002,-46.80983055173769
2018-12-15,-48.60361585338229,-47.06608559482978
2018-12-16,-48.62910926712439,-47.289374690871874
2018-12-17,-45.38101080369681,-47.0167512784183
2018-12-18,-40.65691746877214,-46.10820359132599
2018-12-19,-36.838561040692426,-44.783968941235486
2018-12-20,-29.41900852236111,-42.588974595682004
2018-12-21,-24.60442845124942,-40.01975371790593
2018-12-22,-18.818831748801124,-36.99105057946238
2018-12-23,-10.731504819636205,-33.23968689948722
2018-12-24,-2.270921604734491,-28.815577571665404
2018-12-25,1.5175501893917367,-24.4822736058001
2018-12-26,4.782756211868594,-20.30155506041886
2018-12-27,4.035135589803941,-16.82488496752989
2018-12-28,7.072813466198156,-13.410928048425884
2018-12-29,10.020122111126875,-10.063635168489776
2018-12-30,11.898490388024177,-6.926188660416356
2018-12-31,11.939553592329982,-4.231082624309737
2019-01-01,13.145764364801106,-1.7486759115796169
2019-01-02,16.11801060234326,0.8037078761236514
2019-01-03,17.059172502519672,3.12591710846594
2019-01-04,18.569430467417043,5.332133302601813
2019-01-05,19.84819445892598,7.405856324933836
2019-01-06,21.062079371944748,9.35674533164968
2019-01-07,21.0101040709657,11.021510865837683
2019-01-08,20.727022541409898,12.408012533776573
2019-01-09,20.566378031135685,13.573493319113588
2019-01-10,16.15463552625826,13.942227920134258
2019-01-11,12.32024282927296,13.71051576429693
2019-01-12,9.126228283879039,13.05561755280866
2019-01-13,4.983073040693791,11.902396908220823
2019-01-14,3.662087566491333,10.725209859402325
2019-01-15,1.315697588312626,9.380993820675226
2019-01-16,-0.2094896626176486,8.010924751633388
2019-01-17,-1.4002135801260727,6.666476418524894
2019-01-18,-2.881685927868744,5.302453226182947
2019-01-19,-3.4088853555301273,4.0579762859382225
2019-01-20,-4.816758103872188,2.7901570873938786
2019-01-21,-6.234550491625019,1.500913147534036
2019-01-22,-7.021259637646028,0.2834598925083127
2019-01-23,-7.958692240461846,-0.8939904122017099
2019-01-24,-8.745185490816633,-2.015589709146699
2019-01-25,-9.655226394421131,-3.106966378471618
2019-01-26,-10.417037159719591,-4.151262204364186
2019-01-27,-11.67944752103529,-5.226717249602915
2019-01-28,-13.932384902299972,-6.470384057131066
2019-01-29,-16.10596141910656,-7.846895108841851
2019-01-30,-17.00865962311988,-9.15571861088157
2019-01-31,-18.149463254426838,-10.440539274245179
2019-02-01,-18.85074191466272,-11.641996794304829
2019-02-02,-18.85653901344186,-12.672645682752977
2019-02-03,-19.407554426986817,-13.634775503357812
2019-02-04,-19.87359636815157,-14.526035626899777
2019-02-05,-20.235620206736794,-15.341690566876494
2019-02-06,-21.19499771349117,-16.177877302107163
2019-02-07,-22.040512289195604,-17.01539658597694
2019-02-08,-17.366039101193618,-17.065488373865037
2019-02-09,-13.405448775556398,-16.542625574106662
2019-02-10,-8.287837583229544,-15.363370146838504
2019-02-11,-5.338449573266749,-13.931238636328255
2019-02-12,-2.6187612812074454,-12.315170442739568
2019-02-13,-0.4564658027182527,-10.62106977987938
2019-02-14,0.9911369981981526,-8.962183097296876
2019-02-15,2.4192564108200267,-7.336263167565891
2019-02-16,4.1004893970295155,-5.70244137262369
2019-02-17,9.100585177462447,-3.5877232940399573
2019-02-18,16.434732207726427,-0.7273725080733313
2019-02-19,21.461573267877387,2.442476888491057
2019-02-20,26.328843661683134,5.854814998947068
2019-02-21,28.62251117263269,9.1073430237593
2019-02-22,31.171829661839304,12.259412543485016
2019-02-23,35.30988422885791,15.55233706996686
2019-02-24,29.77491683531937,17.584134179302932
2019-02-25,26.409053809606533,18.844836983632018
2019-02-26,23.25233612840489,19.47447971859957
2019-02-27,20.35060957886528,19.599641127208958
2019-02-28,18.269940936353564,19.40968395708676
2019-03-01,16.649839045550404,19.015420398295852
2019-03-02,14.556877419868966,18.378485687092013
2019-03-03,12.114270551195924,17.48359781053543
2019-03-04,8.82411852749862,16.24652934153017
2019-03-05,8.711633776176724,15.170115689336821
2019-03-06,8.970051587001596,14.284392246146075
2019-03-07,8.882049816354565,13.512629041890145
2019-03-08,7.758037713917355,12.690544566465462
2019-03-09,7.791719493027604,11.990712413117198
2019-03-10,7.51074690798784,11.350717340955862
2019-03-11,6.367263544168501,10.63879536998624
2019-03-12,5.590402185824433,9.917596343677411
2019-03-13,4.481957623230052,9.141076526470647
2019-03-14,3.606177809494417,8.350376709759757
2019-03-15,4.108564791707263,7.744403578609401
2019-03-16,5.976242754024329,7.491809175097249
2019-03-17,6.689945179256589,7.377257175691441
2019-03-18,6.914346392055467,7.311127063743445
2019-03-19,7.3577326069770725,7.317784998491106
2019-03-20,7.958892852440342,7.409371834769569
2019-03-21,6.969841469402888,7.346581782574329
2019-03-22,6.5708107811845755,7.235757353804365
2019-03-23,6.430895478720453,7.120777085935234
2019-03-24,5.903621704527906,6.946897745734187
2019-03-25,4.538228086783426,6.602802080169793
2019-03-26,3.417346028594552,6.147736929944759
2019-03-27,4.784509084310953,5.952990094854215
2019-03-28,5.112881894487912,5.83297463765903
2019-03-29,7.2879639172415756,6.040830249027965
2019-03-30,8.921727825371386,6.452387045648455
2019-03-31,9.880458075600565,6.942111478498756
2019-04-01,10.679410915401085,7.476011398056231
2019-04-02,19.807968651539117,9.237719577125215
2019-04-03,23.829884965225503,11.322314632568114
2019-04-04,25.65306705959578,13.369564979286352
2019-04-05,29.000302457986635,15.602527476243537
2019-04-06,31.22298094861123,17.834020829438924
2019-04-07,34.831488378487094,20.26223047930295
2019-04-08,38.71690728701351,22.898612880404457
2019-04-09,39.609732023450704,25.28591561512535
2019-04-10,40.54323662150993,27.46553290175172
2019-04-11,36.59460436243338,28.769685967563387
2019-04-12,33.402139269503664,29.431465010697714
2019-04-13,30.66850204630392,29.608184587212886
2019-04-14,29.253930038835236,29.557576794587508
2019-04-15,25.599053977759297,28.99207353504062
2019-04-16,23.973116025037413,28.275079605040165
2019-04-17,22.611689855812497,27.466023926579073
2019-04-18,22.98210738550845,26.825464420711842
2019-04-19,23.294946657006793,26.32110474018255
2019-04-20,23.404902583365683,25.904504432065856
2019-04-21,22.420704249788194,25.406818691740476
2019-04-22,21.958614771771348,24.914218131744885
2019-04-23,21.36603491909728,24.407334815652373
2019-04-24,18.905875368215973,23.621412037447172
2019-04-25,12.65659314865339,22.055009339048063
2019-04-26,8.021435870357509,20.050213129235125
2019-04-27,5.064655814004355,17.909419227059303
2019-04-28,1.9914435182748391,15.63542269723295
2019-04-29,-0.6859574508861699,13.303796961787363
2019-04-30,-0.742085977547854,11.297242256168047
2019-05-01,-1.2683175048571584,9.502162290307306
2019-05-02,-1.411982224688335,7.942998788165072
2019-05-03,0.08160776345528427,6.819942927492246
2019-05-04,0.5068369345128848,5.918070642780909
2019-05-05,0.6877124079926893,5.170876609239734
2019-05-06,3.9137776157638524,4.99129103874318
2019-05-07,5.830623256646323,5.111195641300771
2019-05-08,7.205874556765896,5.410435486367218
2019-05-09,8.514432625268745,5.853863649067437
2019-05-10,10.137667658493212,6.465835650413976
2019-05-11,18.48674253274819,8.183108062176007
2019-05-12,20.346592696530173,9.920748724226602
2019-05-13,23.393459941255603,11.845421755230745
2019-05-14,29.461493915999657,14.36200349248345
2019-05-15,37.84588387765544,17.71684354750802
2019-05-16,44.80815949678724,21.587031540262196
2019-05-17,44.1536452965692,24.81083350544891
2019-05-18,42.0461773100757,27.273025477538454
2019-05-19,42.88264085243019,29.502970531094416
2019-05-20,41.61386018874619,31.23309762504467
2019-05-21,41.04422430710859,32.634687151053804
2019-05-22,38.48051475898822,33.46980538075872
2019-05-23,36.66215278430278,33.92585500983645
2019-05-24,35.4923437740189,34.14963911900537
2019-05-25,34.81113125791382,34.24413799599229
2019-05-26,35.55806883811595,34.431842402009956
2019-05-27,36.47766040436451,34.72410211663204
2019-05-28,36.98156624154514,35.04659699161962
2019-05-29,37.0713452096085,35.33584673704661
2019-05-30,34.59966365488628,35.23067772530942
2019-05-31,33.62537666733131,35.00134900274112
2019-06-01,32.608639154878816,34.65953331018937
2019-06-02,32.19698947746589,34.30774133408602
2019-06-03,28.723878367322122,33.51004662454832
2019-06-04,24.133189717362963,32.170495637807555
2019-06-05,21.18207435287524,30.60072116853151
2019-06-06,18.948426259811097,28.93610761014288
2019-06-07,17.425411143019506,27.291722400553827
2019-06-08,15.334437090446379,25.583538784824192
2019-06-09,11.607578483826146,23.58697302753876
2019-06-10,10.455102329909538,21.710991499306015
2019-06-11,9.406880310736225,19.953261329510333
2019-06-12,10.204488225815133,18.560579457553878
2019-06-13,10.215888339177857,17.368480726357305
2019-06-14,11.329061554219752,16.505706558909086
2019-06-15,12.716707346546736,15.964420957143037
2019-06-16,13.930847702175742,15.67391049214771
2019-06-17,15.37576814458911,15.631318728210768
2019-06-18,14.966920556263197,15.53640470364683
2019-06-19,15.25491923755202,15.496192494204715
2019-06-20,15.874203667432242,15.550194090380076
2019-06-21,19.05687641275431,16.05114870786211
2019-06-22,23.002147377391076,17.044148517794824
2019-06-23,25.830164610994995,18.299293673966275
2019-06-24,28.412115703183776,19.743982535283063
2019-06-25,31.119153632516184,21.369006977744938
2019-06-26,34.965990420034096,23.311433183786246
2019-06-27,30.55685949414013,24.346494085265377
2019-06-28,28.81863998036132,24.985372070279084
2019-06-29,28.340250072625775,25.464640356328612
2019-06-30,24.018249421431296,25.25801307991471
2019-07-01,21.044679832387747,24.656108330268
2019-07-02,18.355656967601394,23.756043849887057
2019-07-03,17.308693102768732,22.834993743155866
2019-07-04,14.185294450442527,21.59932241562539
2019-07-05,12.180428696913127,20.25376617009507
2019-07-06,10.533979533420474,18.8652252219987
2019-07-07,11.018426624228296,17.744253993745787
2019-07-08,12.06537598356805,16.93298570657754
2019-07-09,12.306356299630128,16.272038648442198
2019-07-10,10.18514202962602,15.402481988611317
2019-07-11,6.13155144943922,14.078063340158161
2019-07-12,3.8070174895977673,12.610771075792393
2019-07-13,1.2349703961251313,10.985656692982785
2019-07-14,-4.561643528935771,8.764613804137278
2019-07-15,-8.924681328381409,6.237571642348895
2019-07-16,-14.950096111487461,3.210761963229416
2019-07-17,-18.20472807942271,0.15140624285054072
2019-07-18,-18.923851710514253,-2.5736306076301436
2019-07-19,-19.923595328856297,-5.052196996376737
2019-07-20,-19.674587823361374,-7.141109971660257
2019-07-21,-19.835317231768553,-8.954568151675728
2019-07-22,-20.582112677738575,-10.615645941113279
2019-07-23,-21.51443960009291,-12.172616463824657
2019-07-24,-21.772393612692444,-13.544013199377199
2019-07-25,-21.666653944349758,-14.704390448658993
2019-07-26,-21.59939073115138,-15.689390489015048
2019-07-27,-22.52153952459364,-16.66541177981199
2019-07-28,-22.757918842412202,-17.53576993161202
2019-07-29,-22.962404075744395,-18.311003380773787
2019-07-30,-23.20230337674918,-19.009760523055988
2019-07-31,-22.30576793688819,-19.480618725032016
2019-08-01,-21.612588285731164,-19.785185805131896
2019-08-02,-20.974940710191138,-19.95515079156893
2019-08-03,-19.801547518662744,-19.933207466868048
2019-08-04,-18.645741786620857,-19.749283798261306
2019-08-05,-16.144988825903617,-19.234384516495922
2019-08-06,-14.798766454279171,-18.6007247933221
2019-08-07,-13.611072431220617,-17.88791731302189
2019-08-08,-13.307536472822012,-17.233577192993337
2019-08-09,-14.457840416395346,-16.837043367765055
2019-08-10,-15.869597745948566,-16.6988368503627
2019-08-11,-15.311802917019632,-16.500689145599406
2019-08-12,-15.505667641045331,-16.3585432163774
2019-08-13,-15.989786978157655,-16.30586375377458
2019-08-14,-19.374175522480297,-16.744194006446826
2019-08-15,-21.71584220806145,-17.454429463820343
2019-08-16,-23.89442845715697,-18.37442932001129
2019-08-17,-25.66598283258968,-19.416079821808204
2019-08-18,-25.190048900970325,-20.240932547402792
2019-08-19,-23.11858685446415,-20.65202601984013
2019-08-20,-22.24480766305055,-20.879566254584475
2019-08-21,-22.885591965397364,-21.166141356129177
2019-08-22,-22.339168372306656,-21.33371664415453
2019-08-23,-21.277190568532085,-21.325641490494185
2019-08-24,-20.89482000451196,-21.2640955639253
2019-08-25,-21.240328719891306,-21.260700300491873
2019-08-26,-21.043333039667786,-21.229647834659865
2019-08-27,-21.120305300283643,-21.21402747260612
2019-08-28,-23.12732084700077,-21.487355097519643
2019-08-29,-25.346620496902005,-22.03867872600284
2019-08-30,-27.18863169456263,-22.774386292939955
2019-08-31,-27.788985743831514,-23.490757643067322
2019-09-01,-28.41551540246224,-24.194294465838027
2019-09-02,-27.098438994737087,-24.60917225568075
2019-09-03,-25.85329043484385,-24.78690342413262
2019-09-04,-25.500142824080147,-24.88879476698227
2019-09-05,-25.23653004415842,-24.938471235150292
2019-09-06,-25.85825439980339,-25.069868830100734
2019-09-07,-23.93012924743344,-24.907048889719693
2019-09-08,-21.484944289218294,-24.41817680393378
2019-09-09,-19.52706489136731,-23.719446530709998
2019-09-10,-18.23571966421327,-22.936056978353324
2019-09-11,-17.45329086025842,-22.152804675768337
2019-09-12,-16.023206091079178,-21.27714773509846
2019-09-13,-14.636330124973854,-20.328459505080662
2019-09-14,-11.457842831987179,-19.061228551781596
2019-09-15,-8.592833898327706,-17.565743601288183
2019-09-16,-4.0102922697410275,-15.629250553924305
2019-09-17,2.753275804648628,-13.003175359842459
2019-09-18,8.386592393592256,-9.947494252208928
2019-09-19,15.238846971655914,-6.349445505942523
2019-09-20,19.249553621091504,-2.692445630651948
2019-09-21,21.86964980488917,0.816425145853926
2019-09-22,22.600784573422374,3.9284764926494185
2019-09-23,20.265594421522664,6.262350482488454
2019-09-24,9.78323520221118,6.765334013877416
2019-09-25,2.746461039359136,6.191209303231948
2019-09-26,-3.1139353378352794,4.86190292593663
2019-09-27,-5.868716399091064,3.3289573080755317
2019-09-28,-8.005737078014269,1.7097152529198463
2019-09-29,-10.36820901671808,-0.015702499885571486
2019-09-30,-10.151032607646492,-1.4636068009942744
2019-10-01,-10.475891173628309,-2.751075997084851
2019-10-02,-9.867195077982396,-3.767664437213072
2019-10-03,-10.292189374545094,-4.699739428260504
2019-10-04,-10.475052006198574,-5.5247840822516565
2019-10-05,-10.627333067617153,-6.253719651589585
2019-10-06,-11.879122379223015,-7.057348612680076
2019-10-07,-10.398613162108358,-7.534672119741259
2019-10-08,-9.275615104644745,-7.783378260441757
2019-10-09,-5.427482109717285,-7.446821667481118
2019-10-10,-2.9107584969068943,-6.798812643113372
2019-10-11,-2.9868190214282007,-6.2542421257297764
2019-10-12,-3.15804637962637,-5.811928447715004
2019-10-13,-3.0573688344502523,-5.418419931534325
2019-10-14,-1.92960651453707,-4.920018014820433
2019-10-15,-2.262438505179289,-4.540363799157412
2019-10-16,-3.5789018597466713,-4.403012093527307
2019-10-17,-4.194887659942936,-4.373280031586683
2019-10-18,-5.47709694968411,-4.530968162743458
2019-10-19,-6.823721919052605,-4.8585044136447655
2019-10-20,-7.105297028491094,-5.179474787194241
2019-10-21,-7.539272579263845,-5.516588757489899
2019-10-22,-8.509719471461212,-5.944178859485801
2019-10-23,-11.361508776174547,-6.718083133298479
2019-10-24,-13.731729031727259,-7.720032547359733
2019-10-25,-10.437620436524838,-8.108259388669035
2019-10-26,-8.201299257861043,-8.121550798553608
2019-10-27,-5.299694289169045,-7.7184284400701
2019-10-28,-3.3871456793752803,-7.099673759970841
2019-10-29,-0.05429195045006499,-6.093190644325016
2019-10-30,0.8940664236748981,-5.095011063182172
2019-10-31,1.451160444411463,-4.159843704954509
2019-11-01,2.0993639083817883,-3.2656711887636103
2019-11-02,2.5434950726396472,-2.4357902942774308
2019-11-03,2.652391688627317,-1.708907153862467
2019-11-04,3.68535797827229,-0.9382978492717874
2019-11-05,5.270366614202722,-0.051345783061143346
2019-11-06,7.120001611048818,0.9731324160974226
2019-11-07,7.365142497888301,1.8862767134961196
2019-11-08,6.822995648569272,2.591522275649427
2019-11-09,6.5994068149259695,3.1640772098317904
2019-11-10,7.421972473973704,3.7723479618520637
2019-11-11,6.763584487279681,4.1996674654845805
2019-11-12,6.774657204170461,4.567523142439707
2019-11-13,7.160863281471472,4.93800030515853
2019-11-14,6.487440213451222,5.159348863486058
2019-11-15,4.480275554464699,5.062338390768722
2019-11-16,3.4874718744068036,4.837357459859877
2019-11-17,3.1168882750920357,4.591576147750186
2019-11-18,1.0407796255913349,4.084319501727494
2019-11-19,-1.4320856095895333,3.296261628682205
2019-11-20,-3.749021140222481,2.2897926616958215
2019-11-21,-9.538197255809164,0.6000798163379668
2019-11-22,-16.75501081170169,-1.8792188448105556
2019-11-23,-21.292394215585908,-4.6525296120641775
2019-11-24,-26.98006623955353,-7.842177701705514
2019-11-25,-29.506827599546085,-10.93712768711131
2019-11-26,-30.947141861585987,-13.795701140607694
2019-11-27,-30.270390989118752,-16.14922826182356
2019-11-28,-30.14403722404253,-18.1484866849977
2019-11-29,-28.97372721491087,-19.69494961784244
2019-11-30,-28.452396490016095,-20.94601345672439
2019-12-01,-28.150874435589714,-21.97527931084801
2019-12-02,-28.342687249413224,-22.884909016357327
2019-12-03,-28.802196307230588,-23.730235772196366
2019-12-04,-29.52274888197503,-24.557737645021888
2019-12-05,-29.281330067456047,-25.232536562512482
2019-12-06,-28.830571754915532,-25.746541589998635
2019-12-07,-28.701104265964876,-26.168621972279528
2019-12-08,-27.302643320794193,-26.33062502206734
2019-12-09,-26.919076416385007,-26.414689506969868
2019-12-10,-26.98878092288018,-26.49670256638563
2019-12-11,-27.649925261483553,-26.661448665685334
2019-12-12,-27.52198772243601,-26.784382816649718
2019-12-13,-27.448365396920863,-26.879237470974168
2019-12-14,-28.083952598221618,-27.05133963200952
2019-12-15,-28.403269288246538,-27.24447244004338
2019-12-16,-31.21617890640768,-27.811859078095427
2019-12-17,-35.99338873612641,-28.980649029242713
2019-12-18,-34.34686183268079,-29.747250858305296
2019-12-19,-34.21277039072649,-30.385182220079756
2019-12-20,-33.957747922636315,-30.895548749016406
2019-12-21,-33.990613913031424,-31.337700915304268
2019-12-22,-31.99262212410837,-31.43126108799057
2019-12-23,-31.317972553128193,-31.415077011581662
2019-12-24,-30.822344409834994,-31.33040092561785
2019-12-25,-31.00849173780808,-31.284413898787886
2019-12-26,-30.986817246766524,-31.241900091356264
2019-12-27,-30.612462463705757,-31.151980430263336
2019-12-28,-29.53315707871518,-30.920719951470744
2019-12-29,-25.91831570517668,-30.206090773428738
2019-12-30,-23.82466617549197,-29.294458688009204
2019-12-31,-22.83411905612509,-28.371553026311478
2020-01-01,-21.45214655912872,-27.383066388142513
2020-01-02,-21.17545088736959,-26.496264173746383
2020-01-03,-18.137097698241135,-25.30209753438849
2020-01-04,-15.632088237014798,-23.920667634763678
2020-01-05,-13.250025014485718,-22.396290117581113
2020-01-06,-7.96629029435623,-20.334861571406133
2020-01-07,-4.04267016686336,-18.00740565647145
2020-01-08,-1.6824946659312143,-15.675275514965705
2020-01-09,-0.9222222150407389,-13.567696472119282
2020-01-10,1.7982486767532933,-11.372561450851773
2020-01-11,3.617640680674875,-9.231104003490824
2020-01-12,5.904112547357576,-7.068930210512482
2020-01-13,7.186407274048447,-5.032453427003778
2020-01-14,14.720344379272715,-2.2106251689642797
2020-01-15,20.116625060509566,0.9789820066748407
2020-01-16,23.518316306959157,4.198886906715457
2020-01-17,27.676438304292038,7.552822820654969
2020-01-18,31.670232366117165,10.998167041435284
2020-01-19,31.601921673883027,13.94156056035639
2020-01-20,31.57586704165693,16.460747200542183
2020-01-21,31.982171156932132,18.67809348002646
2020-01-22,31.7050771066753,20.539091140976296
2020-01-23,29.51104557688404,21.820798917534546
2020-01-24,27.77935082627689,22.672020618783456
2020-01-25,25.74880862402954,23.11156176239004
2020-01-26,25.522690342008957,23.456008702335602
2020-01-27,25.935907573872065,23.810279969697955
2020-01-28,27.401091001104557,24.323252974184616
2020-01-29,28.349850618780785,24.898481209126928
2020-01-30,31.072142945670095,25.78043288577595
2020-01-31,31.660284328642778,26.620411663328355
2020-02-01,32.778041112601805,27.500073013224565
2020-02-02,34.56748559242198,28.50970338168134
2020-02-03,36.15259347419229,29.601544823468622
2020-02-04,37.00994542688749,30.659887766814176
2020-02-05,40.6208507850283,32.08288248370191
2020-02-06,44.54277922410902,33.862867732331495
2020-02-07,48.863476222500836,36.00581180235569
2020-02-08,52.21738532301041,38.32175087673494
2020-02-09,55.297594035431516,40.74687132797731
2020-02-10,56.015722125448335,42.92813572761603
2020-02-11,57.96503754110963,45.07626455811512
2020-02-12,62.00922131025152,47.49525837984889
2020-02-13,64.91922225553772,49.984396076375866
2020-02-14,68.13415518068565,52.57721880556298
2020-02-15,64.30998217546332,54.25332785840588
2020-02-16,60.522930272792244,55.148985346175365
2020-02-17,58.135065535569304,55.5755682303745
2020-02-18,57.52453706953045,55.853992350253925
2020-02-19,51.75649554630905,55.268635663976085
2020-02-20,47.06346039248006,54.09646776804808
2020-02-21,44.12372826808107,52.67179069662422
2020-02-22,41.06662407051307,51.013909750036916
2020-02-23,39.79437188817491,49.41111862691377
2020-02-24,36.84264406967739,47.61562226159429
2020-02-25,31.781100899462277,45.35354778128972
2020-02-26,24.23656944436898,42.33683659030105
2020-02-27,18.65725852120605,38.95403972328748
2020-02-28,14.579267051947497,35.47192934166748
2020-02-29,10.190274573606452,31.860264374801623
2020-03-01,6.514419783807278,28.239429433231003
2020-03-02,5.031240689335467,24.923973898388788
2020-03-03,2.962225404523768,21.78658125640807
2020-03-04,1.2834174920300323,18.857557861496925
2020-03-05,0.37238250154564123,16.216818524361027
2020-03-06,1.7284862199526903,14.14705676658841
2020-03-07,1.9959209173176624,12.41118021669259
2020-03-08,-2.2681725303625795,10.314129824256138
2020-03-09,-5.80969649564675,8.010726064270013
2020-03-10,-8.475850641322548,5.655500820613934
2020-03-11,-11.326746433914366,3.229465498538463
2020-03-12,-21.75074927520368,-0.3391366119961283
2020-03-13,-25.655737300326763,-3.955793853186219
2020-03-14,-29.265104540030453,-7.5714096655925385
2020-03-15,-31.653919932242587,-11.011768275113974
2020-03-16,-34.261932188251116,-14.333220262704994
2020-03-17,-35.33263433626958,-17.33313655892851
2020-03-18,-36.16699269746302,-20.023687435862012
2020-03-19,-34.44444147075733,-22.083795155132773
2020-03-20,-33.434384485610785,-23.705307916629632
2020-03-21,-32.512718449841564,-24.963509421374198
2020-03-22,-32.382439167787986,-26.02335652800474
2020-03-23,-30.69969267341384,-26.69140454877747
2020-03-24,-28.883575457681907,-27.004571821478105
2020-03-25,-27.622299147251415,-27.092818582302865
2020-03-26,-26.274937131786263,-26.975978375086207
2020-03-27,-25.512195557704135,-26.76686654403163
2020-03-28,-25.074743337952363,-26.525134657448877
2020-03-29,-25.16395318624437,-26.33068016156252
2020-03-30,-24.20568149344745,-26.027108923260368
2020-03-31,-23.318746417772964,-25.640199993905025
2020-04-01,-22.23788374373527,-25.154154815309347
2020-04-02,-20.55739900780086,-24.497475414236707
2020-04-03,-19.044130485405557,-23.718426138689402
2020-04-04,-17.354463519536473,-22.80928862166756
2020-04-05,-16.054879355053682,-21.844373012151294
2020-04-06,-10.821761526034704,-20.269714228420355
2020-04-07,-7.248511790432296,-18.409542451564917
2020-04-08,-3.0355498678241775,-16.213257796744813
2020-04-09,-0.0375765990992721,-13.902446197081165
2020-04-10,0.6034692265263191,-11.83017256513724
2020-04-11,1.2424982570048304,-9.962648161974087
2020-04-12,2.078302568942084,-8.242512343271777
2020-04-13,2.249781352009381,-6.743613243945898
2020-04-14,2.657359845072101,-5.400617088371899
2020-04-15,2.0403600391076595,-4.33762035587482
2020-04-16,4.550123667304413,-3.067942638277787
2020-04-17,6.429558978232673,-1.7111566930620072
2020-04-18,10.201278089444495,-0.009380295561078666
2020-04-19,11.991634417576615,1.705050377744306
2020-04-20,11.654897875684286,3.126457163164303
2020-04-21,11.453680123766548,4.316060443250338
2020-04-22,12.783887395840612,5.525750007906092
2020-04-23,14.244205339409389,6.771243626692277
2020-04-24,15.678020995028202,8.043640393597409
2020-04-25,17.645752083792974,9.415370635053918
2020-04-26,19.66754288247831,10.87996667040026
2020-04-27,21.230170143492035,12.358567166556227
2020-04-28,22.6464998522652,13.828271835943223
2020-04-29,26.106965058187292,15.582370867692376
2020-04-30,27.070787331446702,17.22357321965728
2020-05-01,28.540734663407722,18.840310568764487
2020-05-02,29.88610150439146,20.41828070242548
2020-05-03,30.080983015764016,21.79866674718813
2020-05-04,29.53742695183821,22.904203919281
2020-05-05,28.619033441868314,23.720608136793473
2020-05-06,27.362975827795584,24.240946378365205
2020-05-07,27.690420639405797,24.73372841565672
2020-05-08,27.820530958934874,25.1747002075536
2020-05-09,27.530263692583453,25.51120927684358
2020-05-10,21.751952007372395,24.97417252406198
2020-05-11,16.846677698644413,23.813101834716612
2020-05-12,13.614764274644164,22.35619646899198
2020-05-13,12.694696886247518,20.975982242885628
2020-05-14,12.55366754366405,19.77279442871112
2020-05-15,10.702568781629793,18.477047907699504
2020-05-16,10.183909106882949,17.29231379329714
2020-05-17,10.801190469326656,16.365010461301356
2020-05-18,12.526590200118518,15.816664709703808
2020-05-19,13.699889856093712,15.514268302045224
2020-05-20,13.80140932148681,15.269574161965451
2020-05-21,11.61488753196183,14.747476071964934
2020-05-22,11.210344863971494,14.242171613680158
2020-05-23,10.858446102614987,13.758782254956564
2020-05-24,9.651360941789658,13.172007781647007
2020-05-25,8.999584086168586,12.57594725372152
2020-05-26,7.759887316641657,11.88793869128154
2020-05-27,7.926181697916286,11.321973406515076
2020-05-28,10.14757286029941,11.154201899912838
2020-05-29,12.152127650103473,11.296762721368644
2020-05-30,17.442488880283037,12.174723601213557
2020-05-31,18.80732130017054,13.122237558207413
2020-06-01,22.278460388793118,14.430269391148228
2020-06-02,22.385840948933815,15.566779613689025
2020-06-03,23.302758090694812,16.671919396118426
2020-06-04,23.938063611376247,17.709939998298115
2020-06-05,23.78324180052759,18.577554541473756
2020-06-06,23.865326412500224,19.332950523048964
2020-06-07,24.21664964464794,20.03062182613453
2020-06-08,24.695570230763284,20.697043026795782
2020-06-09,24.75191704859015,21.27631074419498
2020-06-10,25.22723445317773,21.8407284169068
2020-06-11,22.061020927194445,21.872198775519323
2020-06-12,20.374078277212842,21.65818156147554
2020-06-13,19.149626706475253,21.299816582189788
2020-06-14,16.938529569885056,20.676775580431972
2020-06-15,14.950197549093978,19.858693004526547
2020-06-16,13.919582658220063,19.01024866933991
2020-06-17,12.769126850207352,18.11865983803526
2020-06-18,11.31644712780843,17.146915165145714
2020-06-19,9.559134243354988,16.062946462032755
2020-06-20,8.108934440819707,14.926659030430892
2020-06-21,6.582402239548863,13.734622346019176
2020-06-22,8.35208233618456,12.965688058899946
2020-06-23,9.717065657978322,12.501599144482572
2020-06-24,8.937036488292309,11.992375907883964
2020-06-25,7.746744433994243,11.385857125899719
2020-06-26,6.140577381570083,10.636531448138344
2020-06-27,2.7631350538939032,9.511760534674854
2020-06-28,0.868668121953701,8.277033047143263
2020-06-29,0.13506004549403483,7.113894046907659
2020-06-30,-0.9709644405967717,5.958914262978455
2020-07-01,-0.6289250099895934,5.017794366840162
2020-07-02,-1.3573539100581973,4.107058898711825
2020-07-03,-2.309858326501847,3.190356437967015
2020-07-04,-2.184561529414388,2.4225110140553863
2020-07-05,-2.3609890687652575,1.739153859366723
2020-07-06,0.7651273797334021,1.6000072194191057
2020-07-07,2.709967014009749,1.7585729043606264
2020-07-08,6.029858680643814,2.3687565866867963
2020-07-09,7.337312166277613,3.0785502409140557
2020-07-10,8.21417530910047,3.812210964940687
2020-07-11,8.475726653422072,4.478427491866599
2020-07-12,9.128680131789201,5.142749297569829
2020-07-13,9.132630481099442,5.7127323237883445
2020-07-14,9.434541880917768,6.244419403378262
2020-07-15,9.051261554505704,6.645396853539325
2020-07-16,7.360085399474704,6.74749521724438
2020-07-17,5.7637276696096205,6.6069569961537
2020-07-18,5.230697689573257,6.410348523785066
2020-07-19,5.701066291794098,6.3090224906435
2020-07-20,5.189298285645298,6.149061889929471
2020-07-21,7.167101145387546,6.294496069280625
2020-07-22,13.454052001785067,7.317289773924117
2020-07-23,20.46197571092927,9.19510205063914
2020-07-24,26.46208593923761,11.661814034724635
2020-07-25,34.98934818389126,14.994318913177011
2020-07-26,41.64800935607141,18.80198897644764
2020-07-27,47.768007808465924,22.939991666735967
2020-07-28,50.62601040789042,26.895137201186603
2020-07-29,52.73941484940738,30.587176865218147
2020-07-30,55.85759564967259,34.19723669156878
2020-07-31,58.93054150385702,37.7305659504671
2020-08-01,63.79055052786952,41.45342089009603
2020-08-02,63.38464145222671,44.58645239897184
2020-08-03,63.788024195830054,47.3295340842373
2020-08-04,64.32493935868197,49.757449123443685
2020-08-05,65.17435193112422,51.95986381025519
2020-08-06,64.43295541919063,53.74173404010312
2020-08-07,61.1193924345794,54.79568523931402
2020-08-08,59.184341655003976,55.422636155841154
2020-08-09,57.10665295494348,55.66320998428434
2020-08-10,55.804181082964504,55.683348712667225
2020-08-11,51.83575673477387,55.13369271582532
2020-08-12,49.20926650108245,54.2873461137192
2020-08-13,49.347257981921814,53.58161923774815
2020-08-14,50.172555479288434,53.09461012939676
2020-08-15,49.9261181162636,52.64196841323489
2020-08-16,49.75334366466667,52.229307734868
2020-08-17,49.60095673143851,51.85382902009236
2020-08-18,47.9688257676362,51.29882855545577
2020-08-19,44.08462391993114,50.26822789323797
2020-08-20,41.57275741084215,49.026017824324285
2020-08-21,35.3487995275588,47.072129496214934
2020-08-22,31.160203551625703,44.798997218416474
2020-08-23,27.369775374922895,42.30910838363168
2020-08-24,25.648904564847882,39.929079266662576
2020-08-25,21.187263188187476,37.25167696973756
2020-08-26,17.97362137231242,34.49766902724826
2020-08-27,14.987501386133665,31.710502221374746
2020-08-28,13.68763012405277,29.13580620747161
2020-08-29,13.109850390901725,26.846383947961627
2020-08-30,15.015396657998464,25.15624290653832
2020-08-31,17.144638508689876,24.011727992559972
2020-09-01,22.214416259720174,23.75496917358286
2020-09-02,21.60036328437508,23.447168332267463
2020-09-03,15.42730168252664,22.301473096590204
2020-09-04,11.33413082157692,20.73470991444545
2020-09-05,3.9738870648038507,18.340306650210938
2020-09-06,0.2698351429557761,15.758810720603059
2020-09-07,-2.445373128956323,13.158213027808861
2020-09-08,-5.501593633715917,10.49252636187675
2020-09-09,-6.7844904112735955,8.02438110856956
2020-09-10,-6.733730499548946,5.916079450266917
2020-09-11,-6.250730037748798,4.177963809121815
2020-09-12,-5.04759457661389,2.8600268968738574
2020-09-13,-5.3280202372675705,1.6903058777107964
2020-09-14,-4.873212000707962,0.7526604665081167
2020-09-15,-5.228555090039771,-0.10179889871301007
2020-09-16,-5.4215568526506965,-0.861764320704108
2020-09-17,-3.920820245221731,-1.2987723099209112
2020-09-18,-3.1648337685196783,-1.5653525182921637
2020-09-19,-2.340535525557624,-1.6760929479015152
2020-09-20,-2.6020312359274067,-1.8083698461909283
2020-09-21,-4.73765414473566,-2.2268390316973186
2020-09-22,-6.383430947757462,-2.8206378768487674
2020-09-23,-9.217368748920263,-3.7344565728589814
2020-09-24,-9.286072819917267,-4.527544608153022
2020-09-25,-9.143132709350667,-5.186914336895543
2020-09-26,-8.803182506516546,-5.70352407541283
2020-09-27,-8.404150969087944,-6.089327917366417
2020-09-28,-8.117967340604539,-6.379133549257578
2020-09-29,-7.523995361187819,-6.542685236676184
2020-09-30,-6.997987001530599,-6.607728345941101
2020-10-01,-7.13796644492496,-6.683476645795938
2020-10-02,-7.778389610535687,-6.839892783615903
2020-10-03,-8.241301316090892,-7.040094002540902
2020-10-04,-8.067602604033635,-7.186880945611293
2020-10-05,-7.830207740715812,-7.278784773483368
2020-10-06,-8.827797490982705,-7.500072304554703
2020-10-07,-9.554661671477904,-7.7935850712580175
2020-10-08,-9.077900413591651,-7.9770586915913935
2020-10-09,-6.820145044474395,-7.811785313431822
2020-10-10,-4.362912958036172,-7.319089262661016
2020-10-11,-1.986338952059343,-6.55726778971792
2020-10-12,1.5666318101239947,-5.396710704026218
2020-10-13,3.7402190068510035,-4.091435031043758
2020-10-14,5.188818105606962,-2.765684582950799
2020-10-15,6.219678559724786,-1.4820612768542871
2020-10-16,5.578391942250315,-0.47342510269648685
2020-10-17,5.294060989589682,0.35050148191582287
2020-10-18,6.25090555884869,1.1934163500490897
2020-10-19,7.233757353284752,2.0563222076541843
2020-10-20,6.4911659568283175,2.6898713146790607
2020-10-21,8.883681248081661,3.5747013051651466
2020-10-22,13.349377041257215,4.9710835531783
2020-10-23,15.9933586413749,6.545694280063528
2020-10-24,18.361367707330285,8.233647626815921
2020-10-25,19.381757753584203,9.82623478778282
2020-10-26,18.233101096353323,11.027215689007178
2020-10-27,18.381807312816672,12.077871635265678
2020-10-28,16.23925119054289,12.672354428876709
2020-10-29,14.260256937804124,12.89919764443777
2020-10-30,12.22793920411298,12.80330358153423
2020-10-31,10.927783097495775,12.535372083814451
2020-11-01,10.911249927352408,12.303354632891303
2020-11-02,9.214994334527193,11.862160304553573
2020-11-03,8.415393239156474,11.369765009496845
2020-11-04,9.358540679704586,11.082447248097951
2020-11-05,11.875415005379534,11.195728356281034
2020-11-06,18.04335247309171,12.173960372968274
2020-11-07,19.757927411884758,13.25738423567063
2020-11-08,22.666030955489042,14.601476624216117
2020-11-09,23.34756006504406,15.850917115762968
2020-11-10,24.416974688771617,17.074639626192777
2020-11-11,26.21710365267926,18.380705915690847
2020-11-12,27.42668808825627,19.672989083200193
2020-11-13,29.379388866231224,21.0596176236332
2020-11-14,29.070990827662943,22.204099509923164
2020-11-15,27.13440675669455,22.908429116604793
2020-11-16,26.56001845646322,23.43008473658457
2020-11-17,27.57323801222641,24.021963775961975
2020-11-18,27.9632514100828,24.585004866550666
2020-11-19,27.241303494045322,24.964476099049904
2020-11-20,29.30808590467424,25.584991785567667
2020-11-21,33.22952959930768,26.677068616101955
2020-11-22,37.11119964254779,28.167658762737076
2020-11-23,42.0782536706165,30.154886606719856
2020-11-24,45.387661254335086,32.330997270664895
2020-11-25,43.80440276263789,33.97005519808961
2020-11-26,37.52595005070473,34.47804017703463
2020-11-27,32.86298272437859,34.24731768379805
2020-11-28,30.479768349647635,33.70909635034799
2020-11-29,30.252022204331652,33.215228615202804
2020-11-30,31.76199928279231,33.00762442485845
2020-12-01,30.871447824987186,32.70245633916256
2020-12-02,30.640487355377772,32.40788934147902
2020-12-03,31.210590667014174,32.23684667369833
2020-12-04,28.302731151692747,31.674830170554678
2020-12-05,27.012400374446592,31.008768771110667
2020-12-06,26.31663201640009,30.338463520437728
2020-12-07,25.064486526328086,29.585038235564923
2020-12-08,21.591400468395403,28.443089983112138
2020-12-09,19.724594341030198,27.197590605671863
2020-12-10,17.39928260608252,25.797832320016244
2020-12-11,14.640561741815377,24.203936523130405
2020-12-12,13.493728757262184,22.67390684229209
2020-12-13,13.586501064389141,21.375706016877384
2020-12-14,13.416766221848434,20.238714617587537
2020-12-15,13.39705634127839,19.261334863829088
2020-12-16,15.576488802896545,18.73492828369587
2020-12-17,17.609217922176764,18.57411251776457
2020-12-18,19.660591972665937,18.729323868464764
2020-12-19,21.670996601923857,19.149562830387495
2020-12-20,21.860750635946292,19.53687537403875
2020-12-21,20.22296498645561,19.634888175812588
2020-12-22,19.893082912085923,19.67177313813735
2020-12-23,16.56893209156095,19.228510131483578
2020-12-24,15.080251222891924,18.635901715970487
2020-12-25,14.574371584287565,18.05568312573007
2020-12-26,14.644957381539044,17.56843659084564
2020-12-27,17.13380810414302,17.50634680703098
2020-12-28,20.86130065361367,17.985625927971363
2020-12-29,23.770387184786365,18.81202039323065
2020-12-30,26.800504693884616,19.953232436181217
2020-12-31,28.37926388802269,21.156951215015713
2021-01-01,29.09139360219849,22.290442984613254
2021-01-02,31.289506538125377,23.576023492257846
2021-01-03,39.79016489400573,25.89232940679326
2021-01-04,46.44224183707364,28.828031182547598
2021-01-05,52.463847606607374,32.20457638598471
2021-01-06,58.22967368463353,35.92244742864883
2021-01-07,62.48854295105356,39.71760393184951
2021-01-08,65.54310976932042,43.406961908631075
2021-01-09,68.54383508430634,46.997943790870394
2021-01-10,69.6294261631535,50.231012701196555
2021-01-11,61.2339981343275,51.802867763072406
2021-01-12,53.298700401923185,52.01655814005109
2021-01-13,48.73786266888406,51.54817307274152
2021-01-14,46.583490215433095,50.838932664554605
2021-01-15,43.40454580373742,49.776877398723585
2021-01-16,41.92198017415962,48.654749223785885
2021-01-17,40.95052710279696,47.554146063644616
2021-01-18,40.337713293386074,46.52322709646483
2021-01-19,41.67641703172182,45.8308256586444
2021-01-20,42.11938930844689,45.30062046575904
2021-01-21,35.33165455262217,43.876482478168064
2021-01-22,31.80876350776266,42.15252262525301
2021-01-23,29.153014132553174,40.29544998343876
2021-01-24,29.26571641552192,38.71977375945064
2021-01-25,27.880301746661154,37.17127775762357
2021-01-26,27.310395479266415,35.76258028928684
2021-01-27,24.276547948893462,34.1217185263735
2021-01-28,23.241303253775257,32.56737348743089
2021-01-29,22.996004799048183,31.200035103376223
2021-01-30,22.731693340921908,29.99027199445418
2021-01-31,21.22764332560898,28.73846789890487
2021-02-01,20.73793104104007,27.595534062067042
2021-02-02,22.392997516536358,26.85231455556266
2021-02-03,25.368287229106077,26.64031065178315
2021-02-04,26.607252227439247,26.635588019734023
2021-02-05,28.85303874360216,26.95236669457233
2021-02-06,29.84115994441941,27.365051444550485
2021-02-07,29.246851228317418,27.63387998508862
2021-02-08,30.167060373510722,27.995762897720347
2021-02-09,31.172377036435115,28.449564917536744
2021-02-10,31.513639051441533,28.887289793808858
2021-02-11,32.182272421978944,29.35800159783316
2021-02-12,33.36320090097622,29.930172926853597
2021-02-13,33.749258173578724,30.475756533528617
2021-02-14,33.896295256202364,30.964404922482014
2021-02-15,33.48669242061845,31.324731707930077
2021-02-16,32.98792295742549,31.562330457857996
2021-02-17,33.32574820624609,31.814247279056296
2021-02-18,34.63138456263444,32.2166954624246
2021-02-19,36.03618589202681,32.762336952367775
2021-02-20,35.98604939676267,33.22286730156705
2021-02-21,36.197207840464635,33.647773092838136
2021-02-22,32.23550580368467,33.44602062295907
2021-02-23,24.21667155470934,32.12754218463768
2021-02-24,18.90664092472698,30.23884200465044
2021-02-25,12.342623938612167,27.68223942378783
2021-02-26,6.450863792256399,24.649185762140487
2021-02-27,2.087222947386989,21.4260482171757
2021-02-28,-1.843682442714562,18.101800980048523
2021-03-01,-2.5858131403646425,15.146427534275215
2021-03-02,-4.340183066856655,12.362626019827806
2021-03-03,-4.096085276894968,10.01138154886741
2021-03-04,-4.621951506912753,7.920905398041674
2021-03-05,-5.149167933163883,6.05375206501231
2021-03-06,-3.3701370656274,4.707482189206638
2021-03-07,-0.9862304771444532,3.8940946654421964
2021-03-08,2.604517958953053,3.7098694216580332
2021-03-09,5.973854419664564,4.033295849944681
2021-03-10,7.644063047544438,4.549119735316075
2021-03-11,9.33649314038949,5.2330302217551345
2021-03-12,9.646300847979948,5.863497454072965
2021-03-13,12.194165879564288,6.767878657714583
2021-03-14,13.231451403128526,7.691246192773718
2021-03-15,12.652837460683875,8.400044945332313
2021-03-16,12.194668083981043,8.942133965139275
2021-03-17,12.13717485853261,9.39856837848118
2021-03-18,11.401926629759418,9.684762414378072
2021-03-19,11.227590931327498,9.90516648822799
2021-03-20,11.1196358143129,10.07866210624012
2021-03-21,10.477558944922528,10.135647368909037
2021-03-22,8.043870416132453,9.836822089940954
2021-03-23,5.7005232120043425,9.245922250235724
2021-03-24,2.113348329966938,8.226983118768755
2021-03-25,-0.7810703103057324,6.940118343186686
2021-03-26,-1.0758675254935595,5.794977504803795
2021-03-27,-0.8738488419390559,4.842288026697673
2021-03-28,-1.352216834906874,3.957358760754167
2021-03-29,0.7706787702864735,3.5021187621159253
2021-03-30,3.033574815687833,3.435183912626198
2021-03-31,6.277741075668051,3.841263507346463
2021-04-01,9.841141910753022,4.6983889935474
2021-04-02,15.4240587354938,6.230627528111173
2021-04-03,17.27940610401399,7.809024467525861
2021-04-04,19.47675528440479,9.475843155651422
2021-04-05,21.493637389472283,11.192670903340117
2021-04-06,23.328037831775873,12.926294750259512
2021-04-07,21.836892585360346,14.19923729813106
2021-04-08,21.983063233354414,15.311212431734397
2021-04-09,21.82639252337487,16.241952444825895
2021-04-10,22.58958199880174,17.148756666822443
2021-04-11,23.390953026476836,18.04049900391593
2021-04-12,24.004806423618522,18.8925429210163
2021-04-13,26.617012836842004,19.996038623277116
2021-04-14,30.362496613462124,21.47696119330355
2021-04-15,34.310356004793015,23.310303309230616
2021-04-16,35.23053675636962,25.013193801679048
2021-04-17,33.9762938617602,26.29363666740493
2021-04-18,30.844170393426516,26.94371291397944
2021-04-19,26.867440187304588,26.93281681016875
2021-04-20,25.698127020609654,26.75643255451745
2021-04-21,25.221057718426728,26.537093292218778
2021-04-22,25.4927646230385,26.387903482335883
2021-04-23,24.506492003823134,26.11913041397692
2021-04-24,21.480308553882466,25.45644157682057
2021-04-25,19.88562857421995,24.660611147877628
2021-04-26,21.29159838060344,24.179323609695604
2021-04-27,23.677008836544296,24.107564356388277
2021-04-28,26.453451495509928,24.442691090548514
2021-04-29,28.777811772570594,25.061994045123097
2021-04-30,30.69453546430837,25.866642819292423
2021-05-01,33.86517302074279,27.009289990928192
2021-05-02,36.37321527029984,28.346993602267
2021-05-03,42.154653195353525,30.31951640127936
2021-05-04,43.59497341894682,32.21601026094614
2021-05-05,46.26019564924809,34.22232245927499
2021-05-06,47.77567462397762,36.15851562566108
2021-05-07,48.62479498307864,37.939412676720735
2021-05-08,51.435159064762395,39.86737644644097
2021-05-09,53.64818781285634,41.83606378450031
2021-05-10,55.50723923520434,43.7890888488866
2021-05-11,57.814251284762676,45.79268348258318
2021-05-12,56.8164612900593,47.367508883651205
2021-05-13,51.847933766960516,48.00756958126682
2021-05-14,49.943597194679505,48.28414495461149
2021-05-15,43.4287990561987,47.5905241119811
2021-05-16,37.58568408613262,46.1612612511456
2021-05-17,30.375270503159108,43.906119715718965
2021-05-18,25.542704229787088,41.282774646300126
2021-05-19,14.917114915412116,37.51625182760184
2021-05-20,8.870384115061308,33.42398501152462
2021-05-21,2.178841841310466,28.96039313006546
2021-05-22,-3.2062759965911742,24.365154683400227
2021-05-23,-8.382658277015102,19.686895689055184
2021-05-24,-9.097673999416317,15.574814304987827
2021-05-25,-9.215666995551645,12.033316976339332
2021-05-26,-8.315277210203043,9.126374949690423
2021-05-27,-8.222422245574329,6.647975350366887
2021-05-28,-9.6995699831821,4.31261173128846
2021-05-29,-11.430512411293954,2.0635939966338306
2021-05-30,-12.206160778719406,0.025057600154796855
2021-05-31,-11.057153561454076,-1.5581154229321847
2021-06-01,-10.480640865331953,-2.83276191470358
2021-06-02,-9.520779436034651,-3.7881929891794472
2021-06-03,-7.911091600565986,-4.37717850509181
2021-06-04,-7.433881748626159,-4.813850397025289
2021-06-05,-7.465704762589381,-5.192686734963016
2021-06-06,-6.896610281627058,-5.436104384486451
2021-06-07,-6.979859011630979,-5.656640759792813
2021-06-08,-7.479634004061429,-5.917068366116901
2021-06-09,-7.349294235905163,-6.121672061800939
2021-06-10,-7.9311829220092065,-6.380173613259263
2021-06-11,-9.182179029737743,-6.780460101327618
2021-06-12,-9.975213992588076,-7.236853514364827
2021-06-13,-9.757459824626888,-7.5969401301165504
2021-06-14,-9.049585340451353,-7.804460874450093
2021-06-15,-8.607270564589328,-7.919147973041413
2021-06-16,-9.463709554665241,-8.139799627559103
2021-06-17,-10.119729651867043,-8.42264677388881
2021-06-18,-11.622214239127418,-8.879727840351467
2021-06-19,-13.208642808433117,-9.498144264363132
2021-06-20,-13.935394228635388,-10.132037116402026
2021-06-21,-16.846731903485267,-11.09127922884249
2021-06-22,-19.416163209045475,-12.28054836887149
2021-06-23,-20.595502844235828,-13.468399008209252
2021-06-24,-21.31784502033181,-14.589748438512474
2021-06-25,-23.022421418008545,-15.794416007011915
2021-06-26,-24.523427374643408,-17.04141763095927
2021-06-27,-23.997336107334803,-18.03512027044149
2021-06-28,-22.3205247309928,-18.647320907663108
2021-06-29,-19.973248787356805,-18.836739176190783
2021-06-30,-16.964245532966196,-18.56924008430156
2021-07-01,-15.725401459779626,-18.16297742365557
2021-07-02,-14.349305252782727,-17.61816711353088
2021-07-03,-12.526454378057801,-16.89077957989187
2021-07-04,-9.872940665571742,-15.888231163560425
2021-07-05,-8.645321641947312,-14.85352980332998
2021-07-06,-6.608824680162527,-13.67571478573463
2021-07-07,-4.957768944245971,-12.430293951236251
2021-07-08,-5.48388803094004,-11.437950248336794
2021-07-09,-5.539299780061499,-10.595285895726038
2021-07-10,-5.939325886589006,-9.930148751563605
2021-07-11,-6.012566195007711,-9.370494100627049
2021-07-12,-7.147517441730536,-9.052926006498977
2021-07-13,-9.01710065314456,-9.047808098876917
2021-07-14,-9.912267236279613,-9.171302261363017
2021-07-15,-11.450533281198215,-9.496906692768047
2021-07-16,-13.067138683829,-10.006939834348183
2021-07-17,-14.156301980780944,-10.59970585526715
2021-07-18,-15.113511173327867,-11.244535186418682
2021-07-19,-16.664622868449793,-12.018833426708841
2021-07-20,-18.359992578529507,-12.924713305540365
2021-07-21,-16.67984477021882,-13.461160657637288
2021-07-22,-14.77638828152915,-13.64905031819327
2021-07-23,-11.83520126294384,-13.389929024586209
2021-07-24,-8.462004046856626,-12.685939742053412
2021-07-25,-5.597257599762954,-11.673270864583348
2021-07-26,-2.458092670393536,-10.356816836841947
2021-07-27,0.7758114306476837,-8.766441370057715
2021-07-28,3.607458353028386,-6.998741409616844
2021-07-29,7.197713828998407,-4.970676375528951
2021-07-30,11.073666021153306,-2.678627461717201
2021-07-31,15.480452828840304,-0.08447313449470029
2021-08-01,19.311808096794337,2.6864241842608765
2021-08-02,23.14044540028154,5.608427215120971
2021-08-03,24.17179937127065,8.260337523142354
2021-08-04,27.51045493502204,11.010354296268023
2021-08-05,31.139275485723413,13.885914466190222
2021-08-06,34.573232593125,16.841245627180903
2021-08-07,39.58659787087283,20.090581661994037
2021-08-08,41.00970545153623,23.07902791764292
2021-08-09,43.11215507686975,25.940903226103895
2021-08-10,44.37833586331133,28.574822174276388
