Date,ROC_14
2014-10-03,-8.93727340037066
2014-10-04,-19.573786650632652
2014-10-05,-19.63562632133521
2014-10-06,-17.921829697789306
2014-10-07,-22.855904878344358
2014-10-08,-16.603061674223607
2014-10-09,-11.309753151198176
2014-10-10,-10.598498429083204
2014-10-11,-9.316424465560347
2014-10-12,0.36269350789144283
2014-10-13,3.9809066048172914
2014-10-14,3.598969101472038
2014-10-15,2.9086506760332753
2014-10-16,1.995352673508477
2014-10-17,6.7441430250144485
2014-10-18,19.02780754800868
2014-10-19,21.539414634819053
2014-10-20,15.985866838366958
2014-10-21,14.958339318593294
2014-10-22,8.561791757455705
2014-10-23,-1.8105584210150405
2014-10-24,-0.8897535950209479
2014-10-25,-4.147959156311365
2014-10-26,-6.299052515553926
2014-10-27,-9.58597460750389
2014-10-28,-10.789528909490976
2014-10-29,-14.991401514505764
2014-10-30,-9.73739975323873
2014-10-31,-11.840009191626066
2014-11-01,-16.782306280246583
2014-11-02,-16.340558915777827
2014-11-03,-14.442141037646717
2014-11-04,-14.485542695094756
2014-11-05,-11.397908732113349
2014-11-06,-2.546470508853549
2014-11-07,-4.445434415310845
2014-11-08,-0.5134287114493152
2014-11-09,2.413279173246452
2014-11-10,3.9477140781497555
2014-11-11,2.817809978815644
2014-11-12,26.21345662237553
2014-11-13,21.844454476220076
2014-11-14,17.58595432679804
2014-11-15,15.467124713413916
2014-11-16,19.021636425697096
2014-11-17,18.273019580961524
2014-11-18,13.527103064193934
2014-11-19,12.097406658239972
2014-11-20,2.4478189411939244
2014-11-21,2.4627959576386305
2014-11-22,2.151161791268774
2014-11-23,1.1861868792682584
2014-11-24,2.719088885137011
2014-11-25,2.081340473573534
2014-11-26,-13.030238701978703
2014-11-27,-12.137087197538365
2014-11-28,-5.372055154880839
2014-11-29,-0.17068404176909802
2014-11-30,-2.5355629492763043
2014-12-01,-2.107079670710965
2014-12-02,1.630340255706808
2014-12-03,-1.4570779787403842
2014-12-04,3.2875050669294303
2014-12-05,7.412330294881686
2014-12-06,6.195452282271119
2014-12-07,2.0463970533548315
2014-12-08,-3.977703418198131
2014-12-09,-6.16201458192428
2014-12-10,-5.973614924852944
2014-12-11,-5.184083189349742
2014-12-12,-6.35016338860842
2014-12-13,-7.487527057805876
2014-12-14,-6.987228627556064
2014-12-15,-8.938811176664318
2014-12-16,-14.227866649736477
2014-12-17,-14.728675909211086
2014-12-18,-15.748749301969156
2014-12-19,-15.658853660474847
2014-12-20,-11.961260328334811
2014-12-21,-14.463539598065712
2014-12-22,-8.295734908187423
2014-12-23,-5.010236046497818
2014-12-24,-6.880312297152202
2014-12-25,-8.986441008606727
2014-12-26,-6.982992539510013
2014-12-27,-9.071726131045077
2014-12-28,-9.780957386104038
2014-12-29,-9.461549437630335
2014-12-30,-4.991411842718074
2014-12-31,0.13040128048884547
2015-01-01,0.9161957882079186
2015-01-02,-0.884390757377318
2015-01-03,-14.812276148558157
2015-01-04,-17.655981989720104
2015-01-05,-17.298707815882274
2015-01-06,-14.461161514264354
2015-01-07,-8.742331432428808
2015-01-08,-11.178088777436146
2015-01-09,-11.4404617355086
2015-01-10,-13.00152790605199
2015-01-11,-16.258722201172894
2015-01-12,-14.351879340600526
2015-01-13,-27.31441958955645
2015-01-14,-44.37636022847009
2015-01-15,-33.22365427595819
2015-01-16,-33.94417347674441
2015-01-17,-29.109656864866274
2015-01-18,-20.384943156779645
2015-01-19,-21.718999692936325
2015-01-20,-26.16242913183997
2015-01-21,-22.912512400836217
2015-01-22,-17.625964155955963
2015-01-23,-19.809713913174352
2015-01-24,-9.806908026569094
2015-01-25,-4.495220138594891
2015-01-26,2.1198980612069596
2015-01-27,16.65361232452216
2015-01-28,31.33692129841028
2015-01-29,11.279334494557913
2015-01-30,8.807432591531828
2015-01-31,9.135807716947886
2015-02-01,7.907708320670248
2015-02-02,10.875874574757628
2015-02-03,7.5493944343809405
2015-02-04,-0.019394703067088237
2015-02-05,-6.981403040674127
2015-02-06,-4.557298893908845
2015-02-07,-8.10701844282965
2015-02-08,-11.944757077189994
2015-02-09,-19.51307535334239
2015-02-10,-16.56172312602586
2015-02-11,-6.297157275420995
2015-02-12,-5.031408101476142
2015-02-13,3.9757089017240954
2015-02-14,18.328094803551508
2015-02-15,3.4598968154662346
2015-02-16,-1.8410864866815202
2015-02-17,7.190627646861247
2015-02-18,4.175835067323352
2015-02-19,10.672887994542446
2015-02-20,9.67894343681146
2015-02-21,7.367597999311526
2015-02-22,5.624139182888954
2015-02-23,8.533004822438773
2015-02-24,8.595379150301374
2015-02-25,8.342269391995515
2015-02-26,6.611526880412444
2015-02-27,7.816011266201306
2015-02-28,-1.1884043018732915
2015-03-01,10.806770711893154
2015-03-02,17.88679183993711
2015-03-03,15.636466008634864
2015-03-04,15.557325633957753
2015-03-05,14.938636213576562
2015-03-06,11.873042456030669
2015-03-07,12.97446955811219
2015-03-08,16.263024865494845
2015-03-09,21.229257331591334
2015-03-10,22.21082320476335
2015-03-11,24.806921611963983
2015-03-12,24.501539688983854
2015-03-13,12.4135251538815
2015-03-14,10.863558598773725
2015-03-15,10.065644923031236
2015-03-16,5.41334686264916
2015-03-17,1.3500113786911072
2015-03-18,-6.149209198760519
2015-03-19,-5.52180097728201
2015-03-20,-4.023862791883692
2015-03-21,-5.877048451568189
2015-03-22,-2.330570324025605
2015-03-23,-7.895874545433568
2015-03-24,-15.822939202668673
2015-03-25,-16.93169635454399
2015-03-26,-15.566972209421703
2015-03-27,-13.425527777494118
2015-03-28,-10.318748769223319
2015-03-29,-15.251771948829528
2015-03-30,-14.820380369330799
2015-03-31,-14.45894302273264
2015-04-01,-3.5220611912544664
2015-04-02,-3.0364712590130516
2015-04-03,-2.8374462552373747
2015-04-04,-2.433607593891518
2015-04-05,-2.747424707892321
2015-04-06,-4.216835278429743
2015-04-07,3.088414653847149
2015-04-08,-0.4772612872473436
2015-04-09,-1.953874365907593
2015-04-10,-4.435511899215938
2015-04-11,-6.426475582457513
2015-04-12,-2.7027794477771816
2015-04-13,-9.2673072353316
2015-04-14,-10.263119964717305
2015-04-15,-9.479039161582703
2015-04-16,-9.656728727560148
2015-04-17,-12.362281382760099
2015-04-18,-11.959543188302357
2015-04-19,-14.581073978497871
2015-04-20,-12.081003129945323
2015-04-21,-7.074412076470837
2015-04-22,-4.426544500985063
2015-04-23,-2.960484064095037
2015-04-24,-2.0349727531861705
2015-04-25,-4.2958854349497315
2015-04-26,-7.081428988833494
2015-04-27,2.092279995931734
2015-04-28,3.0553155889830874
2015-04-29,0.8823569633454431
2015-04-30,3.312729878968468
2015-05-01,4.1263946101274485
2015-05-02,5.181857592607453
2015-05-03,7.977536173112232
2015-05-04,6.4070933692019105
2015-05-05,0.3621407881464256
2015-05-06,-1.876365252552914
2015-05-07,0.3687670652679831
2015-05-08,5.446063323804773
2015-05-09,6.820973571363442
2015-05-10,9.509188654989353
2015-05-11,5.613953874505051
2015-05-12,6.755220947160279
2015-05-13,4.680525068556141
2015-05-14,0.33199813111437493
2015-05-15,2.381086233159513
2015-05-16,0.5205835935984338
2015-05-17,-1.4794597934792209
2015-05-18,-2.464249084498882
2015-05-19,-1.7677360186706292
2015-05-20,1.8434894973800242
2015-05-21,-0.8384833188670893
2015-05-22,-1.441383030268295
2015-05-23,-1.2239930975884383
2015-05-24,0.2734119528953416
2015-05-25,-2.084591009081027
2015-05-26,-1.657322323235666
2015-05-27,0.38328856184521864
2015-05-28,0.2021719578347403
2015-05-29,-0.21422234741225177
2015-05-30,-1.1890592116128196
2015-05-31,-2.792206123324925
2015-06-01,-4.376141320404026
2015-06-02,-2.6488860994394736
2015-06-03,-3.480079235783573
2015-06-04,-4.6825027538200175
2015-06-05,-6.4057161081431335
2015-06-06,-5.548156055498077
2015-06-07,-7.500220281545921
2015-06-08,-3.6358664601414126
2015-06-09,-3.402551115098329
2015-06-10,-3.57379619328404
2015-06-11,-3.244626481739721
2015-06-12,-3.0004716275403354
2015-06-13,-0.4041260776784128
2015-06-14,1.45662147394221
2015-06-15,6.233908701405566
2015-06-16,11.112346012559971
2015-06-17,10.364187434363025
2015-06-18,11.003280277561034
2015-06-19,8.736978266243067
2015-06-20,8.684110265304202
2015-06-21,9.450335956636069
2015-06-22,8.097110653879259
2015-06-23,6.657120225330582
2015-06-24,5.118816321083641
2015-06-25,5.700352141221532
2015-06-26,5.918723767919287
2015-06-27,7.9982154025675545
2015-06-28,6.623192759462682
2015-06-29,8.546888254492945
2015-06-30,4.853419480604737
2015-07-01,3.7455292406916696
2015-07-02,2.5722164023948446
2015-07-03,4.79546530180619
2015-07-04,6.392011653785001
2015-07-05,11.465333847112436
2015-07-06,8.923435585986583
2015-07-07,8.969035740064601
2015-07-08,12.585495759455734
2015-07-09,10.885136032440613
2015-07-10,16.954448392516632
2015-07-11,16.783530882036523
2015-07-12,24.84067029295356
2015-07-13,13.61139314745341
2015-07-14,9.271985933310557
2015-07-15,10.520417054141639
2015-07-16,8.878590564907807
2015-07-17,9.025648402977527
2015-07-18,5.372084263659893
2015-07-19,0.6255751058369841
2015-07-20,3.6988399200789335
2015-07-21,3.6159856667330903
2015-07-22,2.37715564189811
2015-07-23,2.533545573271123
2015-07-24,1.187811206084577
2015-07-25,-1.5072579536106079
2015-07-26,-5.848481429698483
2015-07-27,0.5375742414965856
2015-07-28,2.42222096208371
2015-07-29,1.3158167535198828
2015-07-30,3.4639976342249135
2015-07-31,1.8527828469103946
2015-08-01,2.437245399481114
2015-08-02,3.2893052034973724
2015-08-03,0.8050734984134555
2015-08-04,3.4024133181334015
2015-08-05,1.6809648051542503
2015-08-06,0.9157739746439519
2015-08-07,-3.0155001587616637
2015-08-08,-9.59482878711404
2015-08-09,-9.430924789178075
2015-08-10,-9.929022387485908
2015-08-11,-8.165357061917856
2015-08-12,-8.01615709128296
2015-08-13,-8.216959159377414
2015-08-14,-6.664325100951862
2015-08-15,-7.12000918831921
2015-08-16,-8.53001755249121
2015-08-17,-8.267690451759279
2015-08-18,-25.99379961264504
2015-08-19,-19.581947465256466
2015-08-20,-15.517070907032105
2015-08-21,-16.81635013089813
2015-08-22,-11.726958143033727
2015-08-23,-13.925450099012004
2015-08-24,-20.408744203846375
2015-08-25,-18.039763347794214
2015-08-26,-15.220970333112604
2015-08-27,-14.8860163341344
2015-08-28,-12.904244919940222
2015-08-29,-12.147151648190047
2015-08-30,-11.506840536524155
2015-08-31,-10.822716684128286
2015-09-01,8.073757883867128
2015-09-02,1.1469671133304438
2015-09-03,-3.4701537250013903
2015-09-04,-0.9764826782589275
2015-09-05,2.0092009288996904
2015-09-06,5.115063699755962
2015-09-07,13.944276917368036
2015-09-08,9.926492875104165
2015-09-09,5.4629370315750325
2015-09-10,6.098709422990378
2015-09-11,3.764541803048327
2015-09-12,2.3714009155339832
2015-09-13,0.7654237324944191
2015-09-14,0.25558863928782927
2015-09-15,0.9569478394628295
2015-09-16,-0.08417246843444026
2015-09-17,1.1563360865748606
2015-09-18,1.1624078166131202
2015-09-19,-1.5003046753705673
2015-09-20,-3.597394156060607
2015-09-21,-5.3208891501665745
2015-09-22,-5.331948288266519
2015-09-23,-3.310685748340203
2015-09-24,-1.6555046890160408
2015-09-25,-2.0669943414185044
2015-09-26,-0.3779329865291725
2015-09-27,0.9739237298598935
2015-09-28,3.684466585098245
2015-09-29,2.7715519366943164
2015-09-30,3.0420203799972123
2015-10-01,3.3675636688356603
2015-10-02,1.8534146963387066
2015-10-03,3.126228492891414
2015-10-04,3.0478508109998304
2015-10-05,5.8559519959853645
2015-10-06,6.697225831413434
2015-10-07,5.5088689675558244
2015-10-08,3.315152398185006
2015-10-09,3.7368604396054383
2015-10-10,4.52376810657622
2015-10-11,6.140738518871802
2015-10-12,2.578384830589231
2015-10-13,5.416858643133904
2015-10-14,6.747860770548675
2015-10-15,7.060021840715325
2015-10-16,10.778231598817634
2015-10-17,13.366572921150643
2015-10-18,9.814530282408661
2015-10-19,9.5905352639835
2015-10-20,9.509763198696852
2015-10-21,9.59093941015372
2015-10-22,13.090584088209113
2015-10-23,13.350087524750842
2015-10-24,14.988506987115446
2015-10-25,14.826953877835036
2015-10-26,16.302765977068677
2015-10-27,17.74692543320335
2015-10-28,20.88544080007808
2015-10-29,23.40948504299154
2015-10-30,24.782697835775135
2015-10-31,16.082607001037896
2015-11-01,24.379782291523533
2015-11-02,37.1063968034985
2015-11-03,49.711452977778436
2015-11-04,54.56487477581335
2015-11-05,40.99327060161846
2015-11-06,35.434146711459505
2015-11-07,37.21871728343904
2015-11-08,31.615912370668987
2015-11-09,33.283212405883475
2015-11-10,14.646958650052945
2015-11-11,2.122659779299796
2015-11-12,7.741471746009498
2015-11-13,2.663895126873994
2015-11-14,5.965006364390457
2015-11-15,-1.6178590853360486
2015-11-16,-8.427163734598297
2015-11-17,-16.936073431433442
2015-11-18,-18.70260306303345
2015-11-19,-15.582863481854837
2015-11-20,-14.005927807285158
2015-11-21,-15.409512932161306
2015-11-22,-13.078785156021311
2015-11-23,-15.04535107966155
2015-11-24,-4.979828928890595
2015-11-25,5.503972616529329
2015-11-26,4.297470266685499
2015-11-27,6.321844666258647
2015-11-28,7.35192683787147
2015-11-29,15.96922327648267
2015-11-30,14.08008018551552
2015-12-01,8.175023572639727
2015-12-02,7.351390147361148
2015-12-03,10.699712214651136
2015-12-04,12.78204924400772
2015-12-05,18.971208441204258
2015-12-06,19.796563962820144
2015-12-07,22.439535931091402
2015-12-08,29.84477262158478
2015-12-09,27.225887288335148
2015-12-10,17.804894971274443
2015-12-11,26.224855770548828
2015-12-12,21.71799686996241
2015-12-13,16.822517463424912
2015-12-14,17.71992296193714
2015-12-15,28.368664621778784
2015-12-16,26.656581335407537
2015-12-17,26.321304108653855
2015-12-18,27.65354631921193
2015-12-19,18.864423113770414
2015-12-20,13.864291747949187
2015-12-21,10.89736352728703
2015-12-22,5.0555520117686825
2015-12-23,5.948327249732199
2015-12-24,9.50853848682085
2015-12-25,0.8220214052906849
2015-12-26,-4.074285945262657
2015-12-27,-2.520318353444695
2015-12-28,-4.931090106042957
2015-12-29,-6.949613498435303
2015-12-30,-6.223758967757065
2015-12-31,-5.593564441212473
2016-01-01,-6.315999057297406
2016-01-02,-6.247594439002158
2016-01-03,-2.862986560931524
2016-01-04,-1.2648225303299898
2016-01-05,-1.0564122516050323
2016-01-06,-3.0054158941651865
2016-01-07,0.6732132050467632
2016-01-08,-0.5317651634544784
2016-01-09,7.270284260494764
2016-01-10,5.952372297402797
2016-01-11,6.192355645293368
2016-01-12,0.6251977531441355
2016-01-13,1.3480397232670693
2016-01-14,-0.060614494024413546
2016-01-15,-16.11732412898862
2016-01-16,-10.59020627421332
2016-01-17,-11.095524661781564
2016-01-18,-10.60354606350481
2016-01-19,-11.994398805328244
2016-01-20,-2.0682582986661924
2016-01-21,-10.43253339883563
2016-01-22,-15.607529352243187
2016-01-23,-13.431304430522118
2016-01-24,-10.04930663818675
2016-01-25,-12.644615158282857
2016-01-26,-9.992652298686433
2016-01-27,-8.649751446559772
2016-01-28,-11.623588562557806
2016-01-29,4.156386705875503
2016-01-30,-2.3948757629132955
2016-01-31,-3.5396411213839074
2016-02-01,-3.6449290841312654
2016-02-02,-1.4996722850665
2016-02-03,-11.965115456734965
2016-02-04,-5.0377562027784535
2016-02-05,1.0606775978511784
2016-02-06,-2.830773897954597
2016-02-07,-6.539183334995647
2016-02-08,-4.666277294176002
2016-02-09,-4.111666207640907
2016-02-10,-3.373150123546098
2016-02-11,-0.16698063797011553
2016-02-12,1.2620103123323512
2016-02-13,3.596774615051035
2016-02-14,10.430166801422946
2016-02-15,7.272098022816964
2016-02-16,8.823657537621553
2016-02-17,12.534967082828086
2016-02-18,8.4136286762162
2016-02-19,8.856831094052398
2016-02-20,16.105831137841896
2016-02-21,16.509481659357995
2016-02-22,17.218238879852166
2016-02-23,11.889242837956493
2016-02-24,11.347075840659837
2016-02-25,11.823927825313095
2016-02-26,12.462560277726475
2016-02-27,10.375906843358873
2016-02-28,6.451878862140159
2016-02-29,9.373662977741116
2016-03-01,6.781789531292892
2016-03-02,1.8416089386928292
2016-03-03,-0.17093541110133614
2016-03-04,-2.339914423376166
2016-03-05,-8.370770218108603
2016-03-06,-7.085493260356768
2016-03-07,-5.351702977338202
2016-03-08,-1.6076606538572458
2016-03-09,-2.375546189319111
2016-03-10,-1.7461073281529238
2016-03-11,-2.420908802071353
2016-03-12,-4.8310059026954395
2016-03-13,-4.484156106906312
2016-03-14,-4.857013741728022
2016-03-15,-4.204098516643295
2016-03-16,-1.645803964156467
2016-03-17,-0.2442776128972035
2016-03-18,-0.3384908750263649
2016-03-19,2.464985602379377
2016-03-20,1.4834192165368298
2016-03-21,-0.24473945702401245
2016-03-22,0.9945127083901495
2016-03-23,0.7667647194269822
2016-03-24,-0.17668309926569536
2016-03-25,-1.0702174532465913
2016-03-26,1.5356281721896403
2016-03-27,3.067154417460305
2016-03-28,1.8713470491553696
2016-03-29,-0.07532951318111047
2016-03-30,-0.5263592743813272
2016-03-31,-0.9252980667855293
2016-04-01,2.0539685013334807
2016-04-02,2.5409035093703514
2016-04-03,1.7278309418879534
2016-04-04,1.9687527339695032
2016-04-05,1.4209917401101446
2016-04-06,1.2850436183906577
2016-04-07,1.5252339891957956
2016-04-08,0.7603480021173503
2016-04-09,0.3507648076771952
2016-04-10,-1.218708145511882
2016-04-11,-0.4120363786343728
2016-04-12,2.0825157226676216
2016-04-13,2.1498685646197613
2016-04-14,1.8124509999308813
2016-04-15,2.81199690235423
2016-04-16,2.304496920123067
2016-04-17,1.5431060582575817
2016-04-18,1.695836932071626
2016-04-19,2.7071207289746546
2016-04-20,4.245503622876523
2016-04-21,6.311131607838427
2016-04-22,6.039743418063903
2016-04-23,7.360560688760742
2016-04-24,8.774705249673875
2016-04-25,9.21764729365373
2016-04-26,9.618990758865497
2016-04-27,4.944848078030972
2016-04-28,5.828428319444234
2016-04-29,5.907191830841763
2016-04-30,4.121494749062737
2016-05-01,5.726736315357717
2016-05-02,3.7513626948440626
2016-05-03,3.3971704139489356
2016-05-04,1.2082260553257784
2016-05-05,-0.32240641679675
2016-05-06,3.1108023341118063
2016-05-07,1.8330729990762462
2016-05-08,-0.001524135623132139
2016-05-09,-0.20436494913990133
2016-05-10,-3.259892500914674
2016-05-11,1.808234732072611
2016-05-12,1.2817069469208908
2016-05-13,0.12591338085881087
2016-05-14,1.6401297995639608
2016-05-15,1.2598601383125851
2016-05-16,2.135068527802919
2016-05-17,0.7725900965042776
2016-05-18,1.7677668136257152
2016-05-19,-2.067301982974701
2016-05-20,-3.682961623507419
2016-05-21,-3.347179421421731
2016-05-22,-4.192583073592438
2016-05-23,-3.545842719293235
2016-05-24,-1.0898326927292534
2016-05-25,-0.6911430308561006
2016-05-26,-0.3038899186285082
2016-05-27,3.9050136046586914
2016-05-28,16.320764242639196
2016-05-29,15.00650811474047
2016-05-30,17.548990352128957
2016-05-31,17.101345292823765
2016-06-01,18.1032902655619
2016-06-02,22.624480563686955
2016-06-03,28.580265573243935
2016-06-04,29.22890635745301
2016-06-05,30.87796282406321
2016-06-06,31.831677751757105
2016-06-07,29.287346437288054
2016-06-08,29.3697319819878
2016-06-09,26.742452578327946
2016-06-10,21.967031161054162
2016-06-11,14.46815621141695
2016-06-12,27.84907713431737
2016-06-13,31.93921270745175
2016-06-14,29.013379927561743
2016-06-15,29.34310809586689
2016-06-16,42.443845472734054
2016-06-17,31.573599945199682
2016-06-18,32.03969835610505
2016-06-19,32.836795086356396
2016-06-20,25.905968259525135
2016-06-21,15.618360023162436
2016-06-22,2.487944966845923
2016-06-23,8.58761021363652
2016-06-24,15.209282631252186
2016-06-25,9.624756597691508
2016-06-26,-6.45333319365503
2016-06-27,-6.970844350644267
2016-06-28,-5.624321585580905
2016-06-29,-7.859095146298212
2016-06-30,-12.132329306557676
2016-07-01,-9.695834379193602
2016-07-02,-6.9456611169088305
2016-07-03,-13.762715251392354
2016-07-04,-7.265618013400177
2016-07-05,0.5962685375846766
2016-07-06,13.624019852725722
2016-07-07,2.6579541018010966
2016-07-08,0.18397727634678063
2016-07-09,-2.129375213022644
2016-07-10,3.176680835336576
2016-07-11,-1.1622641976355874
2016-07-12,2.712522642759474
2016-07-13,2.278204481749868
2016-07-14,-2.2661717039970886
2016-07-15,-1.9282999744279161
2016-07-16,-6.101303593518425
2016-07-17,3.1571458237323657
2016-07-18,-1.5440333382174876
2016-07-19,0.333568429738218
2016-07-20,-1.719395111572286
2016-07-21,3.816962533207491
2016-07-22,-2.3861128215213356
2016-07-23,0.7060353700184763
2016-07-24,1.8364217499481583
2016-07-25,0.9940397693572134
2016-07-26,-1.9211509003390637
2016-07-27,-0.01772859739647137
2016-07-28,-0.46241174847475586
2016-07-29,-0.9442825086559359
2016-07-30,-0.8656654689106813
2016-07-31,-8.061995689205581
2016-08-01,-9.929200335867439
2016-08-02,-18.63660180822213
2016-08-03,-14.921474616136699
2016-08-04,-13.040820296506395
2016-08-05,-11.616012872811543
2016-08-06,-10.33901175464742
2016-08-07,-10.372981967034667
2016-08-08,-9.638168413205573
2016-08-09,-9.816591431286703
2016-08-10,-9.51307002214512
2016-08-11,-10.06281812681168
2016-08-12,-10.568314770540177
2016-08-13,-10.603664213119046
2016-08-14,-8.677709966636883
2016-08-15,-6.438031896288887
2016-08-16,5.475052747067988
2016-08-17,1.211435096765645
2016-08-18,-0.6866822632166869
2016-08-19,0.10207496993748233
2016-08-20,-1.034573230848046
2016-08-21,-1.9204000340130478
2016-08-22,-0.7276872982113325
2016-08-23,-0.7461788621413112
2016-08-24,-2.013335425829532
2016-08-25,-1.9281316364079593
2016-08-26,-1.3459107455351393
2016-08-27,-2.6709891003182107
2016-08-28,0.6028269291233901
2016-08-29,1.210599591188899
2016-08-30,0.011077360053612928
2016-08-31,0.39356577419211725
2016-09-01,-0.3508533642615608
2016-09-02,-0.016159338323562533
2016-09-03,2.839098947353924
2016-09-04,4.700776490110559
2016-09-05,3.3808154886763697
2016-09-06,4.63152250438108
2016-09-07,5.922624036150093
2016-09-08,8.403993031125157
2016-09-09,7.454489326414548
2016-09-10,9.39770698441813
2016-09-11,5.716382954726473
2016-09-12,5.945927553103592
2016-09-13,5.495735519056377
2016-09-14,6.11880976273762
2016-09-15,6.089790072541268
2016-09-16,5.46203557895748
2016-09-17,1.2992107020258103
2016-09-18,0.2037433099445929
2016-09-19,0.4347191484570967
2016-09-20,-0.34794181379618205
2016-09-21,-2.830557100901887
2016-09-22,-4.792789263963504
2016-09-23,-3.214046514514368
2016-09-24,-3.3494260608650794
2016-09-25,-0.9712906729931969
2016-09-26,-0.03287354005653276
2016-09-27,-0.504728319117731
2016-09-28,-0.9752988116910388
2016-09-29,-0.24080110188793302
2016-09-30,0.4550388402600136
2016-10-01,1.319995557836573
2016-10-02,0.1669207019168173
2016-10-03,0.4769988933024827
2016-10-04,0.3110191748112445
2016-10-05,2.572557156494004
2016-10-06,2.8044740598095474
2016-10-07,2.3686127498950826
2016-10-08,2.7351953536610685
2016-10-09,2.6506884341849
2016-10-10,1.8010220427985502
2016-10-11,5.758489271691536
2016-10-12,5.202998471244991
2016-10-13,5.13346173050413
2016-10-14,5.02562699432445
2016-10-15,4.016890722527866
2016-10-16,5.0318142226079
2016-10-17,4.420607478574801
2016-10-18,4.548649952346495
2016-10-19,2.9401977126333634
2016-10-20,2.9095249781624144
2016-10-21,2.545211022256444
2016-10-22,6.16791202644682
2016-10-23,6.537306581053182
2016-10-24,5.616688680799653
2016-10-25,2.5763083489803273
2016-10-26,6.619385008724499
2016-10-27,8.091725651931746
2016-10-28,7.694363437296814
2016-10-29,11.87402856589741
2016-10-30,9.387488257833997
2016-10-31,9.66515476179508
2016-11-01,14.394790399577717
2016-11-02,17.494917766449337
2016-11-03,9.16895864806888
2016-11-04,11.125769034591837
2016-11-05,7.017259183708413
2016-11-06,8.286926424375496
2016-11-07,7.551688775750831
2016-11-08,7.947226525858242
2016-11-09,6.62962225480912
2016-11-10,3.954742896700947
2016-11-11,3.880224919734454
2016-11-12,-1.3191413529626939
2016-11-13,0.023792643114473044
2016-11-14,0.5776280773902798
2016-11-15,-2.490296598201247
2016-11-16,0.4547633928343009
2016-11-17,7.590674762468286
2016-11-18,6.875374239238119
2016-11-19,6.851970797507145
2016-11-20,2.7411701591961934
2016-11-21,5.13659701761886
2016-11-22,5.846175760703898
2016-11-23,2.9478473142527495
2016-11-24,3.4596544823571884
2016-11-25,3.522834743253278
2016-11-26,4.301514821809049
2016-11-27,4.273880604071234
2016-11-28,4.367528367906948
2016-11-29,3.3704811647255806
2016-11-30,0.2006161000180251
2016-12-01,2.1319146496033614
2016-12-02,3.507114594947325
2016-12-03,2.5995987674706678
2016-12-04,5.8610785309126
2016-12-05,2.631326208307039
2016-12-06,1.7138571468414243
2016-12-07,3.161189210451787
2016-12-08,4.122848908841226
2016-12-09,4.199428509433112
2016-12-10,5.339810327888905
2016-12-11,5.149486894801658
2016-12-12,6.017016242175921
2016-12-13,6.110900125008012
2016-12-14,4.799580524360869
2016-12-15,2.816432166820748
2016-12-16,0.8950531488790991
2016-12-17,2.551231498225759
2016-12-18,2.152554919453098
2016-12-19,4.48319183630117
2016-12-20,4.7959731764456
2016-12-21,8.611669005298928
2016-12-22,12.15993308898411
2016-12-23,19.30527434758598
2016-12-24,16.029431763110622
2016-12-25,16.428071890432783
2016-12-26,16.34728101952989
2016-12-27,19.55554273278757
2016-12-28,24.880963007600542
2016-12-29,25.113996454794375
2016-12-30,22.465209004855048
2016-12-31,21.86490462434105
2017-01-01,26.28552684619143
2017-01-02,28.892641504778595
2017-01-03,30.337280175404757
2017-01-04,38.41019652795501
2017-01-05,17.216095355627402
2017-01-06,-2.1457009890504475
2017-01-07,1.0861995781031197
2017-01-08,1.675549779993979
2017-01-09,-0.5268763102027729
2017-01-10,-2.7345731618254154
2017-01-11,-20.305331859431284
2017-01-12,-17.325479528001296
2017-01-13,-14.278874787194217
2017-01-14,-15.079849800742673
2017-01-15,-17.6823214762849
2017-01-16,-18.616687350134576
2017-01-17,-13.01942658133477
2017-01-18,-23.218588210552905
2017-01-19,-11.27977722433945
2017-01-20,-0.7952760069519393
2017-01-21,1.4532463864454837
2017-01-22,1.4787109478475946
2017-01-23,2.01411796483677
2017-01-24,-1.6516856439038996
2017-01-25,15.915635600326205
2017-01-26,14.009350653861063
2017-01-27,11.622311835423016
2017-01-28,12.607102735409947
2017-01-29,11.888323053957773
2017-01-30,10.684833370679359
2017-01-31,6.879878122249017
2017-02-01,11.550073559809725
2017-02-02,12.538135418454633
2017-02-03,15.070403859697489
2017-02-04,13.138692571576915
2017-02-05,11.103059663988834
2017-02-06,12.718400731758539
2017-02-07,18.893852126527875
2017-02-08,17.916853062125604
2017-02-09,8.369460419371544
2017-02-10,7.493776678445219
2017-02-11,8.990981084043348
2017-02-12,8.666167164025374
2017-02-13,7.633787769597866
2017-02-14,3.5188444875142944
2017-02-15,1.8661820618309122
2017-02-16,1.5457554047727529
2017-02-17,1.5826554225026657
2017-02-18,1.104614031536344
2017-02-19,1.9983675978201054
2017-02-20,4.029278527474189
2017-02-21,5.083155812875817
2017-02-22,5.1144325173124505
2017-02-23,17.331046055015186
2017-02-24,18.712542348804597
2017-02-25,13.87724150875913
2017-02-26,16.615499695785864
2017-02-27,19.11164037640485
2017-02-28,17.462543934647854
2017-03-01,21.342361562360757
2017-03-02,21.75991608642358
2017-03-03,21.867506287296766
2017-03-04,19.0370034354165
2017-03-05,20.923397086105133
2017-03-06,17.856810271612634
2017-03-07,9.705010781363299
2017-03-08,2.913808412008412
2017-03-09,1.8659163759184638
2017-03-10,-4.853118429155812
2017-03-11,2.796719029836736
2017-03-12,4.821494710138374
2017-03-13,4.40266059957215
2017-03-14,5.087420059438097
2017-03-15,2.217585685071577
2017-03-16,-5.051914092997545
2017-03-17,-13.706775062602649
2017-03-18,-22.4142154818618
2017-03-19,-18.181388180209403
2017-03-20,-17.174326780222316
2017-03-21,-8.418196112665177
2017-03-22,-8.770433478260875
2017-03-23,-12.61264505896259
2017-03-24,-16.046990799271743
2017-03-25,-17.268735412282698
2017-03-26,-20.849778771349715
2017-03-27,-15.110560535696582
2017-03-28,-15.552417419354835
2017-03-29,-16.776435569214833
2017-03-30,-13.586347731039039
2017-03-31,-2.5849087478965194
2017-04-01,10.955025247721007
2017-04-02,6.311134385777861
2017-04-03,8.497204661168878
2017-04-04,1.1342710262582711
2017-04-05,7.209715854751764
2017-04-06,13.873626042714914
2017-04-07,25.533321837756606
2017-04-08,20.88562362785895
2017-04-09,22.87569106934919
2017-04-10,13.517310909333592
2017-04-11,15.07520244300733
2017-04-12,15.423524570210878
2017-04-13,13.917166049777418
2017-04-14,8.933652722629937
2017-04-15,8.51642943081905
2017-04-16,7.328260955711485
2017-04-17,4.3800956816030245
2017-04-18,6.9199244650342
2017-04-19,7.602376268720179
2017-04-20,3.9232843948850515
2017-04-21,3.8363517783393197
2017-04-22,4.741699249409637
2017-04-23,1.6281214342820371
2017-04-24,5.308602995002221
2017-04-25,5.019043783710986
2017-04-26,6.723756952955151
2017-04-27,12.69584251147764
2017-04-28,12.756730906425041
2017-04-29,12.730701092847863
2017-04-30,13.944078501615142
2017-05-01,19.07094634569424
2017-05-02,19.902274814347077
2017-05-03,23.118419385751878
2017-05-04,25.107405461585763
2017-05-05,27.28201699045143
2017-05-06,28.179530814072873
2017-05-07,32.26447863943693
2017-05-08,37.851453258861056
2017-05-09,38.7099067452916
2017-05-10,39.50183176544837
2017-05-11,40.28442655603843
2017-05-12,30.97350633467284
2017-05-13,36.550433937715574
2017-05-14,34.20308881804426
2017-05-15,22.28686573922676
2017-05-16,19.385059089765555
2017-05-17,23.42140461067972
2017-05-18,22.825441736966035
2017-05-19,27.79003012743031
2017-05-20,32.04521885595661
2017-05-21,27.837866666881773
2017-05-22,26.11483054907937
2017-05-23,32.19054449392613
2017-05-24,36.735429776414065
2017-05-25,24.68989799318093
2017-05-26,27.73279443541965
2017-05-27,12.962416773843488
2017-05-28,19.17674226356798
2017-05-29,29.749833869358543
2017-05-30,25.42708250219208
2017-05-31,24.322896338394795
2017-06-01,27.4921161889123
2017-06-02,25.196839469880782
2017-06-03,20.65591813477925
2017-06-04,23.055561400020807
2017-06-05,23.622443183491026
2017-06-06,23.391457031284713
2017-06-07,11.806977772235939
2017-06-08,21.719934287672228
2017-06-09,28.213971858541864
2017-06-10,44.5756702599373
2017-06-11,37.216348444382106
2017-06-12,17.91177361487144
2017-06-13,24.893473880086027
2017-06-14,9.620331150838734
2017-06-15,2.354776722888552
2017-06-16,1.2059235060214668
2017-06-17,5.586887690573872
2017-06-18,1.4523383195034878
2017-06-19,-3.618043660152903
2017-06-20,-4.9388765863387025
2017-06-21,-1.576035641650253
2017-06-22,-3.57176669759387
2017-06-23,-2.7941024839305495
2017-06-24,-11.500113460450457
2017-06-25,-12.464045679960211
2017-06-26,-6.812223503656567
2017-06-27,-6.057006123937203
2017-06-28,2.729841117077103
2017-06-29,3.032564884669986
2017-06-30,-1.4976800281259472
2017-07-01,-8.333578465528813
2017-07-02,-1.6411031460300762
2017-07-03,-0.9862541718207773
2017-07-04,-4.414379664793822
2017-07-05,-3.2393776663348195
2017-07-06,-3.579858733067298
2017-07-07,-8.2425291631939
2017-07-08,-1.4328821573620698
2017-07-09,-2.74077776064372
2017-07-10,-4.272424059129209
2017-07-11,-8.409955772723398
2017-07-12,-6.8335650027734225
2017-07-13,-7.1444387135840115
2017-07-14,-9.976459232385636
2017-07-15,-17.89612270156291
2017-07-16,-23.00646054697936
2017-07-17,-13.090572735293327
2017-07-18,-10.86852991302899
2017-07-19,-12.62726064522639
2017-07-20,8.01361802189582
2017-07-21,5.919818602329818
2017-07-22,9.286209557201142
2017-07-23,8.416319863313348
2017-07-24,16.11339812241188
2017-07-25,10.210067500420216
2017-07-26,5.4447090347274685
2017-07-27,13.311851225480908
2017-07-28,25.77618720467798
2017-07-29,36.400246713628626
2017-07-30,42.87239271803027
2017-07-31,29.031022188345034
2017-08-01,17.222976055288864
2017-08-02,19.232613411372988
2017-08-03,-0.4567758926873777
2017-08-04,8.551364520978776
2017-08-05,15.756970398571735
2017-08-06,17.709495178556445
2017-08-07,22.653775863762938
2017-08-08,32.7369111170039
2017-08-09,32.14216670618757
2017-08-10,26.555329866192356
2017-08-11,29.96109319667395
2017-08-12,42.48234997217448
2017-08-13,47.73283247587485
2017-08-14,50.42150669587158
2017-08-15,53.845848469808445
2017-08-16,61.45934432956752
2017-08-17,54.44231608348977
2017-08-18,43.673284231459576
2017-08-19,28.921498241602706
2017-08-20,27.185323529354633
2017-08-21,18.43181766692432
2017-08-22,19.90035178223033
2017-08-23,24.205155349771125
2017-08-24,28.196426762144398
2017-08-25,19.749520845584033
2017-08-26,12.039249923296925
2017-08-27,7.601279374257275
2017-08-28,1.3301397774463153
2017-08-29,9.495372406715186
2017-08-30,4.310849375974057
2017-08-31,8.580951108291712
2017-09-01,17.5788615262324
2017-09-02,9.182101893194572
2017-09-03,12.11695834934714
2017-09-04,5.8617018993280645
2017-09-05,6.731091755528107
2017-09-06,10.733420406340732
2017-09-07,6.118091675329174
2017-09-08,-3.2676844816009964
2017-09-09,-2.9027627480173512
2017-09-10,-5.930802324933349
2017-09-11,-5.051501328409181
2017-09-12,-9.788338095101834
2017-09-13,-14.954323837665228
2017-09-14,-32.92178919666768
2017-09-15,-25.643647621450782
2017-09-16,-20.82939254066314
2017-09-17,-21.82170663742353
2017-09-18,-4.039130885532771
2017-09-19,-10.31775941632258
2017-09-20,-15.03485113308386
2017-09-21,-21.062285725777063
2017-09-22,-14.142478250073909
2017-09-23,-10.261571083838684
2017-09-24,-10.674418237905625
2017-09-25,-5.652119445976256
2017-09-26,-5.772716672858291
2017-09-27,8.192464998638282
2017-09-28,32.3231761149418
2017-09-29,14.448025058567238
2017-09-30,19.68722867394512
2017-10-01,22.910629934729563
2017-10-02,8.465017149165078
2017-10-03,10.00033151591213
2017-10-04,8.279929749668247
2017-10-05,19.20579529583093
2017-10-06,20.384777535696742
2017-10-07,16.730573024890848
2017-10-08,25.188166464858995
2017-10-09,21.546990689112675
2017-10-10,22.856118118900028
2017-10-11,14.897863188975414
2017-10-12,30.473352338825997
2017-10-13,35.65013799297736
2017-10-14,34.41299583104354
2017-10-15,28.94016538851094
2017-10-16,29.851996964146732
2017-10-17,29.832906972738282
2017-10-18,32.187615197028194
2017-10-19,31.88491418926427
2017-10-20,37.53629450499074
2017-10-21,36.24914807774009
2017-10-22,30.320919905610346
2017-10-23,24.272735637014375
2017-10-24,15.571966201552012
2017-10-25,19.151013343683232
2017-10-26,8.406966681754092
2017-10-27,2.3673626786195667
2017-10-28,-1.3495032309752908
2017-10-29,8.376968046902466
2017-10-30,7.072458070400334
2017-10-31,15.393606862195242
2017-11-01,21.04606283691597
2017-11-02,23.998864420203958
2017-11-03,19.9005153863709
2017-11-04,22.354766149816463
2017-11-05,23.28382922900507
2017-11-06,18.421265200215608
2017-11-07,29.271667883158937
2017-11-08,29.715695102344107
2017-11-09,20.97858843754521
2017-11-10,14.482870300354822
2017-11-11,10.507575414113424
2017-11-12,-3.3114273301234287
2017-11-13,6.99711874901201
2017-11-14,2.587194677747995
2017-11-15,8.101150608148888
2017-11-16,11.205621826658184
2017-11-17,6.954039594443406
2017-11-18,5.558299123453625
2017-11-19,8.492577901744047
2017-11-20,16.77232201082246
2017-11-21,12.973552613089678
2017-11-22,10.641995448588059
2017-11-23,12.531390874400717
2017-11-24,24.713140839314352
2017-11-25,38.27418816048973
2017-11-26,56.81412287574528
2017-11-27,49.681595043899264
2017-11-28,51.584972384432824
2017-11-29,35.17266393571301
2017-11-30,30.005115619428867
2017-12-01,42.374024040046535
2017-12-02,42.161572605384265
2017-12-03,40.89733036811152
2017-12-04,42.14988946432974
2017-12-05,47.64362120023484
2017-12-06,73.15579765862937
2017-12-07,122.66713905817146
2017-12-08,100.7514157639663
2017-12-09,72.6577005554937
2017-12-10,65.6429761804374
2017-12-11,72.50150438190614
2017-12-12,73.13596779551372
2017-12-13,65.93028378028256
2017-12-14,61.85898054319705
2017-12-15,61.329686047223575
2017-12-16,76.05512686124595
2017-12-17,69.04055789327145
2017-12-18,63.96903972875452
2017-12-19,49.1746786283902
2017-12-20,16.325085603330656
2017-12-21,-11.71415677071439
2017-12-22,-16.522025670204588
2017-12-23,-3.1558418906465047
2017-12-24,-9.896868067492559
2017-12-25,-17.182708881270635
2017-12-26,-7.554236804569136
2017-12-27,-3.47203987101955
2017-12-28,-11.817797633421879
2017-12-29,-17.228877604973704
2017-12-30,-33.56960448440739
2017-12-31,-26.040709827290698
2018-01-01,-28.54945143909353
2018-01-02,-15.720576556828325
2018-01-03,-8.563211400467729
2018-01-04,-1.2890051253883095
2018-01-05,26.0103547312728
2018-01-06,19.23778006616912
2018-01-07,18.3242602919208
2018-01-08,8.15236787158511
2018-01-09,-9.3442119294725
2018-01-10,-5.462639738611608
2018-01-11,-8.220314209427304
2018-01-12,-4.609657189525029
2018-01-13,10.870739942265084
2018-01-14,-2.71538230328936
2018-01-15,1.1905779199131272
2018-01-16,-23.30514213710432
2018-01-17,-26.395634438523775
2018-01-18,-26.439174781037554
2018-01-19,-33.4037098539832
2018-01-20,-26.403832971986084
2018-01-21,-29.600792079787695
2018-01-22,-27.94114295390189
2018-01-23,-25.53544198964346
2018-01-24,-24.13562448534704
2018-01-25,-16.010976183602654
2018-01-26,-20.093553184883294
2018-01-27,-20.330496513666464
2018-01-28,-14.418386545164097
2018-01-29,-18.25930512457232
2018-01-30,-12.046474870545232
2018-01-31,-8.64719476798287
2018-02-01,-20.08174601504478
2018-02-02,-23.92138030452472
2018-02-03,-28.872255509637046
2018-02-04,-28.647080240774525
2018-02-05,-36.37347667068907
2018-02-06,-28.65555444183856
2018-02-07,-32.90755195988759
2018-02-08,-26.589431435381307
2018-02-09,-21.7915376478784
2018-02-10,-24.638350415229983
2018-02-11,-31.021861402582918
2018-02-12,-20.978630324471116
2018-02-13,-14.92128933533059
2018-02-14,-7.107549615897701
2018-02-15,10.859342500712676
2018-02-16,15.889368298275897
2018-02-17,21.120534218340747
2018-02-18,27.483234927960364
2018-02-19,61.39272483629617
2018-02-20,47.068612264637586
2018-02-21,40.27004139092518
2018-02-22,21.043993094608247
2018-02-23,17.90228495473589
2018-02-24,13.815630754020392
2018-02-25,18.877809062182394
2018-02-26,16.133070501922788
2018-02-27,24.740793776747005
2018-02-28,9.51348835216097
2018-03-01,7.717575334673832
2018-03-02,8.330157295157115
2018-03-03,3.3925148108434167
2018-03-04,9.105553761024954
2018-03-05,3.1001399164857224
2018-03-06,-5.4701526112858385
2018-03-07,-6.7801957970649696
2018-03-08,-6.096853913043487
2018-03-09,-9.353853865835383
2018-03-10,-9.651111046716498
2018-03-11,-0.8908741560478273
2018-03-12,-11.204916281462884
2018-03-13,-14.271929363422498
2018-03-14,-20.466543638386735
2018-03-15,-24.199978522509358
2018-03-16,-24.787583751989338
2018-03-17,-31.095853254332894
2018-03-18,-28.56800403645481
2018-03-19,-25.426191869052694
2018-03-20,-17.313988036088524
2018-03-21,-10.398702808289539
2018-03-22,-7.0946178407623295
2018-03-23,-4.904173981002935
2018-03-24,-2.231895815474838
2018-03-25,-11.304848639384469
2018-03-26,-10.817020455399684
2018-03-27,-14.810569263330297
2018-03-28,-3.8130211745613263
2018-03-29,-13.675210868069776
2018-03-30,-17.363503053857155
2018-03-31,-11.915680317768441
2018-04-01,-16.774117674024858
2018-04-02,-17.922758030067442
2018-04-03,-16.350084856242653
2018-04-04,-23.24308752269356
2018-04-05,-21.96260710018957
2018-04-06,-25.26347144857256
2018-04-07,-20.270026825702324
2018-04-08,-17.32931179586782
2018-04-09,-17.524671017108872
2018-04-10,-12.744480661782065
2018-04-11,-12.397544006390227
2018-04-12,10.097405491578758
2018-04-13,14.591640951360297
2018-04-14,14.522207264079267
2018-04-15,21.695360564140476
2018-04-16,13.76196594816108
2018-04-17,5.981403026437682
2018-04-18,19.10724656261753
2018-04-19,21.769739985569302
2018-04-20,33.29420993258025
2018-04-21,28.714577277893085
2018-04-22,25.328324485932075
2018-04-23,31.9042394155556
2018-04-24,41.88501618214742
2018-04-25,26.94222506168371
2018-04-26,17.647555420350457
2018-04-27,13.81833050558956
2018-04-28,17.057341065204913
2018-04-29,13.086268280000347
2018-04-30,14.665942325959946
2018-05-01,15.399975778863073
2018-05-02,13.137876162779104
2018-05-03,17.47644900116745
2018-05-04,9.6647762896356
2018-05-05,10.820770591235163
2018-05-06,9.682973257207195
2018-05-07,4.950574733869129
2018-05-08,-4.7711233513792255
2018-05-09,5.420003768109738
2018-05-10,-2.5595979747848996
2018-05-11,-6.070507929047797
2018-05-12,-9.023828244572861
2018-05-13,-7.380122498625186
2018-05-14,-5.668058471116055
2018-05-15,-6.674297962364961
2018-05-16,-9.388234754337644
2018-05-17,-16.92902472336254
2018-05-18,-14.945118464652019
2018-05-19,-16.341510720618903
2018-05-20,-11.82365070282263
2018-05-21,-10.178369123871434
2018-05-22,-12.918936022182681
2018-05-23,-18.95255558747364
2018-05-24,-16.105818003491656
2018-05-25,-11.38839316697835
2018-05-26,-13.509990282709905
2018-05-27,-15.540227789015294
2018-05-28,-18.135113934456427
2018-05-29,-12.19440322603046
2018-05-30,-11.498740553111764
2018-05-31,-7.414457484377246
2018-06-01,-8.599225975562707
2018-06-02,-7.320435783380008
2018-06-03,-9.314891492673183
2018-06-04,-10.743806488183182
2018-06-05,-5.073752700379375
2018-06-06,1.2723266529144128
2018-06-07,1.1980534926465003
2018-06-08,1.9355223611902117
2018-06-09,2.3940045215662176
2018-06-10,-7.901503728332859
2018-06-11,-3.2100704245442646
2018-06-12,-11.913272367207417
2018-06-13,-14.266080630941168
2018-06-14,-10.926090981687775
2018-06-15,-14.385431037113683
2018-06-16,-14.303619584192251
2018-06-17,-15.815290696544803
2018-06-18,-10.375320796983168
2018-06-19,-11.315784770269644
2018-06-20,-11.463711393193377
2018-06-21,-12.353090956961065
2018-06-22,-20.21306448810205
2018-06-23,-18.182469996421847
2018-06-24,-9.030183203025677
2018-06-25,-9.52290968228776
2018-06-26,-7.4242361580224125
2018-06-27,-3.035796185374273
2018-06-28,-11.563590608247976
2018-06-29,-3.6905028687232
2018-06-30,-2.231398202777013
2018-07-01,-1.745583667871664
2018-07-02,-1.7912824864310672
2018-07-03,-3.550254494052385
2018-07-04,-2.641462176931497
2018-07-05,-1.346264400255326
2018-07-06,9.694939497574895
2018-07-07,11.269005307178315
2018-07-08,9.729912945831964
2018-07-09,7.88215110026298
2018-07-10,3.8774708184792894
2018-07-11,3.8586172862125956
2018-07-12,5.511534313075184
2018-07-13,0.3176109325593979
2018-07-14,-1.9968751249219152
2018-07-15,-0.40996595146027826
2018-07-16,1.928732217832474
2018-07-17,12.120978712426457
2018-07-18,11.719956693832035
2018-07-19,12.467273004031188
2018-07-20,10.198994275867236
2018-07-21,8.201335708044976
2018-07-22,9.516117234640387
2018-07-23,14.378460533244342
2018-07-24,33.085873845489225
2018-07-25,27.939972053409612
2018-07-26,27.658092038153768
2018-07-27,30.890422828228758
2018-07-28,30.52889744429981
2018-07-29,29.228380599485494
2018-07-30,21.340601179219053
2018-07-31,6.2750633728640315
2018-08-01,3.4478084871992998
2018-08-02,1.3431354122093397
2018-08-03,1.0913630201926816
2018-08-04,-5.208583826331791
2018-08-05,-4.7180793255729325
2018-08-06,-9.846962000157411
2018-08-07,-19.837321299495812
2018-08-08,-22.925081197603824
2018-08-09,-17.39717244158023
2018-08-10,-24.25348972938387
2018-08-11,-23.149238240101532
2018-08-12,-23.06721732534095
2018-08-13,-23.01711098374939
2018-08-14,-20.316717203485446
2018-08-15,-17.264336353709552
2018-08-16,-16.286447843120833
2018-08-17,-11.48393127434819
2018-08-18,-8.660647156025902
2018-08-19,-7.956592613847935
2018-08-20,-9.253287465748594
2018-08-21,-3.9146401429246414
2018-08-22,1.1245227916016898
2018-08-23,-0.5077486187534563
2018-08-24,8.654407456052414
2018-08-25,7.425031926162751
2018-08-26,6.082376782486598
2018-08-27,9.322172352304525
2018-08-28,14.461480127941106
2018-08-29,11.708612062072831
2018-08-30,10.15828617844261
2018-08-31,6.943867124034098
2018-09-01,11.978813997260573
2018-09-02,11.783617633059084
2018-09-03,15.083233438359688
2018-09-04,13.452499729976907
2018-09-05,6.525624021556475
2018-09-06,-0.08737667871835386
2018-09-07,-3.7632685085577045
2018-09-08,-7.943144665260848
2018-09-09,-6.059104868132503
2018-09-10,-8.060551182880216
2018-09-11,-10.922336963634805
2018-09-12,-9.867242060732305
2018-09-13,-6.605112217869314
2018-09-14,-7.458105075646437
2018-09-15,-9.03694164668265
2018-09-16,-10.388685617820103
2018-09-17,-13.482806699189043
2018-09-18,-13.45294851994524
2018-09-19,-5.804503196348021
2018-09-20,-0.14550088469883482
2018-09-21,4.142221721588135
2018-09-22,7.9666173292127995
2018-09-23,6.503398407672201
2018-09-24,4.197828535542514
2018-09-25,1.981744227925053
2018-09-26,2.254482184518425
2018-09-27,2.446407176528642
2018-09-28,2.0178991969085125
2018-09-29,0.8980279412037717
2018-09-30,1.6629873668234207
2018-10-01,4.910206846225185
2018-10-02,2.900511648423376
2018-10-03,1.6261491584924181
2018-10-04,0.8745844449515872
2018-10-05,-1.6699487263246215
2018-10-06,-1.9885498230835186
2018-10-07,-1.604613722964865
2018-10-08,0.8615055418245587
2018-10-09,3.0430594644420994
2018-10-10,1.3938381062355676
2018-10-11,-6.2981205826187825
2018-10-12,-5.5620496815624865
2018-10-13,-4.785998837716954
2018-10-14,-5.050590139099976
2018-10-15,0.10501245712402074
2018-10-16,0.6102677567751957
2018-10-17,0.643441044318771
2018-10-18,-1.5202173266024133
2018-10-19,-2.3717674417190193
2018-10-20,-1.504484717816168
2018-10-21,-1.8264577717294173
2018-10-22,-2.4814208843693675
2018-10-23,-2.5125537370352724
2018-10-24,-1.3619244605694192
2018-10-25,3.5172850908780973
2018-10-26,3.190172402163416
2018-10-27,3.0924268375183583
2018-10-28,3.107012087746308
2018-10-29,-4.000736059202459
2018-10-30,-3.969610095016096
2018-10-31,-3.4658527465355804
2018-11-01,-1.5274757800753047
2018-11-02,-1.19049237624268
2018-11-03,-1.9714352047504713
2018-11-04,-1.6386065762287738
2018-11-05,-1.0405169346338505
2018-11-06,-0.22747157031811627
2018-11-07,0.5280347703104482
2018-11-08,-0.34849927758153765
2018-11-09,-1.3765764392447477
2018-11-10,-1.0980786510166318
2018-11-11,-1.1581190063097768
2018-11-12,0.6101751991495652
2018-11-13,0.398155018974089
2018-11-14,-9.168970189066595
2018-11-15,-11.442069569669222
2018-11-16,-12.724391925217915
2018-11-17,-12.685061099264017
2018-11-18,-11.803238920940895
2018-11-19,-24.11607288203621
2018-11-20,-31.096372266340865
2018-11-21,-29.524178264966373
2018-11-22,-32.35002764990488
2018-11-23,-31.92345013717639
2018-11-24,-39.450356208426825
2018-11-25,-37.45435836439782
2018-11-26,-40.68482624128369
2018-11-27,-39.92097117197964
2018-11-28,-25.80759540126616
2018-11-29,-24.241782659083487
2018-11-30,-27.948476912583153
2018-12-01,-24.119168003828527
2018-12-02,-26.383062958752067
2018-12-03,-20.062841718918655
2018-12-04,-11.118390810861111
2018-12-05,-18.429894231967047
2018-12-06,-19.350658630601615
2018-12-07,-21.32848343428214
2018-12-08,-10.426959228535226
2018-12-09,-9.868792007470118
2018-12-10,-7.31580775362305
2018-12-11,-10.367989253510256
2018-12-12,-18.097104375789584
2018-12-13,-22.556766020884854
2018-12-14,-19.286330535101605
2018-12-15,-23.202521690967938
2018-12-16,-21.426690206781053
2018-12-17,-8.943359265780648
2018-12-18,-6.59190593050335
2018-12-19,-0.2142834306422703
2018-12-20,17.418968056551854
2018-12-21,13.936116639679064
2018-12-22,15.47900199839951
2018-12-23,10.645293306414306
2018-12-24,16.443039625170663
2018-12-25,11.414586881409017
2018-12-26,10.62095502628766
2018-12-27,10.295397670724139
2018-12-28,21.01579087618397
2018-12-29,18.03181768290061
2018-12-30,18.848565978152987
2018-12-31,5.551133703620392
2019-01-01,3.9896802169138157
2019-01-02,5.27125839759186
2019-01-03,-7.200493749118575
2019-01-04,-0.9964259348620996
2019-01-05,-4.209774520081345
2019-01-06,1.941803625698113
2019-01-07,-1.3080675108594675
2019-01-08,5.644285168925056
2019-01-09,4.614598045973373
2019-01-10,0.6591562933404793
2019-01-11,-6.028494472622858
2019-01-12,-4.1646765796240715
2019-01-13,-8.096310053164258
2019-01-14,-0.9791911908876072
2019-01-15,-5.53775512791529
2019-01-16,-7.313533975061082
2019-01-17,-4.1226978130947
2019-01-18,-5.18125478336442
2019-01-19,-3.0330382136344203
2019-01-20,-11.666955215278064
2019-01-21,-11.159953064371086
2019-01-22,-10.575213021558083
2019-01-23,-11.15589282240249
2019-01-24,-2.121790776236576
2019-01-25,-2.3756693091284475
2019-01-26,-1.6070947348558962
2019-01-27,0.8728709304320015
2019-01-28,-6.3572176364833695
2019-01-29,-5.028220241892056
2019-01-30,-4.619011744031665
2019-01-31,-6.001560448602938
2019-02-01,-4.6446556426204655
2019-02-02,-5.565341654501788
2019-02-03,-3.804491081643413
2019-02-04,-3.2683824587117383
2019-02-05,-3.8345614568602304
2019-02-06,-4.779619074536057
2019-02-07,-5.592927594060793
2019-02-08,1.8616322960641973
2019-02-09,1.908228139439605
2019-02-10,2.963823243158048
2019-02-11,5.128447391148572
2019-02-12,5.957211556209097
2019-02-13,4.184776670390367
2019-02-14,4.600858022801257
2019-02-15,3.8092764099481036
2019-02-16,3.087899171690278
2019-02-17,6.057215376360259
2019-02-18,13.198611423623685
2019-02-19,13.868652348107457
2019-02-20,17.167328463968403
2019-02-21,16.315667145078283
2019-02-22,9.238250257162317
2019-02-23,12.838384673925729
2019-02-24,3.258350264014398
2019-02-25,6.420997041592669
2019-02-26,5.496859884410643
2019-02-27,6.028979959598302
2019-02-28,6.577616191255364
2019-03-01,6.594460820584769
2019-03-02,6.463944092190932
2019-03-03,4.718217971973804
2019-03-04,-3.9368864024301287
2019-03-05,-1.2849827190936747
2019-03-06,-2.3970557837202366
2019-03-07,-1.07821231515427
2019-03-08,-2.6062745086578465
2019-03-09,-4.326179172108224
2019-03-10,3.7048956939999433
2019-03-11,0.5802927739630981
2019-03-12,1.4217242217653858
2019-03-13,1.445578741379916
2019-03-14,1.8051261945736252
2019-03-15,2.625345110402999
2019-03-16,4.76943571381232
2019-03-17,4.6281540832979084
2019-03-18,7.203139171038764
2019-03-19,4.486610913990563
2019-03-20,4.701239452922934
2019-03-21,3.0127316819462013
2019-03-22,3.1487445912334655
2019-03-23,1.8295976575304573
2019-03-24,1.7858174310986463
2019-03-25,1.4811752973779235
2019-03-26,1.9422237471321324
2019-03-27,4.616379017044725
2019-03-28,3.6881860956413215
2019-03-29,3.470498942900657
2019-03-30,1.4309273690681135
2019-03-31,1.9918194199715744
2019-04-01,3.1165667140149678
2019-04-02,19.863669026834295
2019-04-03,21.664851025566236
2019-04-04,22.174222774355457
2019-04-05,25.16701981880591
2019-04-06,25.37252253814477
2019-04-07,29.256080245393747
2019-04-08,33.476578827410464
2019-04-09,30.611115378959887
2019-04-10,30.27809061437945
2019-04-11,24.4618922888445
2019-04-12,24.184333278910476
2019-04-13,24.10538570019427
2019-04-14,25.87608416000058
2019-04-15,21.8587125686472
2019-04-16,7.288740519785919
2019-04-17,5.608581995300188
2019-04-18,7.629540168566895
2019-04-19,5.3037176652313
2019-04-20,5.495630097921267
2019-04-21,2.2242078964160417
2019-04-22,2.0718144147047868
2019-04-23,7.0587269674167175
2019-04-24,2.635244192887809
2019-04-25,2.883368229297245
2019-04-26,3.7293963097734473
2019-04-27,3.369011641283204
2019-04-28,2.27212276865576
2019-04-29,3.5571400262750297
2019-04-30,2.199707432609732
2019-05-01,2.870545660372681
2019-05-02,3.9049242368280446
2019-05-03,8.757418385359594
2019-05-04,9.241134575474085
2019-05-05,9.053992221797547
2019-05-06,6.434865580349047
2019-05-07,4.614544890041938
2019-05-08,9.471243298481768
2019-05-09,18.501301087644293
2019-05-10,20.82645330070385
2019-05-11,36.75727977286822
2019-05-12,31.92408697143936
2019-05-13,48.93062703367184
2019-05-14,49.40804621340542
2019-05-15,51.87169602554593
2019-05-16,43.22439355650638
2019-05-17,27.314959539901217
2019-05-18,24.69557825150992
2019-05-19,41.444129887791384
2019-05-20,38.83029137587053
2019-05-21,36.603922047389005
2019-05-22,28.376446975590053
2019-05-23,27.650982347210217
2019-05-24,25.216499567367624
2019-05-25,11.766819570651066
2019-05-26,24.39405613996435
2019-05-27,12.679130560666852
2019-05-28,9.07565851649319
2019-05-29,5.536990074017578
2019-05-30,5.511331406356157
2019-05-31,16.756862126639092
2019-06-01,17.779832354921133
2019-06-02,6.651490741704702
2019-06-03,2.8914151185300163
2019-06-04,-3.2091689887605357
2019-06-05,1.8771327144694094
2019-06-06,-0.7590003260504963
2019-06-07,0.7083630631071092
2019-06-08,-1.2221729638757117
2019-06-09,-11.358401456220179
2019-06-10,-9.146820425522584
2019-06-11,-9.085447468847729
2019-06-12,-5.931412159971982
2019-06-13,-1.0643562598422363
2019-06-14,1.3916966332749858
2019-06-15,3.2036182407204628
2019-06-16,2.8769470557887145
2019-06-17,13.53828825770027
2019-06-18,17.826057620459167
2019-06-19,18.523097753277163
2019-06-20,21.799176792494812
2019-06-21,26.11410019881706
2019-06-22,34.54261108420469
2019-06-23,41.19747870667438
2019-06-24,37.63311142535066
2019-06-25,48.73034602417887
2019-06-26,59.78958101876779
2019-06-27,35.863323178356566
2019-06-28,42.714174744130304
2019-06-29,35.31187683256254
2019-06-30,20.264265570840866
2019-07-01,13.548653033412904
2019-07-02,18.938119137894983
2019-07-03,28.983035750090025
2019-07-04,17.720677687324905
2019-07-05,8.22020468227973
2019-07-06,4.736254819643038
2019-07-07,5.4855387332555905
2019-07-08,11.57790933727676
2019-07-09,6.639818671704534
2019-07-10,-6.604974363222837
2019-07-11,1.5725521655293173
2019-07-12,-4.766098799665464
2019-07-13,-4.740986658441093
2019-07-14,-5.187100164869751
2019-07-15,2.947662341050461
2019-07-16,-12.257689634938718
2019-07-17,-18.956740261754067
2019-07-18,-4.894638109302473
2019-07-19,-4.078236297172044
2019-07-20,-3.9381641893281194
2019-07-21,-7.43823784216453
2019-07-22,-15.81359436305181
2019-07-23,-21.25882600842027
2019-07-24,-19.286673512580077
2019-07-25,-12.737594428956722
2019-07-26,-16.466527321459168
2019-07-27,-16.806859987702726
2019-07-28,-6.856417946084914
2019-07-29,-12.629031570196203
2019-07-30,1.3693514847893606
2019-07-31,4.042017428575417
2019-08-01,-2.5014195537386152
2019-08-02,-0.11924732769550417
2019-08-03,0.5069769389508982
2019-08-04,3.5010416877662154
2019-08-05,14.140305746413496
2019-08-06,15.93211187489203
2019-08-07,21.708714645239734
2019-08-08,20.728392079682422
2019-08-09,20.1881610773466
2019-08-10,19.797536196750354
2019-08-11,20.62961958391245
2019-08-12,19.57602918700969
2019-08-13,13.410527869552835
2019-08-14,-0.3363581150866546
2019-08-15,-0.8473639638535535
2019-08-16,-1.3674990258920716
2019-08-17,-5.451832649488475
2019-08-18,-5.691554403810728
2019-08-19,-7.535369580037765
2019-08-20,-6.228663530095835
2019-08-21,-15.105708135436203
2019-08-22,-15.337532211496752
2019-08-23,-12.264852603561383
2019-08-24,-10.516654117175117
2019-08-25,-12.019369257938372
2019-08-26,-8.888957329706104
2019-08-27,-6.5192837343732375
2019-08-28,-2.9575209037525196
2019-08-29,-7.771343995621716
2019-08-30,-7.481585563673098
2019-08-31,-5.874658999645909
2019-09-01,-5.681911932656214
2019-09-02,-5.2151902516413
2019-09-03,-1.297866454267671
2019-09-04,4.502279706446943
2019-09-05,4.387277631682762
2019-09-06,-0.5251949907527864
2019-09-07,3.516686207558717
2019-09-08,2.9862234460880988
2019-09-09,-0.3456400064618448
2019-09-10,-0.6825822394580516
2019-09-11,4.346225547450766
2019-09-12,9.462753039343363
2019-09-13,7.942896853732617
2019-09-14,7.552799684858047
2019-09-15,6.043697054949004
2019-09-16,-0.6762193380580372
2019-09-17,-3.598306935321549
2019-09-18,-3.740104513413045
2019-09-19,-2.9229558270623457
2019-09-20,-1.6580325757912018
2019-09-21,-4.730683924036272
2019-09-22,-3.552092445059596
2019-09-23,-5.860202012229254
2019-09-24,-14.78264916010248
2019-09-25,-16.61738138837756
2019-09-26,-22.008945619435817
2019-09-27,-20.353184030162495
2019-09-28,-20.391232210553557
2019-09-29,-21.68138377661526
2019-09-30,-19.295178940167023
2019-10-01,-18.532815147998438
2019-10-02,-17.701138927789007
2019-10-03,-19.543558714293276
2019-10-04,-19.40455406141882
2019-10-05,-18.64540033266571
2019-10-06,-20.676818702668065
2019-10-07,-15.249786507294527
2019-10-08,-4.5447501306563165
2019-10-09,1.281338018054301
2019-10-10,5.758193320519278
2019-10-11,0.8472181317518146
2019-10-12,1.0992185169420798
2019-10-13,2.675411498694813
2019-10-14,0.9744350573451133
2019-10-15,-1.6529145138409085
2019-10-16,-4.116685432163159
2019-10-17,-1.889602937237067
2019-10-18,-2.836140021907141
2019-10-19,-1.9988950652688686
2019-10-20,2.9283650691036556
2019-10-21,-0.023070955210480193
2019-10-22,-1.829919130025237
2019-10-23,-12.576791870976878
2019-10-24,-12.72914714137572
2019-10-25,4.0729784068398445
2019-10-26,10.896790336599626
2019-10-27,14.79038719422201
2019-10-28,10.525312351443583
2019-10-29,14.896567576617702
2019-10-30,14.391995564207406
2019-10-31,13.520309021384724
2019-11-01,16.152808876094582
2019-11-02,16.72588219290365
2019-11-03,12.32384747013091
2019-11-04,14.179175206343707
2019-11-05,15.65105753638747
2019-11-06,24.56804553425693
2019-11-07,23.67485703191359
2019-11-08,1.664769138218647
2019-11-09,-4.66621850655261
2019-11-10,-5.194758062859107
2019-11-11,-5.38410069088825
2019-11-12,-6.491786994424653
2019-11-13,-4.317571951327581
2019-11-14,-5.342526169208572
2019-11-15,-8.304757868398749
2019-11-16,-8.300058509449105
2019-11-17,-7.118069009364447
2019-11-18,-11.721784943951342
2019-11-19,-12.163537704064764
2019-11-20,-14.246650247290649
2019-11-21,-17.532244258293662
2019-11-22,-17.13030813424662
2019-11-23,-16.0636748035051
2019-11-24,-22.16999093852895
2019-11-25,-18.40252677015962
2019-11-26,-18.118786714492042
2019-11-27,-14.4931999101782
2019-11-28,-14.296913492911766
2019-11-29,-8.605148471905322
2019-11-30,-11.474193801036192
2019-12-01,-13.449363365907818
2019-12-02,-11.881861283835027
2019-12-03,-10.796786373532585
2019-12-04,-9.65749980723265
2019-12-05,-2.5441416113309967
2019-12-06,3.43200548884941
2019-12-07,2.1417311218078217
2019-12-08,7.327387986921408
2019-12-09,3.5650833376805746
2019-12-10,0.8277287801075284
2019-12-11,-4.172203456946388
2019-12-12,-2.9474548702297043
2019-12-13,-6.3335092163139155
2019-12-14,-5.878174519460844
2019-12-15,-3.663523800183055
2019-12-16,-5.319700019334128
2019-12-17,-9.284383353544678
2019-12-18,0.3415326475104896
2019-12-19,-3.295559093716216
2019-12-20,-4.348487142325286
2019-12-21,-4.831493026042743
2019-12-22,-0.697434430879551
2019-12-23,-0.6116958692123586
2019-12-24,0.610220774924275
2019-12-25,0.799848949388382
2019-12-26,-0.05753697005497216
2019-12-27,0.2806697980294981
2019-12-28,2.71333692835547
2019-12-29,3.7799170553396433
2019-12-30,5.200370193787274
2019-12-31,8.328931906476589
2020-01-01,-1.0530506432717246
2020-01-02,-3.017891485882762
2020-01-03,1.746378684672134
2020-01-04,3.052332126597479
2020-01-05,-1.3348904709164056
2020-01-06,5.6227802234802615
2020-01-07,11.487285134757519
2020-01-08,11.061028207852154
2020-01-09,8.842484154855846
2020-01-10,12.022704999362777
2020-01-11,9.8325816377415
2020-01-12,10.371511728005345
2020-01-13,11.671462894796814
2020-01-14,22.716939038616204
2020-01-15,22.31663228526759
2020-01-16,24.88473738342323
2020-01-17,21.568124823432132
2020-01-18,20.674980776582295
2020-01-19,17.472301712112515
2020-01-20,11.43516887327156
2020-01-21,7.131603209503257
2020-01-22,7.4384082922879236
2020-01-23,6.694245002407406
2020-01-24,3.414908714303877
2020-01-25,4.109592695183051
2020-01-26,4.935443712757381
2020-01-27,9.400868501082883
2020-01-28,6.013132623786732
2020-01-29,5.786516627823124
2020-01-30,9.000759750743415
2020-01-31,4.72045484564414
2020-02-01,5.032718762447441
2020-02-02,7.329452690850546
2020-02-03,7.3447119151792695
2020-02-04,4.9745438669296815
2020-02-05,10.74255470842791
2020-02-06,15.741196377066146
2020-02-07,15.990992266961591
2020-02-08,17.893149428054066
2020-02-09,17.679118189033495
2020-02-10,10.62638821613926
2020-02-11,9.078787490026908
2020-02-12,10.834656068519921
2020-02-13,7.4181010211524345
2020-02-14,10.283769864327507
2020-02-15,5.286451751992871
2020-02-16,6.314697095239841
2020-02-17,4.26771589954178
2020-02-18,10.46767331934313
2020-02-19,0.20765641208759789
2020-02-20,-1.2469542033602399
2020-02-21,-1.1178295850332365
2020-02-22,-2.0469849082788705
2020-02-23,-1.899420760884507
2020-02-24,-2.0943965033253242
2020-02-25,-8.488550050738986
2020-02-26,-14.579936602016952
2020-02-27,-13.998752331306852
2020-02-28,-15.90033606536515
2020-02-29,-13.043387673546302
2020-03-01,-13.810344384692662
2020-03-02,-8.467085488120274
2020-03-03,-13.352499334930235
2020-03-04,-9.115596109808788
2020-03-05,-5.512975354506988
2020-03-06,-5.821492995876798
2020-03-07,-7.794819211553716
2020-03-08,-18.302146750864733
2020-03-09,-17.891181340108385
2020-03-10,-15.32884600876928
2020-03-11,-10.306558245495745
2020-03-12,-43.41406566828058
2020-03-13,-35.84622830605569
2020-03-14,-39.52717139318456
2020-03-15,-37.02372150829428
2020-03-16,-43.464863697325754
2020-03-17,-40.535314402148984
2020-03-18,-40.16800417991768
2020-03-19,-31.805763858001136
2020-03-20,-32.04990811436749
2020-03-21,-30.582511029864335
2020-03-22,-28.093594969811907
2020-03-23,-19.02318540543828
2020-03-24,-14.854184105642743
2020-03-25,-15.551767008352346
2020-03-26,35.11822097016268
2020-03-27,16.285748044449843
2020-03-28,20.033735985675193
2020-03-29,9.823759068155669
2020-03-30,28.225495418170965
2020-03-31,23.212804512326123
2020-04-01,26.12110261498446
2020-04-02,9.730461537094627
2020-04-03,8.624423384767832
2020-04-04,11.034011491581719
2020-04-05,16.48083199246986
2020-04-06,13.332673300270903
2020-04-07,6.557144928793024
2020-04-08,9.774427305548983
2020-04-09,8.719632536069422
2020-04-10,6.116030256361893
2020-04-11,9.882569734639857
2020-04-12,17.714306253626244
2020-04-13,6.4573252983257
2020-04-14,6.271245462549069
2020-04-15,0.5348069018422663
2020-04-16,4.757102580944039
2020-04-17,5.388036538621144
2020-04-18,5.680904865138325
2020-04-19,5.864936254833353
2020-04-20,-5.360760185133461
2020-04-21,-4.125894719372658
2020-04-22,-2.957297465622999
2020-04-23,1.7479278572865464
2020-04-24,9.98337189517593
2020-04-25,10.36367435954495
2020-04-26,10.167351279250392
2020-04-27,13.88689926667075
2020-04-28,14.09778659709846
2020-04-29,32.50365121219012
2020-04-30,21.66350891340578
2020-05-01,24.92299931820967
2020-05-02,23.849704163785667
2020-05-03,23.757727374964887
2020-05-04,29.50752757634765
2020-05-05,30.85243231076671
2020-05-06,30.230314248305067
2020-05-07,33.94195718836232
2020-05-08,30.350883606136115
2020-05-09,26.736823661945273
2020-05-10,14.017996010167465
2020-05-11,10.341663411803271
2020-05-12,12.775860882695955
2020-05-13,5.3283398437505625
2020-05-14,12.417408321138957
2020-05-15,5.227781901166395
2020-05-16,4.3212194942981785
2020-05-17,8.690904455269921
2020-05-18,9.132194191285592
2020-05-19,8.063557739316307
2020-05-20,2.7427582422242525
2020-05-21,-8.739940856192273
2020-05-22,-6.706403193270749
2020-05-23,-4.008896444123855
2020-05-24,0.3875723031705913
2020-05-25,3.547383309466179
2020-05-26,0.3472687035041666
2020-05-27,-0.9597610446781424
2020-05-28,-2.13660005737909
2020-05-29,1.189155351638127
2020-05-30,3.448863383506451
2020-05-31,-2.16819685037567
2020-06-01,4.530817386026498
2020-06-02,-2.047832203336697
2020-06-03,1.4043535501186755
2020-06-04,7.915589752768315
2020-06-05,5.259482683520833
2020-06-06,4.825482947162163
2020-06-07,11.017563279844445
2020-06-08,9.706534624291052
2020-06-09,10.873137828630398
2020-06-10,7.5054550668893105
2020-06-11,-2.141245635042177
2020-06-12,0.4419872744371389
2020-06-13,-2.3208980311338667
2020-06-14,-0.7850126628229592
2020-06-15,-7.0477769237993755
2020-06-16,0.08626308840453678
2020-06-17,-1.8273588826773768
2020-06-18,-3.967047347508168
2020-06-19,-3.9057819167475083
2020-06-20,-3.328667185834233
2020-06-21,-4.664714977306616
2020-06-22,-1.2564255228494026
2020-06-23,-1.6950497534086506
2020-06-24,-5.638085452996888
2020-06-25,-0.6111254005236377
2020-06-26,-3.353349020228291
2020-06-27,-4.536930196267197
2020-06-28,-2.590940082718307
2020-06-29,-2.749506353398201
2020-06-30,-4.194068211996083
2020-07-01,-2.657414712042827
2020-07-02,-3.0645510215928096
2020-07-03,-2.1610082151693133
2020-07-04,-2.141504932735616
2020-07-05,-2.4687944693468022
2020-07-06,-2.8319116635851405
2020-07-07,-3.9189434458061334
2020-07-08,1.2317742708160884
2020-07-09,0.14198122857687068
2020-07-10,1.2647679308281257
2020-07-11,2.1553083010165786
2020-07-12,1.4536750318350222
2020-07-13,0.5740463636533688
2020-07-14,1.1514640152558542
2020-07-15,-0.3845581971821721
2020-07-16,0.09664569332334949
2020-07-17,0.7052572362297393
2020-07-18,0.2907395792145717
2020-07-19,1.2329260565903333
2020-07-20,-2.2531463505561455
2020-07-21,1.3251910469319395
2020-07-22,1.0291349798280391
2020-07-23,3.2669276334637676
2020-07-24,2.7814453284617624
2020-07-25,4.7267339216324755
2020-07-26,6.776984767962069
2020-07-27,18.90233344049177
2020-07-28,18.063082808900678
2020-07-29,20.751274898555216
2020-07-30,21.670357199802147
2020-07-31,23.734903737182876
2020-08-01,28.393289284975488
2020-08-02,20.333485819745256
2020-08-03,22.72004150589193
2020-08-04,19.53095271718881
2020-08-05,23.32361627016879
2020-08-06,22.948383134552188
2020-08-07,21.64835202991209
2020-08-08,21.46231584451781
2020-08-09,17.875238927622505
2020-08-10,8.07250049387276
2020-08-11,4.560709341323332
2020-08-12,4.364381816218432
2020-08-13,6.056258443540208
2020-08-14,3.933462295469492
2020-08-15,0.9022886340385616
2020-08-16,7.591991482719251
2020-08-17,8.963386641261351
2020-08-18,7.008284387285868
2020-08-19,0.09586039387756706
2020-08-20,0.8370163697880129
2020-08-21,-0.07743325581476279
2020-08-22,-0.6144327121633042
2020-08-23,-0.09328404616895103
2020-08-24,-0.8714821922571558
2020-08-25,-0.38903226169596516
2020-08-26,-0.8335937369044588
2020-08-27,-3.9098341000843084
2020-08-28,-1.9234733067592935
2020-08-29,-3.02412045782412
2020-08-30,-1.5244332321092013
2020-08-31,-4.680620195899121
2020-09-01,-0.17308379639631166
2020-09-02,-2.92771501635688
2020-09-03,-13.74830814674085
2020-09-04,-9.3222064471979
2020-09-05,-12.94538984068405
2020-09-06,-11.868959919831124
2020-09-07,-11.932742842644007
2020-09-08,-10.862251674977186
2020-09-09,-10.845893314156596
2020-09-10,-8.480306306542019
2020-09-11,-9.890274732510296
2020-09-12,-9.252687976687923
2020-09-13,-11.849458273835456
2020-09-14,-8.560892088093208
2020-09-15,-9.80351238617101
2020-09-16,-3.8472717014415014
2020-09-17,6.868452594254393
2020-09-18,4.11701046586217
2020-09-19,9.093595255053932
2020-09-20,6.3997803671220765
2020-09-21,0.8939266267630419
2020-09-22,4.016608519593889
2020-09-23,0.037480342680540346
2020-09-24,3.830188387543765
2020-09-25,2.805539290589709
2020-09-26,2.954871530201597
2020-09-27,4.373540774953333
2020-09-28,0.2697770839147351
2020-09-29,0.44169369889970334
2020-09-30,-1.734995038804099
2020-10-01,-3.0097577854867663
2020-10-02,-3.367978753039591
2020-10-03,-4.912570282146622
2020-10-04,-2.456407087655721
2020-10-05,3.1645178518309836
2020-10-06,0.6257677995081812
2020-10-07,4.126239806887799
2020-10-08,1.4462656188926726
2020-10-09,3.4765833422643055
2020-10-10,5.075357842193373
2020-10-11,5.651015116124802
2020-10-12,7.8967169972963935
2020-10-13,5.35987137886369
2020-10-14,5.980955544217936
2020-10-15,8.248047533835923
2020-10-16,7.055126979645321
2020-10-17,7.666577212447279
2020-10-18,7.627068146804183
2020-10-19,8.789654348995413
2020-10-20,12.371543300691634
2020-10-21,20.196147851684355
2020-10-22,18.782201504178243
2020-10-23,16.87458214085167
2020-10-24,16.037918046312694
2020-10-25,14.46737445815498
2020-10-26,13.15306779233052
2020-10-27,19.502353865199183
2020-10-28,16.11424137915445
2020-10-29,16.898426494824847
2020-10-30,19.646486836136255
2020-10-31,21.331853220020356
2020-11-01,19.62622544850905
2020-11-02,15.40151961889018
2020-11-03,17.06871975869091
2020-11-04,10.215605912801728
2020-11-05,20.160256704573996
2020-11-06,20.371448310723018
2020-11-07,13.16511426459861
2020-11-08,18.78874142357885
2020-11-09,17.2621381627851
2020-11-10,11.986651334409014
2020-11-11,18.310620708058266
2020-11-12,21.122828473054046
2020-11-13,20.45754651039364
2020-11-14,16.596359955012385
2020-11-15,16.149529391076854
2020-11-16,23.361680967578803
2020-11-17,26.487640137714095
2020-11-18,25.968408853740875
2020-11-19,14.359839198060298
2020-11-20,19.629043943461653
2020-11-21,25.674408110947123
2020-11-22,18.672579785235712
2020-11-23,19.77395832900626
2020-11-24,24.959694425735314
2020-11-25,19.302691872873257
2020-11-26,5.371472306241998
2020-11-27,4.844975018831255
2020-11-28,10.26425913210467
2020-11-29,13.925506845493896
2020-11-30,17.40670753446181
2020-12-01,6.560301194538942
2020-12-02,7.847031443734154
2020-12-03,9.139026677515139
2020-12-04,0.42129771342409583
2020-12-05,2.7464417104669403
2020-12-06,5.30821468334548
2020-12-07,4.5061223500119985
2020-12-08,-4.115251915519879
2020-12-09,-0.9513342194711671
2020-12-10,6.497543196804889
2020-12-11,5.555761045877827
2020-12-12,6.1309296217693765
2020-12-13,5.308206669824189
2020-12-14,-1.9321032143441053
2020-12-15,3.2658521979582744
2020-12-16,10.986384947805906
2020-12-17,17.27793689449111
2020-12-18,23.73396224317652
2020-12-19,24.619112574801317
2020-12-20,21.360289283904365
2020-12-21,18.817844082835688
2020-12-22,29.81191899206026
2020-12-23,25.26382938759553
2020-12-24,29.953240465081542
2020-12-25,36.579665135594006
2020-12-26,40.595194665931004
2020-12-27,37.24673244000702
2020-12-28,40.7248341412203
2020-12-29,40.91945284459173
2020-12-30,35.33620028192792
2020-12-31,27.17173666375534
2021-01-01,26.95220820326547
2021-01-02,34.593605586650035
2021-01-03,39.6328816710513
2021-01-04,40.20874029017345
2021-01-05,42.92724977758746
2021-01-06,58.44333521637131
2021-01-07,65.87094371386894
2021-01-08,65.40829131102174
2021-01-09,52.26572746798499
2021-01-10,45.99577813767966
2021-01-11,31.315885532523048
2021-01-12,23.976385283657553
2021-01-13,29.38670651162816
2021-01-14,35.120700341571066
2021-01-15,25.3665697540443
2021-01-16,12.608831539019349
2021-01-17,9.179585609446427
2021-01-18,14.569537960164647
2021-01-19,6.111287186786041
2021-01-20,-3.4667626735549906
2021-01-21,-21.704641547668523
2021-01-22,-19.098784892956733
2021-01-23,-20.337837418521442
2021-01-24,-15.817584420255793
2021-01-25,-8.997932359750582
2021-01-26,-3.988777192748716
2021-01-27,-18.44717066534576
2021-01-28,-14.599695214612185
2021-01-29,-6.813185205163618
2021-01-30,-5.275608845638413
2021-01-31,-7.479246809973816
2021-02-01,-8.443604071093358
2021-02-02,-1.5512022586197771
2021-02-03,5.413394220449974
2021-02-04,19.789874492903394
2021-02-05,15.568635921048779
2021-02-06,22.447453452466902
2021-02-07,20.483709269399952
2021-02-08,42.7297303296029
2021-02-09,42.712066610697285
2021-02-10,47.59916013108909
2021-02-11,43.157808608170754
2021-02-12,38.431974065317085
2021-02-13,37.45599850614416
2021-02-14,47.11831961266802
2021-02-15,42.960930601564186
2021-02-16,38.5510295529075
2021-02-17,39.167599218782435
2021-02-18,39.95478507454213
2021-02-19,46.517619202019176
2021-02-20,42.87042934858243
2021-02-21,47.904512386212005
2021-02-22,17.34084089778667
2021-02-23,5.041447031768298
2021-02-24,10.657484461681221
2021-02-25,-1.7021328276343728
2021-02-26,-2.452570223179995
2021-02-27,-1.9468261578975077
2021-02-28,-7.347534316556592
2021-03-01,3.5169079847803264
2021-03-02,-1.6684653734796329
2021-03-03,-3.08877520887072
2021-03-04,-6.034522375432616
2021-03-05,-12.454930545435683
2021-03-06,-12.811405120909203
2021-03-07,-11.006708248589748
2021-03-08,-3.617217865923106
2021-03-09,12.288298963128351
2021-03-10,12.681172205164692
2021-03-11,22.74451796891355
2021-03-12,23.721158066492578
2021-03-13,32.59393158774464
2021-03-14,31.380697411891333
2021-03-15,12.645174197387776
2021-03-16,17.41647430504276
2021-03-17,16.487815923638372
2021-03-18,19.14647916198269
2021-03-19,19.2517199058182
2021-03-20,19.22061690174153
2021-03-21,12.335752019041513
2021-03-22,4.368943506277012
2021-03-23,-0.15535475876051752
2021-03-24,-5.77462746473556
2021-03-25,-10.554360621576953
2021-03-26,-3.8281830471765033
2021-03-27,-8.604357762661873
2021-03-28,-5.651668459380588
2021-03-29,3.2965343028195537
2021-03-30,3.719378037489296
2021-03-31,0.08142818345449054
2021-04-01,2.1377631641187778
2021-04-02,1.7784399178245147
2021-04-03,-1.217131790867021
2021-04-04,2.147182439327011
2021-04-05,8.305163071878741
2021-04-06,6.308879431734038
2021-04-07,6.205054369243057
2021-04-08,12.803211480521082
2021-04-09,5.636276534152795
2021-04-10,6.824161176764965
2021-04-11,7.603506739396648
2021-04-12,3.71124937227032
2021-04-13,7.783342346867661
2021-04-14,7.112943582783515
2021-04-15,7.137905759069807
2021-04-16,3.6852772573564785
2021-04-17,5.346739004228485
2021-04-18,-4.3268101257759595
2021-04-19,-5.644654604521049
2021-04-20,-2.9545599172571824
2021-04-21,-3.8231726622828366
2021-04-22,-11.250402854101814
2021-04-23,-12.278051476383034
2021-04-24,-16.29342732306409
2021-04-25,-18.604297780129453
2021-04-26,-9.803574368546663
2021-04-27,-13.338391701833007
2021-04-28,-13.127922971121308
2021-04-29,-15.413495494981323
2021-04-30,-6.20828346445178
2021-05-01,-4.705981787682911
2021-05-02,0.7380339690015392
2021-05-03,2.648805376697161
2021-05-04,-5.559276910605016
2021-05-05,6.526012142933313
2021-05-06,8.952934017766466
2021-05-07,12.257393458260868
2021-05-08,17.488028974847758
2021-05-09,18.83114579746743
2021-05-10,3.4024126136265043
2021-05-11,3.0371840019348895
2021-05-12,-10.34965562159622
2021-05-13,-7.168163810700834
2021-05-14,-13.627041854977573
2021-05-15,-19.139263958446364
2021-05-16,-17.967200816027194
2021-05-17,-23.885858866849897
2021-05-18,-19.545180953933194
2021-05-19,-35.5627675335765
2021-05-20,-27.685712797970396
2021-05-21,-34.95984775638146
2021-05-22,-36.16628980581974
2021-05-23,-40.28988682404982
2021-05-24,-30.70869814365038
2021-05-25,-32.27667576219528
2021-05-26,-20.053364435843367
2021-05-27,-22.687221882886966
2021-05-28,-28.43379615443835
2021-05-29,-25.971070141666996
2021-05-30,-23.200267121653795
2021-05-31,-14.251288153641205
2021-06-01,-14.506090094425117
2021-06-02,1.547839170166565
2021-06-03,-3.859408961593158
2021-06-04,-1.099821873701412
2021-06-05,-5.287303717110847
2021-06-06,3.1400017233723654
2021-06-07,-13.293225945073017
2021-06-08,-12.836730538121078
2021-06-09,-4.960218464148158
2021-06-10,-4.512247324393915
2021-06-11,4.585161798657311
2021-06-12,2.7052444608139714
2021-06-13,9.584949025801915
2021-06-14,7.729441152435079
2021-06-15,10.144067817434088
2021-06-16,2.054235850391728
2021-06-17,-2.9464373605870176
2021-06-18,-3.0008889382790893
2021-06-19,0.1797764970976834
2021-06-20,-0.457532478339151
2021-06-21,-5.613748453689427
2021-06-22,-2.888845530622397
2021-06-23,-9.698974441354636
2021-06-24,-5.558626054541616
2021-06-25,-15.25836595562181
2021-06-26,-9.46835469114572
2021-06-27,-11.377131421277465
2021-06-28,-14.38179940987936
2021-06-29,-11.232148475171734
2021-06-30,-8.621850922740181
2021-07-01,-11.776541600662982
2021-07-02,-5.281767739364862
2021-07-03,-2.6598372857419506
2021-07-04,-1.1499585720782357
2021-07-05,6.532596453638573
2021-07-06,5.320719987533473
2021-07-07,0.39231584890180304
2021-07-08,-5.149858275258334
2021-07-09,6.828015334833681
2021-07-10,4.145375908931337
2021-07-11,-1.1817062961026026
2021-07-12,-3.712829787982419
2021-07-13,-8.826172646935893
2021-07-14,-6.331151134423029
2021-07-15,-5.335936095327076
2021-07-16,-7.303019112929732
2021-07-17,-9.044159039330957
2021-07-18,-9.892859735974458
2021-07-19,-8.677092206699388
2021-07-20,-12.93361295741936
2021-07-21,-5.1532058988130185
2021-07-22,-1.7162735529757112
2021-07-23,-0.6404546510004216
2021-07-24,2.3028455191039576
2021-07-25,3.241804677617499
2021-07-26,12.612217137037263
2021-07-27,20.50306039100951
2021-07-28,21.855714494233204
2021-07-29,25.88893107421042
2021-07-30,34.415907477727224
2021-07-31,32.008071143255144
2021-08-01,25.719824860772356
2021-08-02,27.205396127691017
2021-08-03,27.998575751573405
2021-08-04,23.782764394464717
2021-08-05,26.479810884189824
2021-08-06,27.50006775811262
2021-08-07,29.92891108908249
2021-08-08,23.89783558573768
2021-08-09,24.17906578535691
2021-08-10,15.67766901863472
2021-08-11,13.995758550914195
2021-08-12,11.047341986667636
2021-08-13,13.158994849643445
2021-08-14,13.142565538031459
2021-08-15,17.691377195543744
2021-08-16,17.352554848200796
2021-08-17,17.14775313901309
2021-08-18,12.714467821555786
2021-08-19,14.308997202548635
2021-08-20,15.234023754860848
2021-08-21,9.762345936457372
2021-08-22,12.611352977322433
2021-08-23,6.860171449394548
2021-08-24,4.6530316637657165
2021-08-25,7.3851365811247405
2021-08-26,5.658398601474879
2021-08-27,2.6475408021731983
2021-08-28,3.8334907264179874
2021-08-29,3.7894615533054843
2021-08-30,2.283473044577522
2021-08-31,5.529272299312393
2021-09-01,9.030653136147349
2021-09-02,5.587071581527958
2021-09-03,1.3907796555941765
2021-09-04,2.1247773317676133
2021-09-05,4.930406213967453
2021-09-06,6.2313354626615025
2021-09-07,-1.87604511696694
2021-09-08,-5.860604971680128
2021-09-09,-1.1733507483601802
2021-09-10,-8.509725163426818
2021-09-11,-7.568023523601153
2021-09-12,-5.665721926390466
2021-09-13,-4.445671768433135
2021-09-14,-0.15730447892912114
2021-09-15,-1.3730204773297894
2021-09-16,-3.130822178372239
2021-09-17,-5.512913134584208
2021-09-18,-3.336218299766991
2021-09-19,-8.681923360134524
2021-09-20,-18.599803995654685
2021-09-21,-13.068373414544798
2021-09-22,-5.4606354416107505
2021-09-23,-3.2254329755871503
2021-09-24,-4.554327260916546
2021-09-25,-5.497307928140083
2021-09-26,-6.197411727534464
2021-09-27,-6.06574127186239
2021-09-28,-12.863938469885582
2021-09-29,-13.724544712713449
2021-09-30,-8.35534566054148
2021-10-01,1.7970519363575077
2021-10-02,-1.1741802361868725
2021-10-03,1.98842578357723
2021-10-04,14.632458952568395
2021-10-05,26.591691488465695
2021-10-06,27.050085009757694
2021-10-07,19.84823997327714
2021-10-08,25.976103165868135
2021-10-09,28.681193490527292
2021-10-10,26.761004451320545
2021-10-11,36.1046403712431
2021-10-12,36.57044660235851
2021-10-13,38.10171292155778
2021-10-14,30.898270181307975
2021-10-15,28.00886219945702
2021-10-16,27.625823217610467
2021-10-17,27.704724169272723
2021-10-18,26.292837858680464
2021-10-19,24.744688118587256
2021-10-20,19.203591793531505
2021-10-21,15.61942894944015
2021-10-22,12.460044750834909
2021-10-23,11.689289232091715
2021-10-24,11.245353929629886
2021-10-25,9.66348706596456
2021-10-26,7.713513062479538
2021-10-27,1.8837428327243666
2021-10-28,5.758069714546266
2021-10-29,1.0293472541364812
2021-10-30,1.63674932989204
2021-10-31,-0.3812288663447627
2021-11-01,-1.6471650407124616
2021-11-02,-1.6115121998868998
2021-11-03,-4.580480623442074
2021-11-04,-1.218356071291582
2021-11-05,0.7141110181615451
2021-11-06,0.2180410393316512
2021-11-07,3.9325774972760685
2021-11-08,7.181181042436302
2021-11-09,10.947017791598302
2021-11-10,11.13641921163946
2021-11-11,7.139016295417999
2021-11-12,3.0982478164491623
2021-11-13,4.1698885377370765
2021-11-14,6.764437971283566
2021-11-15,4.185705592372702
2021-11-16,-4.847905521056228
2021-11-17,-4.132179163158655
2021-11-18,-7.339186414519405
2021-11-19,-4.917896804560796
2021-11-20,-2.9747441989310452
2021-11-21,-7.258377261846016
2021-11-22,-16.690940473239813
2021-11-23,-14.039864476224484
2021-11-24,-13.408375699439379
2021-11-25,-11.817222272584083
2021-11-26,-16.50069432230318
2021-11-27,-14.975213277872001
2021-11-28,-12.553504694259699
2021-11-29,-9.048925945763708
2021-11-30,-5.245603304275237
2021-12-01,-5.198421323875257
2021-12-02,-0.8154248150036292
2021-12-03,-7.7793614077442115
2021-12-04,-17.5828900050757
2021-12-05,-15.939984578462951
2021-12-06,-10.138099375554365
2021-12-07,-11.931733094872287
2021-12-08,-10.262233851027148
2021-12-09,-16.765800605624147
2021-12-10,-11.809760343710673
2021-12-11,-9.947208867541868
2021-12-12,-12.489631098927623
2021-12-13,-19.148492334343313
2021-12-14,-18.23123470373925
2021-12-15,-14.560773187714338
2021-12-16,-15.603277863383891
2021-12-17,-13.79914848338284
2021-12-18,-4.7802686376750785
2021-12-19,-5.391724047414536
2021-12-20,-7.319405934349987
2021-12-21,-3.478243920841695
2021-12-22,-3.7150632654633364
2021-12-23,6.528801105499205
2021-12-24,7.57544513161259
2021-12-25,2.1622717509480083
2021-12-26,1.419567483998141
2021-12-27,8.35076572556952
2021-12-28,2.0943306504835446
2021-12-29,-5.014674981901102
2021-12-30,-1.0223359447976255
2021-12-31,0.22574878949614963
2022-01-01,1.7888090223710629
2022-01-02,1.3663967103443087
2022-01-03,-0.9005069507210028
2022-01-04,-6.210154030376936
2022-01-05,-10.404406045236147
2022-01-06,-15.011673859129937
2022-01-07,-18.228832721498446
2022-01-08,-17.243589565333785
2022-01-09,-17.512298538075278
2022-01-10,-17.415251697564436
2022-01-11,-10.197765741942055
2022-01-12,-5.373290789410746
2022-01-13,-9.721782472279273
2022-01-14,-6.925053461401709
2022-01-15,-9.456312606341644
2022-01-16,-8.937206239014372
2022-01-17,-9.05668731682222
2022-01-18,-7.673480496365848
2022-01-19,-4.1880135358079995
2022-01-20,-5.747123004372289
2022-01-21,-12.273444159378776
2022-01-22,-16.062924277351442
2022-01-23,-13.444479964646494
2022-01-24,-12.354800839623136
2022-01-25,-13.529275358004888
2022-01-26,-16.148181001667673
