Date,RSI_14
2017-11-25,86.35667061357398
2017-11-26,86.70378761271981
2017-11-27,87.3239949995429
2017-11-28,83.84576930857268
2017-11-29,66.4822371066371
2017-11-30,69.42595568152949
2017-12-01,72.04747780714641
2017-12-02,71.00423389160413
2017-12-03,71.35167756573253
2017-12-04,72.00550700861177
2017-12-05,69.29556736911996
2017-12-06,57.59715768423796
2017-12-07,58.85212654623522
2017-12-08,63.20885928805361
2017-12-09,66.3124819575882
2017-12-10,56.9080284633494
2017-12-11,68.14630689501796
2017-12-12,79.06311316863415
2017-12-13,81.61843152833292
2017-12-14,80.19127016383912
2017-12-15,77.79543701103103
2017-12-16,78.51074952548275
2017-12-17,79.91856348283575
2017-12-18,83.56225348914992
2017-12-19,84.83891008877997
2017-12-20,83.1663643391921
2017-12-21,83.25719397371552
2017-12-22,58.23318403760587
2017-12-23,61.981076773489974
2017-12-24,58.762321336570686
2017-12-25,64.41486549852232
2017-12-26,64.99172535225301
2017-12-27,63.46939855538584
2017-12-28,59.9197378463616
2017-12-29,61.41124225204423
2017-12-30,56.45019562834127
2017-12-31,60.211002409336864
2018-01-01,61.64830297995271
2018-01-02,69.88256246568803
2018-01-03,74.07875792002693
2018-01-04,74.95268394045618
2018-01-05,75.76474432745077
2018-01-06,77.79377301296276
2018-01-07,81.92656338979951
2018-01-08,81.2488376955805
2018-01-09,85.46780477929404
2018-01-10,79.84814741583955
2018-01-11,68.67721250908558
2018-01-12,73.37897507272706
2018-01-13,77.21620899358294
2018-01-14,74.43583160507058
2018-01-15,67.798873867883
2018-01-16,51.92863199869845
2018-01-17,49.848285885852015
2018-01-18,51.02843316384846
2018-01-19,51.18677602237369
2018-01-20,57.304940725108956
2018-01-21,51.037975678813254
2018-01-22,48.53019711043532
2018-01-23,47.60401524677735
2018-01-24,51.82214211080134
2018-01-25,51.652401417198156
2018-01-26,51.595486620327065
2018-01-27,54.83025129699352
2018-01-28,62.12703933201528
2018-01-29,57.54120094520063
2018-01-30,50.52286685929832
2018-01-31,53.134029870310975
2018-02-01,48.38275078279534
2018-02-02,42.331740759187234
2018-02-03,45.27004587117195
2018-02-04,39.46359545699576
2018-02-05,34.43517976542373
2018-02-06,40.151423130913145
2018-02-07,38.772324642148774
2018-02-08,42.363921146307476
2018-02-09,46.06918394382437
2018-02-10,44.96410578922791
2018-02-11,42.806498501364956
2018-02-12,46.09682097062455
2018-02-13,44.890174542518565
2018-02-14,49.63157407404361
2018-02-15,50.418610002349176
2018-02-16,50.86447519245636
2018-02-17,52.755867962107196
2018-02-18,49.323950325094565
2018-02-19,50.696378546656206
2018-02-20,47.339238803626685
2018-02-21,44.37647323315636
2018-02-22,42.0583525395773
2018-02-23,46.24081624447474
2018-02-24,44.640745645904026
2018-02-25,45.01249647326927
2018-02-26,47.1914307222558
2018-02-27,48.001871725049185
2018-02-28,46.040798072285256
2018-03-01,47.735637072004586
2018-03-02,46.321227046474874
2018-03-03,46.362707592056935
2018-03-04,47.4736465973145
2018-03-05,46.06138008602147
2018-03-06,42.2362240527489
2018-03-07,36.533017051838534
2018-03-08,32.930651858483905
2018-03-09,36.339133683304375
2018-03-10,33.199311781852636
2018-03-11,38.187668418363096
2018-03-12,36.304653257161974
2018-03-13,35.580965151496734
2018-03-14,30.09022239459036
2018-03-15,29.896319102927343
2018-03-16,29.241537644789357
2018-03-17,26.116951538423177
2018-03-18,25.275968381562897
2018-03-19,28.44999283980677
2018-03-20,28.53116858562966
2018-03-21,29.406601589495633
2018-03-22,27.643725909539263
2018-03-23,27.637003061250258
2018-03-24,26.53359055821299
2018-03-25,26.348610753300544
2018-03-26,23.53000384019065
2018-03-27,20.75592597607563
2018-03-28,20.505157995279827
2018-03-29,17.02362245710448
2018-03-30,19.150501817702004
2018-03-31,19.613890530596787
2018-04-01,18.5492148643534
2018-04-02,20.431290489102697
2018-04-03,28.39404386407659
2018-04-04,25.159137726651824
2018-04-05,25.832299739857937
2018-04-06,24.681206313681773
2018-04-07,28.655445441510885
2018-04-08,32.53140565879697
2018-04-09,32.28500918876865
2018-04-10,36.39886064838783
2018-04-11,40.43945116047388
2018-04-12,52.80344705504882
2018-04-13,52.76450175515443
2018-04-14,54.30474639071422
2018-04-15,59.25138337088457
2018-04-16,54.898753624717635
2018-04-17,53.20864914717557
2018-04-18,56.99153353150721
2018-04-19,63.284110289797546
2018-04-20,68.7485331471328
2018-04-21,66.44982959102617
2018-04-22,68.27205114847322
2018-04-23,70.44420807908816
2018-04-24,76.04534167354704
2018-04-25,59.01916276837957
2018-04-26,63.51473090555536
2018-04-27,61.11135551074347
2018-04-28,64.47398748805554
2018-04-29,64.93755275935914
2018-04-30,61.77472970752662
2018-05-01,62.16095388131071
2018-05-02,63.61372543456625
2018-05-03,71.62254554802101
2018-05-04,72.05845528894241
2018-05-05,74.19894554029625
2018-05-06,69.70905475178849
2018-05-07,63.05022976869681
2018-05-08,62.9046649497488
2018-05-09,62.799974990559505
2018-05-10,58.3108571614441
2018-05-11,50.8437262702778
2018-05-12,51.74541500256736
2018-05-13,57.858064199352654
2018-05-14,57.371957357645066
2018-05-15,53.79170659693862
2018-05-16,53.48974264045418
2018-05-17,48.00818754685971
2018-05-18,51.394255621954635
2018-05-19,51.731550722677014
2018-05-20,54.68127152269447
2018-05-21,51.76152942366114
2018-05-22,43.742090922501035
2018-05-23,36.21250892041765
2018-05-24,39.39440459087067
2018-05-25,37.71929629398554
2018-05-26,37.822794792515175
2018-05-27,36.094160021602065
2018-05-28,30.311874679340917
2018-05-29,39.41982042602189
2018-05-30,38.77859616198334
2018-05-31,41.94551478412867
2018-06-01,42.37190402681402
2018-06-02,44.52465771332935
2018-06-03,49.13724178900734
2018-06-04,45.2640613161235
2018-06-05,48.1006432311767
2018-06-06,47.74483537387518
2018-06-07,47.409101866031946
2018-06-08,46.65937997790027
2018-06-09,45.989543247127514
2018-06-10,35.035744309095875
2018-06-11,36.59275334356985
2018-06-12,32.1491654471847
2018-06-13,30.06176423436792
2018-06-14,39.32529228393954
2018-06-15,35.84712056028826
2018-06-16,37.63269232316353
2018-06-17,37.80663723134854
2018-06-18,41.806199716141954
2018-06-19,45.694206405454864
2018-06-20,45.40480653216604
2018-06-21,43.82935460263388
2018-06-22,34.82967963778296
2018-06-23,36.80558473249665
2018-06-24,34.617445561088275
2018-06-25,35.266382636217216
2018-06-26,31.726382321443147
2018-06-27,34.20407591994563
2018-06-28,31.627075214468082
2018-06-29,35.213157904789384
2018-06-30,39.97683314670032
2018-07-01,39.769531267124094
2018-07-02,44.98622470452216
2018-07-03,42.90361482565057
2018-07-04,43.68978823962447
2018-07-05,45.52469856519606
2018-07-06,45.43479775066414
2018-07-07,50.11548155611665
2018-07-08,49.457637105020204
2018-07-09,46.257106216859576
2018-07-10,37.40087358703657
2018-07-11,40.88894069708244
2018-07-12,37.804460364721784
2018-07-13,38.995812512828905
2018-07-14,39.64431416804401
2018-07-15,43.93492357095379
2018-07-16,52.136677124353206
2018-07-17,56.64685027616646
2018-07-18,51.39425622051619
2018-07-19,48.80308098278031
2018-07-20,44.59743448307378
2018-07-21,47.61349559569474
2018-07-22,46.96167000131578
2018-07-23,44.86611982403066
2018-07-24,52.29275489868773
2018-07-25,50.52468539211785
2018-07-26,48.36041336371751
2018-07-27,49.89893894943573
2018-07-28,49.123887652068795
2018-07-29,49.05481580162121
2018-07-30,46.17858728765597
2018-07-31,40.05280367615446
2018-08-01,37.060530747972656
2018-08-02,35.301437436744685
2018-08-03,37.518567243005734
2018-08-04,34.99769033551611
2018-08-05,36.362782147726364
2018-08-06,35.416037259669416
2018-08-07,29.706947540931942
2018-08-08,25.721430416143342
2018-08-09,29.589843024394874
2018-08-10,24.734516356911644
2018-08-11,23.162553693064684
2018-08-12,22.83326657881585
2018-08-13,19.040347983146734
2018-08-14,18.292097399520777
2018-08-15,19.83171968121107
2018-08-16,22.437500219292453
2018-08-17,33.73801818627866
2018-08-18,30.315779106132968
2018-08-19,32.18371796543687
2018-08-20,27.92663691656207
2018-08-21,30.76392210524073
2018-08-22,29.052126337353783
2018-08-23,31.2899968484249
2018-08-24,33.58517769784901
2018-08-25,32.91449184014355
2018-08-26,31.992769309511598
2018-08-27,36.47374091598463
2018-08-28,40.8672612630663
2018-08-29,38.953574211568245
2018-08-30,37.580531186849655
2018-08-31,37.281292826253015
2018-09-01,42.77934843834444
2018-09-02,42.46415177689183
2018-09-03,40.759711432794504
2018-09-04,39.57638912998498
2018-09-05,26.88460139322253
2018-09-06,26.5215984954599
2018-09-07,24.34476446229463
2018-09-08,21.529172865719566
2018-09-09,21.38707155453021
2018-09-10,21.471315522735512
2018-09-11,19.70850429655993
2018-09-12,19.460006363449228
2018-09-13,33.946545280080784
2018-09-14,34.126398970848236
2018-09-15,39.23514850725321
2018-09-16,38.52905220445898
2018-09-17,32.730798155166475
2018-09-18,38.07691051801132
2018-09-19,38.0752913828174
2018-09-20,44.281078446805445
2018-09-21,52.06267553795061
2018-09-22,49.97651795680981
2018-09-23,51.301967865253594
2018-09-24,45.985114146324676
2018-09-25,42.850396795125825
2018-09-26,42.04797313172821
2018-09-27,47.12186833404714
2018-09-28,45.07465571213254
2018-09-29,48.711521466313734
2018-09-30,49.187548353243464
2018-10-01,48.358710236420634
2018-10-02,46.89127319832408
2018-10-03,44.196738665251715
2018-10-04,45.07492566075751
2018-10-05,47.827757405528864
2018-10-06,46.666829563014886
2018-10-07,47.22235199646366
2018-10-08,49.01756834316862
2018-10-09,48.29936348765933
2018-10-10,47.009868958203356
2018-10-11,31.95285081471639
2018-10-12,36.32952264589279
2018-10-13,38.17447852386554
2018-10-14,36.6587485863363
2018-10-15,44.67887285470461
2018-10-16,44.90229147743921
2018-10-17,43.52045020418559
2018-10-18,41.81784196693058
2018-10-19,42.06318181407976
2018-10-20,43.233847074899096
2018-10-21,43.07533411028078
2018-10-22,42.436512638638746
2018-10-23,42.67996569969437
2018-10-24,42.36016602527913
2018-10-25,41.574816246404666
2018-10-26,42.19617603729254
2018-10-27,43.13678780666592
2018-10-28,44.4149005429539
2018-10-29,37.96117200705953
2018-10-30,38.328467529250645
2018-10-31,38.19056526396028
2018-11-01,40.16578537655725
2018-11-02,42.50542034021964
2018-11-03,42.054417863597756
2018-11-04,51.133041675700554
2018-11-05,52.88102053568649
2018-11-06,61.525233401137655
2018-11-07,59.92040833226545
2018-11-08,54.00097167608594
2018-11-09,51.609372829326986
2018-11-10,54.10481415742976
2018-11-11,52.68528180649192
2018-11-12,51.55941291419237
2018-11-13,47.317056685838416
2018-11-14,29.076978290083993
2018-11-15,28.79911372190905
2018-11-16,26.228248651210233
2018-11-17,25.711841313847074
2018-11-18,29.603414612059602
2018-11-19,19.56326832507095
2018-11-20,15.692593759898921
2018-11-21,21.352628584312455
2018-11-22,19.17464445611326
2018-11-23,18.482002330856552
2018-11-24,16.62317150583186
2018-11-25,19.260420193627176
2018-11-26,17.61333223213463
2018-11-27,19.150218538676018
2018-11-28,29.638205089549324
2018-11-29,28.092349288718744
2018-11-30,26.750648847833457
2018-12-01,31.175641729232357
2018-12-02,30.363448141175397
2018-12-03,27.774611277920787
2018-12-04,28.902172101968844
2018-12-05,26.25268083210902
2018-12-06,23.09580528523648
2018-12-07,24.495253639015537
2018-12-08,24.145065511877174
2018-12-09,27.094677857740066
2018-12-10,25.840601619088734
2018-12-11,24.858229396615464
2018-12-12,26.66384900537288
2018-12-13,25.068056084994666
2018-12-14,24.209354211438832
2018-12-15,24.375058388106797
2018-12-16,25.46275267235316
2018-12-17,37.16172837561402
2018-12-18,42.99705300422801
2018-12-19,43.1455267827441
2018-12-20,55.18245202262182
2018-12-21,50.05178019272554
2018-12-22,54.929041532367364
2018-12-23,62.52753609803609
2018-12-24,66.62576381223613
2018-12-25,59.001091698732324
2018-12-26,59.96073304414317
2018-12-27,50.35861845111208
2018-12-28,59.89122840689043
2018-12-29,60.03686707326755
2018-12-30,60.79696507620467
2018-12-31,56.702106918474456
2019-01-01,60.03003840739732
2019-01-02,65.48540111089903
2019-01-03,61.71574008437407
2019-01-04,63.78402575521848
2019-01-05,64.1882131551038
2019-01-06,65.02663068904178
2019-01-07,60.640031833794254
2019-01-08,59.67957320832156
2019-01-09,59.90597989505374
2019-01-10,45.99630875247637
2019-01-11,45.444548346531
2019-01-12,44.59825321225867
2019-01-13,39.999164966221265
2019-01-14,47.781971687612476
2019-01-15,44.21168012222122
2019-01-16,45.16143261100504
2019-01-17,45.29049431919232
2019-01-18,43.73647377192375
2019-01-19,46.285941044798946
2019-01-20,43.25171165110343
2019-01-21,41.893215418084864
2019-01-22,43.21115547691349
2019-01-23,42.36815185569282
2019-01-24,42.30656772444277
2019-01-25,41.592127817798406
2019-01-26,41.710992228336195
2019-01-27,39.3050085694781
2019-01-28,34.55987842362978
2019-01-29,33.91816973927133
2019-01-30,38.051625308680364
2019-01-31,36.67320742265616
2019-02-01,37.398999629992154
2019-02-02,41.13328029707692
2019-02-03,38.55371720837989
2019-02-04,39.01490572109022
2019-02-05,38.65576958261662
2019-02-06,36.25617273924225
2019-02-07,35.8911794095823
2019-02-08,54.723923798259634
2019-02-09,54.88198071326019
2019-02-10,59.85510303543852
2019-02-11,55.55176171441537
2019-02-12,56.76728812946917
2019-02-13,56.74277694793564
2019-02-14,55.14615675710049
2019-02-15,55.96078022380509
2019-02-16,57.32394854825449
2019-02-17,67.09995971682962
2019-02-18,74.65829536220693
2019-02-19,73.5630669806827
2019-02-20,75.70994633789581
2019-02-21,70.68115586434973
2019-02-22,72.38969439213304
2019-02-23,77.09843559872806
2019-02-24,53.75449993674606
2019-02-25,56.22457533511515
2019-02-26,54.8473234076306
2019-02-27,53.25558895683057
2019-02-28,53.71254662540568
2019-03-01,53.438074556290246
2019-03-02,51.349562813799764
2019-03-03,49.525221804916455
2019-03-04,45.54163064682853
2019-03-05,54.408771040451086
2019-03-06,55.16531989689181
2019-03-07,54.40632085767712
2019-03-08,51.468994752468774
2019-03-09,54.07559382583934
2019-03-10,52.77775680010907
2019-03-11,49.666337363421405
2019-03-12,50.322919068321134
2019-03-13,48.98935536586176
2019-03-14,49.53684291330259
2019-03-15,54.231365223659125
2019-03-16,59.07901687560373
2019-03-17,55.83453675846706
2019-03-18,54.98555176498044
2019-03-19,56.29423553932761
2019-03-20,56.49316825223357
2019-03-21,50.49579028068643
2019-03-22,51.24632280873875
2019-03-23,52.743708891708415
2019-03-24,50.75636458805902
2019-03-25,47.73280081260285
2019-03-26,48.45860703450852
2019-03-27,56.78030456952645
2019-03-28,54.105481212625236
2019-03-29,58.25680269485659
2019-03-30,57.52072230689982
2019-03-31,56.42320432243283
2019-04-01,56.90715924084186
2019-04-02,76.54233967377304
2019-04-03,72.51793335597311
2019-04-04,67.32971025091994
2019-04-05,72.0478243314069
2019-04-06,72.29745045316679
2019-04-07,76.7391849527692
2019-04-08,79.14199052397319
2019-04-09,73.24587024286753
2019-04-10,73.86462559307758
2019-04-11,59.51298339680944
2019-04-12,58.72356805025871
2019-04-13,58.478704223875354
2019-04-14,61.08468137078587
2019-04-15,54.1850456751664
2019-04-16,59.000969705279196
2019-04-17,58.26748446499408
2019-04-18,63.2828806712318
2019-04-19,63.15712320511319
2019-04-20,63.189078308305355
2019-04-21,58.46550324867319
2019-04-22,60.05242455635046
2019-04-23,59.48096016902789
2019-04-24,52.40773987622589
2019-04-25,41.628639076480894
2019-04-26,43.69964148448301
2019-04-27,45.982435199270135
2019-04-28,44.91176740315026
2019-04-29,42.93484287405737
2019-04-30,50.709069185775924
2019-05-01,49.30907637141871
2019-05-02,50.72705421875483
2019-05-03,56.573524218790396
2019-05-04,52.09099269937669
2019-05-05,51.447034767526404
2019-05-06,59.96429726428235
2019-05-07,56.644883618313244
2019-05-08,57.661282064243416
2019-05-09,56.83878502068486
2019-05-10,59.53113706606339
2019-05-11,72.98832066091506
2019-05-12,65.27866074317798
2019-05-13,69.94308000320308
2019-05-14,77.02941783166916
2019-05-15,83.29697509934071
2019-05-16,85.66366760423546
2019-05-17,72.39601907151754
2019-05-18,67.31113650566726
2019-05-19,73.21087367444457
2019-05-20,68.50857140003136
2019-05-21,69.26433766488394
2019-05-22,64.06823605140875
2019-05-23,64.4145159517916
2019-05-24,65.41181924307082
2019-05-25,66.0736958782931
2019-05-26,70.2058275336675
2019-05-27,71.61463480481783
2019-05-28,70.93255091972385
2019-05-29,69.42685708258627
2019-05-30,61.20252379129061
2019-05-31,65.20343476120779
2019-06-01,63.633573148694026
2019-06-02,65.23431710387311
2019-06-03,55.62499525349014
2019-06-04,50.50061051720359
2019-06-05,52.870684297385765
2019-06-06,53.87958113974902
2019-06-07,54.50969070547708
2019-06-08,51.79224883165172
2019-06-09,45.80086781435946
2019-06-10,52.54545780133578
2019-06-11,51.71084727371797
2019-06-12,57.96557572243943
2019-06-13,55.53992124587123
2019-06-14,58.65617303387819
2019-06-15,60.512541709203006
2019-06-16,60.59132089449534
2019-06-17,62.61164542912023
2019-06-18,56.91344694268693
2019-06-19,58.81465732506411
2019-06-20,59.80170427946786
2019-06-21,68.21628693009193
2019-06-22,72.1320023572763
2019-06-23,71.11961074853818
2019-06-24,71.83177705223751
2019-06-25,73.88826936398495
2019-06-26,78.0602404562749
2019-06-27,56.059367806132535
2019-06-28,60.80769839576088
2019-06-29,63.04752500063917
2019-06-30,52.339099367602984
2019-07-01,53.19774545305857
2019-07-02,52.49071276553122
2019-07-03,56.031345798994
2019-07-04,49.60255348533951
2019-07-05,50.740882192070046
2019-07-06,50.58137740043118
2019-07-07,56.514662232865454
2019-07-08,58.73397377154117
2019-07-09,56.92315867046549
2019-07-10,49.783084271660506
2019-07-11,43.1996668256021
2019-07-12,45.937185020600246
2019-07-13,43.886387292842436
2019-07-14,33.880484030967786
2019-07-15,34.721649140346926
2019-07-16,29.161650981736127
2019-07-17,33.75416338541644
2019-07-18,38.9793833538653
2019-07-19,37.86343439967554
2019-07-20,40.588868142817546
2019-07-21,39.74764014619045
2019-07-22,37.79591734116148
2019-07-23,36.63615524252664
2019-07-24,38.453748291066525
2019-07-25,39.56564210099221
2019-07-26,39.57095084197075
2019-07-27,35.98785386772689
2019-07-28,37.86113409772523
2019-07-29,37.90334696561109
2019-07-30,37.6513902832318
2019-07-31,42.16743578031688
2019-08-01,41.82810042719579
2019-08-02,41.86570662250653
2019-08-03,44.68346805605817
2019-08-04,44.795382587545205
2019-08-05,51.5846559408514
2019-08-06,47.152190880382896
2019-08-07,47.37229740682081
2019-08-08,44.43962293697442
2019-08-09,39.40068606824628
2019-08-10,37.74482339141844
2019-08-11,44.05521996157083
2019-08-12,41.71738931379446
2019-08-13,40.47580338314502
2019-08-14,31.754021266108367
2019-08-15,33.0849453480097
2019-08-16,31.998663929069643
2019-08-17,32.19254224540554
2019-08-18,38.867965479934746
2019-08-19,44.602795958086226
2019-08-20,41.42610921533699
2019-08-21,37.19725682082186
2019-08-22,40.21470413552058
2019-08-23,42.47541249902488
2019-08-24,40.79287520656948
2019-08-25,38.64696313070775
2019-08-26,40.23583684076668
2019-08-27,39.49030886211496
2019-08-28,33.116306717340436
2019-08-29,31.366522305593662
2019-08-30,31.090682554978176
2019-08-31,34.40242173086253
2019-09-01,33.99564293626618
2019-09-02,40.09374178547806
2019-09-03,41.09868267116854
2019-09-04,38.956506259655384
2019-09-05,37.87970517726079
2019-09-06,35.35443513120179
2019-09-07,43.29121364274653
2019-09-08,45.95207134752546
2019-09-09,45.79788399854328
2019-09-10,44.72938034469594
2019-09-11,43.870349403528145
2019-09-12,46.26803030766249
2019-09-13,46.368875770044
2019-09-14,53.405634234360974
2019-09-15,54.93797606401378
2019-09-16,60.95380785923471
2019-09-17,68.14264693090861
2019-09-18,69.60242552058331
2019-09-19,74.13514154035275
2019-09-20,70.43916946363503
2019-09-21,67.5930033161794
2019-09-22,63.277970328275366
2019-09-23,54.240109610987965
2019-09-24,35.21237986341965
2019-09-25,37.16558591322462
2019-09-26,35.4425722323666
2019-09-27,41.08062780026515
2019-09-28,41.01390040684167
2019-09-29,39.00356332923622
2019-09-30,45.61302940313371
2019-10-01,44.218596803410364
2019-10-02,46.560505543610994
2019-10-03,43.35492701385267
2019-10-04,44.68379200220451
2019-10-05,44.286860854761095
2019-10-06,42.18924890614894
2019-10-07,48.65428248197624
2019-10-08,49.282007631025024
2019-10-09,56.93396905326146
2019-10-10,55.624145659966864
2019-10-11,48.88477655272957
2019-10-12,47.691539338877426
2019-10-13,48.658237834918715
2019-10-14,52.36798504735385
2019-10-15,48.11153865990712
2019-10-16,44.34346578145048
2019-10-17,46.04383278361891
2019-10-18,42.95279123624951
2019-10-19,42.45942093209302
2019-10-20,44.978262736281216
2019-10-21,44.487513930172234
2019-10-22,42.36133974525463
2019-10-23,35.46560965284494
2019-10-24,35.31908537558287
2019-10-25,52.70601218659476
2019-10-26,51.40829014069449
2019-10-27,54.554662096155916
2019-10-28,53.22445095056529
2019-10-29,58.52059435683111
2019-10-30,53.70273915300974
2019-10-31,53.098484631742934
2019-11-01,53.10081579492423
2019-11-02,53.058645523174675
2019-11-03,51.560564549967005
2019-11-04,55.133335195200495
2019-11-05,57.656998864624484
2019-11-06,59.55902450370617
2019-11-07,55.33044914366499
2019-11-08,51.251681160509676
2019-11-09,52.077467866539976
2019-11-10,56.406421383942295
2019-11-11,51.88221253930328
2019-11-12,53.253039372150454
2019-11-13,54.705868320065
2019-11-14,51.931546577196855
2019-11-15,45.85798456731216
2019-11-16,49.162274992381796
2019-11-17,51.172422867210656
2019-11-18,46.11624276085347
2019-11-19,43.00128820204186
2019-11-20,41.30057320242143
2019-11-21,30.70546640623241
2019-11-22,25.22523150390231
2019-11-23,29.06143060200217
2019-11-24,24.51105011871934
2019-11-25,28.651140905992435
2019-11-26,31.41897630160402
2019-11-27,35.78042942178898
2019-11-28,35.01399320247429
2019-11-29,38.92226879648907
2019-11-30,37.07162656029496
2019-12-01,36.164667713665864
2019-12-02,34.72759027673173
2019-12-03,33.97368822152392
2019-12-04,33.12486336800936
2019-12-05,36.652130762915945
2019-12-06,36.60678283710595
2019-12-07,36.2295485991259
2019-12-08,40.12133929705378
2019-12-09,37.14881228332027
2019-12-10,35.332694876273614
2019-12-11,32.97517959334722
2019-12-12,36.40537321553263
2019-12-13,35.754507230497225
2019-12-14,33.711096611410625
2019-12-15,34.190695767244186
2019-12-16,26.27589975254886
2019-12-17,20.386358856168787
2019-12-18,35.27048518706709
2019-12-19,32.88960722601054
2019-12-20,32.728671058687894
2019-12-21,32.10840195961857
2019-12-22,37.86103144419577
2019-12-23,35.02873114282557
2019-12-24,35.64916933884061
2019-12-25,33.64218596631714
2019-12-26,33.569320454536694
2019-12-27,34.95532026591587
2019-12-28,36.7992122812861
2019-12-29,46.3169387961811
2019-12-30,43.963120499314265
2019-12-31,40.7871934409573
2020-01-01,42.54855362591392
2020-01-02,38.99176597881407
2020-01-03,48.27446882272146
2020-01-04,49.375744048791056
2020-01-05,50.890306803629755
2020-01-06,59.55405694422322
2020-01-07,58.50155370782556
2020-01-08,55.33463501485911
2020-01-09,52.29516633077531
2020-01-10,57.76032468011601
2020-01-11,56.315340839518576
2020-01-12,59.4228629450665
2020-01-13,56.98257562413674
2020-01-14,72.83126734695817
2020-01-15,72.96717444946276
2020-01-16,70.43194921097083
2020-01-17,73.83232408941312
2020-01-18,75.96855095455489
2020-01-19,65.43588095249156
2020-01-20,65.5282447030066
2020-01-21,67.14521340076924
2020-01-22,65.34776383912023
2020-01-23,58.85848925165038
2020-01-24,58.9587920791335
2020-01-25,56.80912866779293
2020-01-26,62.47315077519067
2020-01-27,64.57488888568795
2020-01-28,68.22749965246399
2020-01-29,66.43729641241144
2020-01-30,72.17874061501281
2020-01-31,66.42775161855869
2020-02-01,68.52265086465647
2020-02-02,71.24159418406862
2020-02-03,71.90119757203985
2020-02-04,71.03694933239805
2020-02-05,77.98429713622286
2020-02-06,80.68518873026179
2020-02-07,83.48081066517045
2020-02-08,83.58438713330779
2020-02-09,84.90153153676494
2020-02-10,78.58158969663869
2020-02-11,82.08380368441075
2020-02-12,87.40197768922029
2020-02-13,87.75855925107659
2020-02-14,89.64724712076332
2020-02-15,74.64998929974699
2020-02-16,71.45690555846016
2020-02-17,73.11424510168436
2020-02-18,76.63363456833213
2020-02-19,63.825203436669575
2020-02-20,62.899030422553345
2020-02-21,65.1926536418353
2020-02-22,63.38958270475582
2020-02-23,66.84071757406556
2020-02-24,62.12657283628582
2020-02-25,53.79932265402218
2020-02-26,45.45167934785595
2020-02-27,45.88998040654387
2020-02-28,45.89308290088018
2020-02-29,43.29457690413091
2020-03-01,42.9618456010839
2020-03-02,48.58417803683985
2020-03-03,46.01924678145486
2020-03-04,46.03856334879917
2020-03-05,48.49728929931072
2020-03-06,55.10867077578674
2020-03-07,52.23567573306644
2020-03-08,38.18817707364882
2020-03-09,38.80680259202488
2020-03-10,38.41768980104065
2020-03-11,36.510086606227965
2020-03-12,20.885762260434653
2020-03-13,29.138882852543567
2020-03-14,27.6641535041922
2020-03-15,28.41651806245365
2020-03-16,26.172309881967475
2020-03-17,27.579252928585536
2020-03-18,27.97770867318859
2020-03-19,37.00372813842623
2020-03-20,36.138933224260064
2020-03-21,36.172898051352895
2020-03-22,33.91065447713849
2020-03-23,38.93010746878682
2020-03-24,40.545348971958376
2020-03-25,39.790068857962524
2020-03-26,40.792691404744765
2020-03-27,39.351245180877996
2020-03-28,38.37686590617186
2020-03-29,36.590762377915496
2020-03-30,40.623322051033675
2020-03-31,41.00361210751689
2020-04-01,42.18482933544256
2020-04-02,45.84341581317423
2020-04-03,45.879271077748356
2020-04-04,47.75372126955251
2020-04-05,46.819871998438096
2020-04-06,59.77807195866579
2020-04-07,57.40347512106406
2020-04-08,60.55724796016744
2020-04-09,59.40474323969869
2020-04-10,52.17943444649771
2020-04-11,52.07134538155015
2020-04-12,53.61304132286027
2020-04-13,50.694874223613326
2020-04-14,51.4652726057807
2020-04-15,48.779081880083204
2020-04-16,58.895996988668784
2020-04-17,58.5535802398525
2020-04-18,65.00498320350997
2020-04-19,61.43262502785507
2020-04-20,55.64216678224808
2020-04-21,55.85403111525211
2020-04-22,60.41240129246127
2020-04-23,61.46778771667076
2020-04-24,63.2935279886014
2020-04-25,65.89022901763536
2020-04-26,66.62020927412814
2020-04-27,66.5412261217094
2020-04-28,67.08039370388708
2020-04-29,74.08732975965977
2020-04-30,66.40312703851046
2020-05-01,68.8604057627563
2020-05-02,69.26514092819428
2020-05-03,65.61852494273366
2020-05-04,63.36181088850563
2020-05-05,62.1933541094563
2020-05-06,59.883335546754246
2020-05-07,64.21808101748961
2020-05-08,64.56967864111701
2020-05-09,63.24347132427391
2020-05-10,46.3109291768812
2020-05-11,44.801986754771626
2020-05-12,47.14860690026932
2020-05-13,53.35532769879578
2020-05-14,55.494834113068656
2020-05-15,50.617470694824995
2020-05-16,53.64439559116582
2020-05-17,57.26208797870589
2020-05-18,60.98841391682448
2020-05-19,60.16480096540215
2020-05-20,57.55059582006419
2020-05-21,50.37374077849163
2020-05-22,54.7123821061469
2020-05-23,55.58775754848563
2020-05-24,51.171129212522295
2020-05-25,53.04490537647418
2020-05-26,50.62096237908431
2020-05-27,55.11976979733867
2020-05-28,61.133200734927016
2020-05-29,61.5550323253869
2020-05-30,70.50514794076723
2020-05-31,62.308955681589396
2020-06-01,67.9593260794117
2020-06-02,61.8649734373664
2020-06-03,64.31916922372238
2020-06-04,64.40673483866956
2020-06-05,62.272199106987024
2020-06-06,62.56793520020788
2020-06-07,63.955996186084896
2020-06-08,64.4572023616991
2020-06-09,63.29712963438248
2020-06-10,64.54216724047512
2020-06-11,52.60184613984921
2020-06-12,55.838197199187576
2020-06-13,56.6180623638146
2020-06-14,53.19223303388413
2020-06-15,50.328853561968614
2020-06-16,53.23514118793102
2020-06-17,52.217464742819296
2020-06-18,51.50910348816685
2020-06-19,47.77308023352178
2020-06-20,49.47174050492065
2020-06-21,49.24205859451031
2020-06-22,59.002131021587786
2020-06-23,59.98650395522282
2020-06-24,52.87449042003488
2020-06-25,50.68777307485565
2020-06-26,48.200571575017506
2020-06-27,43.49474565175857
2020-06-28,45.53279509137762
2020-06-29,47.94464286389742
2020-06-30,46.48141604501363
2020-07-01,50.62374889425952
2020-07-02,49.15406674742339
2020-07-03,45.820615407692614
2020-07-04,49.23377070021259
2020-07-05,47.989137935090035
2020-07-06,58.96343494520055
2020-07-07,56.69792517207192
2020-07-08,61.64798211980168
2020-07-09,58.200594185368104
2020-07-10,56.315580077734765
2020-07-11,54.87665099915715
2020-07-12,56.95089047999392
2020-07-13,54.40509837368288
2020-07-14,54.926203704783816
2020-07-15,53.00424498718074
2020-07-16,48.150684449389914
2020-07-17,47.30426559395011
2020-07-18,50.24637790541483
2020-07-19,53.354182795897955
2020-07-20,50.70348743095242
2020-07-21,59.02714614213252
2020-07-22,69.70193078705286
2020-07-23,74.83944728430042
2020-07-24,76.40017360996349
2020-07-25,82.73124735791053
2020-07-26,83.78482633218654
2020-07-27,85.77119711521608
2020-07-28,81.37862087311788
2020-07-29,81.6973654094205
2020-07-30,84.7105063030836
2020-07-31,86.33158962323331
2020-08-01,90.32477065989818
2020-08-02,80.98749745879587
2020-08-03,83.02031710594477
2020-08-04,83.45684098332097
2020-08-05,84.83101897393277
2020-08-06,80.74407952101804
2020-08-07,72.03359077137368
2020-08-08,74.77884461376189
2020-08-09,73.24521618111301
2020-08-10,74.19299134088759
2020-08-11,66.00396100869766
2020-08-12,68.56809618867253
2020-08-13,75.59513094271395
2020-08-14,76.87298272930448
2020-08-15,74.90034511704825
2020-08-16,74.97419274635114
2020-08-17,72.70348070228337
2020-08-18,69.57735350211082
2020-08-19,61.25232567010861
2020-08-20,63.945997913721996
2020-08-21,53.06826953940116
2020-08-22,55.08909918219922
2020-08-23,53.44497901762385
2020-08-24,58.471231036535585
2020-08-25,50.08283331217491
2020-08-26,50.8580305070413
2020-08-27,49.5688360390044
2020-08-28,53.91460478193969
2020-08-29,55.18555584831749
2020-08-30,62.931791981570214
2020-08-31,64.48371629179542
2020-09-01,72.32046632006136
2020-09-02,59.79169960640432
2020-09-03,46.930089417422536
2020-09-04,47.50475022053921
2020-09-05,38.29563858403143
2020-09-06,42.403997309947
2020-09-07,42.28862247954722
2020-09-08,39.740647657718895
2020-09-09,43.05246339020245
2020-09-10,46.99855883428276
2020-09-11,48.4901659706705
2020-09-12,51.28625285743579
2020-09-13,46.57398971901303
2020-09-14,49.29001015263324
2020-09-15,46.580534215856254
2020-09-16,46.826964043098386
2020-09-17,52.45957167931557
2020-09-18,51.28609195917717
2020-09-19,51.58174138894706
2020-09-20,47.7485523967448
2020-09-21,41.10496034362583
2020-09-22,41.913009336236655
2020-09-23,37.18404067469641
2020-09-24,45.22110044426215
2020-09-25,45.96660219647011
2020-09-26,46.87657474863971
2020-09-27,47.43915987992619
2020-09-28,46.815268717428395
2020-09-29,48.292720638063756
2020-09-30,48.35336902761232
2020-10-01,46.17769026886733
2020-10-02,43.97254552124624
2020-10-03,44.08941225728763
2020-10-04,46.652640458312064
2020-10-05,47.2451127562605
2020-10-06,42.40751454771958
2020-10-07,42.88334816495647
2020-10-08,47.12784654961142
2020-10-09,53.3115277404961
2020-10-10,55.35132260531994
2020-10-11,56.9247337009963
2020-10-12,61.348403726168065
2020-10-13,58.0149685652803
2020-10-14,57.14242890033774
2020-10-15,56.05603352454093
2020-10-16,50.39123405724322
2020-10-17,51.62463218202497
2020-10-18,55.83687820496306
2020-10-19,56.58598934668435
2020-10-20,50.76985011822015
2020-10-21,60.17951507610303
2020-10-22,66.61352164302643
2020-10-23,64.52928708776565
2020-10-24,65.31430168007992
2020-10-25,61.8936306797924
2020-10-26,55.68755792735839
2020-10-27,59.29161703030575
2020-10-28,52.33285811148563
2020-10-29,51.517914820927565
2020-10-30,49.817097553864606
2020-10-31,51.48047976196549
2020-11-01,55.58764030671295
2020-11-02,49.49015077901773
2020-11-03,51.42249905799385
2020-11-04,57.19112929739235
2020-11-05,61.25508554271584
2020-11-06,71.26826258759115
2020-11-07,63.06237912600523
2020-11-08,66.91364244013307
2020-11-09,63.17938039237361
2020-11-10,64.4348978452077
2020-11-11,67.32364014229145
2020-11-12,66.46767388588863
2020-11-13,69.38765168373533
2020-11-14,63.09876364746761
2020-11-15,58.161382816758604
2020-11-16,61.36304218015616
2020-11-17,65.98606967689086
2020-11-18,65.62330658283763
2020-11-19,62.31568226271628
2020-11-20,70.17290275240504
2020-11-21,75.83148131397544
2020-11-22,76.85264256685103
2020-11-23,81.7329248418943
2020-11-24,80.08855556879705
2020-11-25,69.16537039719579
2020-11-26,56.25624704942743
2020-11-27,55.97275350378784
2020-11-28,59.461961080687274
2020-11-29,64.88577453207428
2020-11-30,69.46755334347
2020-12-01,63.213468061005265
2020-12-02,64.58935317641993
2020-12-03,66.81426128170493
2020-12-04,56.88464314868431
2020-12-05,60.51956922535299
2020-12-06,61.206578771630774
2020-12-07,59.1082659742796
2020-12-08,52.04249186524908
2020-12-09,54.96383894694827
2020-12-10,52.41940848719076
2020-12-11,49.916360725909236
2020-12-12,53.812400876470626
2020-12-13,57.13906809832382
2020-12-14,56.38197966348425
2020-12-15,56.94459489701747
2020-12-16,63.95500385160114
2020-12-17,64.83555567375289
2020-12-18,66.41364175000132
2020-12-19,67.01247208962424
2020-12-20,61.48408579324257
2020-12-21,54.87598425254399
2020-12-22,59.044214553604505
2020-12-23,49.07280942296534
2020-12-24,53.668699434662756
2020-12-25,55.9412489090594
2020-12-26,57.37479343699176
2020-12-27,63.69275459321868
2020-12-28,68.7775619293619
2020-12-29,68.88788848024183
2020-12-30,70.8720402445174
2020-12-31,67.67705186238354
2021-01-01,65.95367396111658
2021-01-02,70.72266586016063
2021-01-03,82.63913279183974
2021-01-04,84.78676318697251
2021-01-05,86.45337734345101
2021-01-06,88.81739022340048
2021-01-07,89.17018868721249
2021-01-08,88.92917678440467
2021-01-09,90.04238621216523
2021-01-10,86.92611842660283
2021-01-11,64.83936017469316
2021-01-12,60.35680278979725
2021-01-13,65.19940902864593
2021-01-14,69.2619715213692
2021-01-15,64.92393370931975
2021-01-16,67.79871756810371
2021-01-17,67.47389989439816
2021-01-18,68.77169573783574
2021-01-19,73.76312916362507
2021-01-20,73.94912848500742
2021-01-21,52.82767637029709
2021-01-22,58.46096046746049
2021-01-23,58.10200583432648
2021-01-24,64.86095457274673
2021-01-25,60.4663264969289
2021-01-26,61.81971530696499
2021-01-27,55.32899523936259
2021-01-28,58.87893956025443
2021-01-29,60.98535186441588
2021-01-30,60.55751904419016
2021-01-31,56.486100417624826
2021-02-01,59.10440454151752
2021-02-02,65.20140690083427
2021-02-03,70.00314637650456
2021-02-04,65.57938779536828
2021-02-05,69.47070019500418
2021-02-06,66.79237830852345
2021-02-07,62.73154492796493
2021-02-08,67.20049310810137
2021-02-09,67.87171689273464
2021-02-10,66.24986717756403
2021-02-11,67.63458149767304
2021-02-12,69.65912431393001
2021-02-13,67.42200596288185
2021-02-14,66.71419940486729
2021-02-15,64.66545314541663
2021-02-16,64.7243300590714
2021-02-17,67.77699684141321
2021-02-18,71.30797962477206
2021-02-19,72.14698418811906
2021-02-20,68.29983962469997
2021-02-21,69.00371406043952
2021-02-22,56.16399666526418
2021-02-23,44.005856004848816
2021-02-24,47.27737012506187
2021-02-25,40.463395301000055
2021-02-26,39.264873896852706
2021-02-27,40.161632324055894
2021-02-28,38.24536089812886
2021-03-01,47.39392162547838
2021-03-02,43.99014204988793
2021-03-03,48.581773306757434
2021-03-04,46.89387824204708
2021-03-05,46.45145617847592
2021-03-06,53.14478620835653
2021-03-07,56.44678230960161
2021-03-08,61.2438275306979
2021-03-09,62.56973966119514
2021-03-10,58.14144344807723
2021-03-11,59.356954320028365
2021-03-12,55.86088944506101
2021-03-13,62.55974013411583
2021-03-14,58.18909526936279
2021-03-15,54.512298013035796
2021-03-16,55.25194419826942
2021-03-17,56.081843614401414
2021-03-18,53.45175728157875
2021-03-19,55.38182502087879
2021-03-20,55.02920122384002
2021-03-21,53.24257415511564
2021-03-22,46.756102932753016
2021-03-23,45.96655420844193
2021-03-24,40.96079863600084
2021-03-25,41.11843758287419
2021-03-26,49.18903490379483
2021-03-27,50.12417608215931
2021-03-28,48.35930958205938
2021-03-29,56.73415657300996
2021-03-30,58.23194049358692
2021-03-31,62.109573973381714
2021-04-01,64.96289745647877
2021-04-02,71.4781770508622
2021-04-03,62.780663018551365
2021-04-04,65.34033058595112
2021-04-05,65.91637360509642
2021-04-06,66.34443102010059
2021-04-07,55.75676517666493
2021-04-08,61.09073628867323
2021-04-09,59.99912948279928
2021-04-10,62.77619246268078
2021-04-11,63.699452148897976
2021-04-12,62.29684429651874
2021-04-13,68.76472362371985
2021-04-14,73.0055243626066
2021-04-15,75.24295139434544
2021-04-16,68.86494478062336
2021-04-17,63.111557530539464
2021-04-18,56.78696995276289
2021-04-19,53.019615713894495
2021-04-20,59.67940405583248
2021-04-21,60.935268426567355
2021-04-22,62.35316115022028
2021-04-23,59.93982452389833
2021-04-24,51.736887939650146
2021-04-25,56.17567650775067
2021-04-26,63.696102611088115
2021-04-27,67.25318352396161
2021-04-28,69.35656111801501
2021-04-29,69.62068332106357
2021-04-30,70.05313120262143
2021-05-01,74.2305991182435
2021-05-02,74.36803089927332
2021-05-03,82.2786649128394
2021-05-04,73.2587325743074
2021-05-05,77.31992151475667
2021-05-06,75.84951503577881
2021-05-07,75.55117310211983
2021-05-08,81.01480473097115
2021-05-09,81.29695502414226
2021-05-10,81.56111152181312
2021-05-11,83.83079697016086
2021-05-12,67.90571379821102
2021-05-13,65.43368647654448
2021-05-14,71.23768815069394
2021-05-15,58.4346812474552
2021-05-16,57.16461381997705
2021-05-17,50.09633931803934
2021-05-18,52.1366280889322
2021-05-19,36.85999416180201
2021-05-20,43.17190632784232
2021-05-21,38.62718587237631
2021-05-22,37.025941054728065
2021-05-23,34.87789628353832
2021-05-24,44.77680671218517
2021-05-25,45.82370361701802
2021-05-26,48.84039511781223
2021-05-27,46.508830336066396
2021-05-28,42.01608867178269
2021-05-29,40.16321737962684
2021-05-30,42.32477335729538
2021-05-31,48.22659462394577
2021-06-01,46.92943532375517
2021-06-02,48.265657040432124
2021-06-03,50.99265362271835
2021-06-04,47.94357750582068
2021-06-05,46.90113977767439
2021-06-06,48.66434286834021
2021-06-07,46.22294418129484
2021-06-08,44.81056061944603
2021-06-09,46.98632503208592
2021-06-10,44.163370107191405
2021-06-11,41.83275300893589
2021-06-12,42.35347951547045
2021-06-13,46.12521122628538
2021-06-14,46.93676696030973
2021-06-15,48.98597755808289
2021-06-16,43.026436482734454
2021-06-17,43.15924282275173
2021-06-18,39.91923604838266
2021-06-19,38.73088887003939
2021-06-20,41.13663415192624
2021-06-21,33.63554095688166
2021-06-22,33.388286790913924
2021-06-23,37.58996590584926
2021-06-24,37.56151278169019
2021-06-25,33.79057564349858
2021-06-26,34.43864873824451
2021-06-27,40.31527956669079
2021-06-28,43.95769212934915
2021-06-29,46.77358707182053
2021-06-30,50.52869825979833
2021-07-01,45.625347161941086
2021-07-02,46.88203605071305
2021-07-03,49.50610008626682
2021-07-04,52.67066959474017
2021-07-05,48.458262409514404
2021-07-06,52.6355853998424
2021-07-07,52.29109795331151
2021-07-08,45.688758892244195
2021-07-09,46.67952380921636
2021-07-10,45.49668830925333
2021-07-11,46.66234453895996
2021-07-12,43.05057488503872
2021-07-13,39.92635378783853
2021-07-14,42.451106753092205
2021-07-15,39.696940923703565
2021-07-16,38.6957758076003
2021-07-17,39.67703127391541
2021-07-18,39.55601877428856
2021-07-19,36.67586597992423
2021-07-20,35.612968095508414
2021-07-21,46.92744532298391
2021-07-22,48.56513127992994
2021-07-23,53.09873678598594
2021-07-24,55.81322358165471
2021-07-25,55.905132803102994
2021-07-26,57.74933264359989
2021-07-27,60.50165266966305
2021-07-28,60.38505859511426
2021-07-29,63.9199319221681
2021-07-30,67.1374545707509
2021-07-31,69.49620269040334
2021-08-01,70.34500344861895
2021-08-02,71.92950174985658
2021-08-03,63.74320222773263
2021-08-04,71.05718166407921
2021-08-05,73.69759270736192
2021-08-06,75.20626001232893
2021-08-07,80.30031800077067
2021-08-08,71.74559993227096
2021-08-09,74.84511685094162
2021-08-10,73.3735348360288
2021-08-11,73.85080612798276
2021-08-12,66.92919697232018
2021-08-13,73.17615421906616
2021-08-14,70.26564599231172
2021-08-15,71.24336669386254
2021-08-16,63.55241935996714
2021-08-17,57.412289287315176
2021-08-18,57.57568511494103
2021-08-19,62.39402521783918
2021-08-20,65.12801242895995
2021-08-21,62.281284354422915
2021-08-22,62.74331531340904
2021-08-23,64.96709141059941
2021-08-24,57.88623330129576
2021-08-25,59.58153783765502
2021-08-26,54.01964271994739
2021-08-27,59.57390974996828
2021-08-28,58.404957059976915
2021-08-29,57.59655560798881
2021-08-30,57.467162491386006
2021-08-31,64.3392113915357
2021-09-01,73.25479623680641
2021-09-02,71.16073991906948
2021-09-03,73.90283033393888
2021-09-04,71.32621310080806
2021-09-05,72.58039019710776
2021-09-06,71.33908213460253
2021-09-07,51.35185869808036
2021-09-08,53.34083669566792
2021-09-09,51.12003962720225
2021-09-10,44.90925598857574
2021-09-11,46.80450597209417
2021-09-12,51.11437552819839
2021-09-13,47.42702147020292
2021-09-14,51.748199581567036
2021-09-15,56.712252062332524
2021-09-16,55.26510099416277
2021-09-17,49.88161716610423
2021-09-18,50.88023401329824
2021-09-19,47.741697485875214
2021-09-20,38.503688072077416
2021-09-21,34.705415804752846
2021-09-22,44.247141580242065
2021-09-23,46.33939257677176
2021-09-24,41.50418275222484
2021-09-25,41.377409634420594
2021-09-26,45.39995159589973
2021-09-27,42.459168412544074
2021-09-28,39.71641034144305
2021-09-29,41.195036949421215
2021-09-30,45.830781116426046
2021-10-01,53.89081984498383
2021-10-02,55.838521133425125
2021-10-03,56.46582861139908
2021-10-04,55.252724464183004
2021-10-05,58.708408382660025
2021-10-06,60.192248993723105
2021-10-07,60.37546493062198
2021-10-08,59.41346454743655
2021-10-09,59.75447160569261
2021-10-10,53.66835083829361
2021-10-11,57.39477813169187
2021-10-12,55.2799713291469
2021-10-13,58.79959171746201
2021-10-14,63.67209071342771
2021-10-15,65.54212315038632
2021-10-16,64.04755312748057
2021-10-17,64.4995622336062
2021-10-18,59.74252055551921
2021-10-19,63.53808806650996
2021-10-20,70.0951933705959
2021-10-21,65.46420149315944
2021-10-22,61.82385174514644
2021-10-23,66.61176207895039
2021-10-24,63.07041927036088
2021-10-25,66.08361988517952
2021-10-26,62.421674789287685
2021-10-27,54.846113013850285
2021-10-28,63.35959141751522
2021-10-29,65.83527648324531
2021-10-30,62.64798308352586
2021-10-31,61.30006835381656
2021-11-01,62.153124029345676
2021-11-02,67.62355458403876
2021-11-03,68.05162579962594
2021-11-04,65.15714564350428
2021-11-05,63.04587056274728
2021-11-06,63.91693766389535
2021-11-07,66.31205463723118
2021-11-08,70.40594286822828
2021-11-09,66.88601425296311
2021-11-10,62.560978776324404
2021-11-11,64.89010545480328
2021-11-12,62.09619343156785
2021-11-13,61.39184835822361
2021-11-14,60.2124910013415
2021-11-15,56.97901989224754
2021-11-16,44.28908546231707
2021-11-17,46.945956750951254
2021-11-18,38.89802928870571
2021-11-19,48.718838048559746
2021-11-20,51.844674950127846
2021-11-21,47.895798410055704
2021-11-22,43.30309197296221
2021-11-23,50.42803281331394
2021-11-24,47.84178307876785
2021-11-25,48.81683457008637
2021-11-26,42.77616879153057
2021-11-27,44.768479281899864
2021-11-28,50.34105299863533
2021-11-29,54.141123355250656
2021-11-30,58.38392064642939
2021-12-01,57.027596056452424
2021-12-02,54.69942756991068
2021-12-03,46.799576483017006
2021-12-04,44.396797581129704
2021-12-05,46.69183008822282
2021-12-06,51.11864105664784
2021-12-07,49.903546083646916
2021-12-08,53.305286266318355
2021-12-09,44.869926178729145
2021-12-10,40.325208088392266
2021-12-11,45.29384275496409
2021-12-12,46.653130246056826
2021-12-13,39.2892609738051
2021-12-14,38.56329783853607
2021-12-15,46.10965631006251
2021-12-16,44.893044723452185
2021-12-17,43.0766202626505
2021-12-18,45.4091956958081
2021-12-19,44.48598525015448
2021-12-20,44.841088140210516
2021-12-21,47.61266203905922
2021-12-22,46.5014845970334
2021-12-23,50.59837995452487
2021-12-24,48.68415712861866
2021-12-25,50.21465949968277
2021-12-26,49.30729039399517
2021-12-27,48.23031708834658
2021-12-28,40.63477257705273
2021-12-29,36.167275628729875
2021-12-30,39.701316387414046
2021-12-31,38.85366990970239
2022-01-01,42.53827184909687
2022-01-02,44.99285897717682
2022-01-03,42.75289067223313
2022-01-04,44.1869434756155
2022-01-05,36.78655672708007
2022-01-06,33.51271756456223
2022-01-07,28.802480308177262
2022-01-08,26.96747739654557
2022-01-09,30.084282927288562
2022-01-10,28.592861905649137
2022-01-11,35.718898400926996
2022-01-12,41.188589230898096
2022-01-13,37.97290407352157
2022-01-14,40.46471987696321
2022-01-15,41.30938778998603
2022-01-16,42.18677306827769
2022-01-17,38.025236665215864
2022-01-18,36.66847386011633
2022-01-19,34.78062126811237
2022-01-20,32.294162894420076
2022-01-21,23.7408170284045
2022-01-22,21.61580118317162
2022-01-23,27.552694383855087
2022-01-24,26.005982095508646
2022-01-25,26.734906437425742
2022-01-26,27.333283758377036
