Date,STOCHd_14_3_3
2017-11-28,84.68820998592396
2017-11-29,86.38887038472065
2017-11-30,78.71079278805293
2017-12-01,67.76221838735147
2017-12-02,61.08122436343348
2017-12-03,62.658430540977484
2017-12-04,69.22589703656057
2017-12-05,73.84899741963208
2017-12-06,66.0858884732957
2017-12-07,40.66242230204245
2017-12-08,1.383286461840818
2017-12-09,-23.30983522480848
2017-12-10,-27.67292279632404
2017-12-11,-12.964232422081244
2017-12-12,-4.473876511834619
2017-12-13,9.746878711259042
2017-12-14,28.73629210796263
2017-12-15,52.92459679372107
2017-12-16,70.60292366653876
2017-12-17,79.08980022034571
2017-12-18,83.43460170503221
2017-12-19,83.99011126102461
2017-12-20,82.79164286359047
2017-12-21,83.69988255865319
2017-12-22,77.18165473495323
2017-12-23,69.18341276524727
2017-12-24,52.37345865182707
2017-12-25,43.74766531299634
2017-12-26,36.66818136187075
2017-12-27,36.1601821734983
2017-12-28,32.77953251783277
2017-12-29,26.111096784235695
2017-12-30,12.017316135391084
2017-12-31,-1.2796958257720898
2018-01-01,-9.270218302442128
2018-01-02,-2.54057808629956
2018-01-03,13.76483292341212
2018-01-04,36.55738619799721
2018-01-05,58.020751346796565
2018-01-06,74.20058407782176
2018-01-07,81.33170340142306
2018-01-08,80.32472739545854
2018-01-09,75.10007802277464
2018-01-10,73.02312563897225
2018-01-11,73.56003523353779
2018-01-12,75.08499064793877
2018-01-13,74.32207731512688
2018-01-14,74.4482970384884
2018-01-15,76.30641159816857
2018-01-16,67.36008077381892
2018-01-17,39.58869383356478
2018-01-18,-1.1437164433147895
2018-01-19,-29.641694632360554
2018-01-20,-33.95848302733966
2018-01-21,-25.9468431441209
2018-01-22,-22.492556443443174
2018-01-23,-27.163405308439007
2018-01-24,-31.632143183555954
2018-01-25,-26.19384797055166
2018-01-26,-17.071225434752275
2018-01-27,-6.412448031655672
2018-01-28,1.497303203635271
2018-01-29,15.198640532228646
2018-01-30,27.750939911793072
2018-01-31,33.88441953258444
2018-02-01,22.766293477965153
2018-02-02,-4.535216095346549
2018-02-03,-35.60772030603918
2018-02-04,-62.15215754459805
2018-02-05,-66.50657693751826
2018-02-06,-63.16888325631127
2018-02-07,-50.395957922603664
2018-02-08,-39.75346697838121
2018-02-09,-24.6331348377857
2018-02-10,-11.761638216995507
2018-02-11,-3.1711582046043314
2018-02-12,1.0353395881227658
2018-02-13,3.115601715435678
2018-02-14,6.877271664257843
2018-02-15,16.59950242528595
2018-02-16,32.854919534489646
2018-02-17,53.47545733058515
2018-02-18,67.05916673103356
2018-02-19,73.48578917952445
2018-02-20,68.19634726394536
2018-02-21,54.37514580282258
2018-02-22,27.476656349195753
2018-02-23,-4.882101135142588
2018-02-24,-31.239447639605903
2018-02-25,-41.64087156463365
2018-02-26,-36.43272710043349
2018-02-27,-23.309848961416062
2018-02-28,-9.832473124075321
2018-03-01,-0.7197490806795518
2018-03-02,1.8216796574794254
2018-03-03,1.4263715776532866
2018-03-04,-1.3139899835212834
2018-03-05,-2.541519762518043
2018-03-06,-23.207861846822976
2018-03-07,-61.737375376297535
2018-03-08,-108.7811099307669
2018-03-09,-123.38063146645186
2018-03-10,-101.21374462526477
2018-03-11,-66.99465767099528
2018-03-12,-43.23163013512093
2018-03-13,-35.64715387961406
2018-03-14,-34.345615444471
2018-03-15,-34.101135989714585
2018-03-16,-34.396556587959246
2018-03-17,-27.575020615752667
2018-03-18,-23.82797752834213
2018-03-19,-20.685295053740536
2018-03-20,-21.1693145016084
2018-03-21,-16.840934623036887
2018-03-22,-13.057478506291853
2018-03-23,-10.226669408598669
2018-03-24,-11.505300593818992
2018-03-25,-11.93265617611406
2018-03-26,-14.373852199141803
2018-03-27,-18.88400214651961
2018-03-28,-24.086799262646853
2018-03-29,-28.241332001584443
2018-03-30,-28.788117070453527
2018-03-31,-28.67341773523634
2018-04-01,-25.29428681644991
2018-04-02,-20.79541945165324
2018-04-03,-16.222853633434646
2018-04-04,-12.902403264539148
2018-04-05,-11.568676822764587
2018-04-06,-11.362977090505296
2018-04-07,-11.853671699069126
2018-04-08,-10.855180405937231
2018-04-09,-6.829689342486627
2018-04-10,-0.31356744042597057
2018-04-11,11.490479451856134
2018-04-12,23.32509023807866
2018-04-13,40.83234320695035
2018-04-14,54.865530794555696
2018-04-15,72.10588457238522
2018-04-16,79.55003804617267
2018-04-17,82.87921390238431
2018-04-18,80.61808011139448
2018-04-19,79.35315458151155
2018-04-20,78.48038496776776
2018-04-21,77.83075293544526
2018-04-22,78.71408736982666
2018-04-23,81.86562451420559
2018-04-24,84.12731842812796
2018-04-25,81.11880222352968
2018-04-26,71.55293673400037
2018-04-27,61.77032694670507
2018-04-28,57.918105406091534
2018-04-29,62.61173526446108
2018-04-30,69.1822311888471
2018-05-01,73.31392786503766
2018-05-02,72.71841640368159
2018-05-03,67.15210202069795
2018-05-04,64.88614090423242
2018-05-05,64.85389718421729
2018-05-06,71.84800682508394
2018-05-07,69.9797030854815
2018-05-08,62.53230945301009
2018-05-09,48.289534571513435
2018-05-10,40.86636595444156
2018-05-11,32.73810939342284
2018-05-12,21.948300329388257
2018-05-13,6.449771713441425
2018-05-14,-1.9354099667911895
2018-05-15,-0.4856746289297795
2018-05-16,4.1275942640650465
2018-05-17,3.016459145693855
2018-05-18,-5.05430908465666
2018-05-19,-11.981449626497579
2018-05-20,-12.984247807425483
2018-05-21,-7.811803883476768
2018-05-22,-11.062569216592061
2018-05-23,-27.453506156497834
2018-05-24,-51.551065084904735
2018-05-25,-62.04407637181679
2018-05-26,-52.93050086818909
2018-05-27,-36.085751478825664
2018-05-28,-26.58034617676772
2018-05-29,-28.15644890185688
2018-05-30,-32.319481668342405
2018-05-31,-30.722015624037592
2018-06-01,-22.745363684334112
2018-06-02,-12.385293019778887
2018-06-03,-3.0668223378580364
2018-06-04,4.299231993322922
2018-06-05,10.899280731981412
2018-06-06,18.815267494077197
2018-06-07,30.09172606257273
2018-06-08,43.1823291310073
2018-06-09,52.395820294692896
2018-06-10,34.54014708269082
2018-06-11,4.58880733172132
2018-06-12,-37.967911216376535
2018-06-13,-48.39503417458033
2018-06-14,-50.59315298918904
2018-06-15,-35.62274942220063
2018-06-16,-28.2722685303447
2018-06-17,-17.629595882387633
2018-06-18,-11.264593326414976
2018-06-19,-4.980882561501121
2018-06-20,0.5687904898710329
2018-06-21,8.86725363765955
2018-06-22,7.646873313459931
2018-06-23,-0.8290402901609196
2018-06-24,-23.802934488009793
2018-06-25,-38.319568138305705
2018-06-26,-48.75314257534711
2018-06-27,-41.626912738443814
2018-06-28,-35.500701593673675
2018-06-29,-28.210708756406856
2018-06-30,-25.642624185845232
2018-07-01,-20.430537327519918
2018-07-02,-10.900360872937037
2018-07-03,0.06455383266835331
2018-07-04,8.888130602714975
2018-07-05,20.134049817034185
2018-07-06,31.08414400154003
2018-07-07,44.66707656871399
2018-07-08,54.129102263997304
2018-07-09,62.99547597787839
2018-07-10,60.69547811741895
2018-07-11,42.44287758787379
2018-07-12,10.323888511050585
2018-07-13,-15.34402494868312
2018-07-14,-26.84189892285254
2018-07-15,-23.61527186738796
2018-07-16,-15.328259465024248
2018-07-17,-1.0713628161628368
2018-07-18,17.60450409097473
2018-07-19,35.166971225399394
2018-07-20,41.163751843837595
2018-07-21,34.52641765977598
2018-07-22,23.548851700464912
2018-07-23,18.212204511296992
2018-07-24,18.898165746268205
2018-07-25,22.35938090200844
2018-07-26,26.842232079575712
2018-07-27,31.855117050875492
2018-07-28,32.605081934221474
2018-07-29,25.46289886098253
2018-07-30,7.031134344108426
2018-07-31,-23.568519040884624
2018-08-01,-52.897364011458734
2018-08-02,-68.8496806392164
2018-08-03,-60.97924637235585
2018-08-04,-45.35543121685476
2018-08-05,-32.11151402982192
2018-08-06,-25.629066735170827
2018-08-07,-25.734496011356583
2018-08-08,-28.39479448258706
2018-08-09,-33.38397401664809
2018-08-10,-32.770622650886
2018-08-11,-29.503767985964753
2018-08-12,-24.959277017944775
2018-08-13,-22.393541623262877
2018-08-14,-21.486954520930727
2018-08-15,-21.32988100042036
2018-08-16,-18.019995922512674
2018-08-17,-11.540855373668672
2018-08-18,-4.856432695020727
2018-08-19,-0.6867240584182571
2018-08-20,-0.836717048627651
2018-08-21,-3.3100117366351864
2018-08-22,-10.085653250344224
2018-08-23,-15.449719919698625
2018-08-24,-18.753692308917305
2018-08-25,-16.043794056883367
2018-08-26,-13.589183915761254
2018-08-27,-11.73300332136462
2018-08-28,-10.964688939364606
2018-08-29,-5.187695332982315
2018-08-30,1.3871968571684066
2018-08-31,4.6519113294382
2018-09-01,3.0496877911923512
2018-09-02,9.755413676371019
2018-09-03,23.93443605779821
2018-09-04,39.45069556951182
2018-09-05,7.8238781665716175
2018-09-06,-37.02188973194228
2018-09-07,-88.50888252462545
2018-09-08,-74.70311018748357
2018-09-09,-53.46401894717457
2018-09-10,-25.53434720443656
2018-09-11,-22.640145111654494
2018-09-12,-18.794324847296718
2018-09-13,-14.772355767156498
2018-09-14,-8.644344661989843
2018-09-15,0.6193366930199057
2018-09-16,11.561320192367603
2018-09-17,17.622416076550028
2018-09-18,19.684489830326097
2018-09-19,20.08153208078269
2018-09-20,26.59823813786566
2018-09-21,37.20328898504729
2018-09-22,51.32740398808528
2018-09-23,63.40216389707333
2018-09-24,72.46128857437236
2018-09-25,71.76035647483442
2018-09-26,56.92211245427871
2018-09-27,33.136883965450956
2018-09-28,12.296901025619258
2018-09-29,4.726616926844109
2018-09-30,10.304903429538038
2018-10-01,20.682003823228836
2018-10-02,31.884745849592168
2018-10-03,29.462719737939775
2018-10-04,19.13420026899846
2018-10-05,1.353337437246397
2018-10-06,-3.4210921142376605
2018-10-07,-0.9433234203885835
2018-10-08,9.103029631631832
2018-10-09,17.957399815079114
2018-10-10,20.439248802239188
2018-10-11,-39.15370465458659
2018-10-12,-110.60294580644278
2018-10-13,-176.06047074486796
2018-10-14,-128.42124479128648
2018-10-15,-70.79434975440996
2018-10-16,-10.69652358589022
2018-10-17,-0.9895094621886766
2018-10-18,9.938555212597551
2018-10-19,14.378098904998568
2018-10-20,13.8574213064054
2018-10-21,11.585259682047672
2018-10-22,12.234760013217269
2018-10-23,13.628925517600345
2018-10-24,16.106771647865383
2018-10-25,18.913044252053837
2018-10-26,21.31690922704689
2018-10-27,19.208781418654834
2018-10-28,12.495106645047459
2018-10-29,-9.42760512860235
2018-10-30,-32.92951499284491
2018-10-31,-54.079659579909794
2018-11-01,-44.92904449691256
2018-11-02,-28.68369682433077
2018-11-03,-6.578544656164444
2018-11-04,3.38312262594687
2018-11-05,17.78447987967081
2018-11-06,30.80371668596038
2018-11-07,50.77141459176179
2018-11-08,62.274189845155014
2018-11-09,71.47410795226872
2018-11-10,67.67232596544856
2018-11-11,62.9168916625455
2018-11-12,56.952513389379504
2018-11-13,52.73090287540174
2018-11-14,27.734837104777913
2018-11-15,-7.410346654851334
2018-11-16,-47.24744273065972
2018-11-17,-48.5454374824565
2018-11-18,-35.2400158926131
2018-11-19,-20.0046247820609
2018-11-20,-24.130791194485838
2018-11-21,-33.93245034578589
2018-11-22,-33.230368119835894
2018-11-23,-25.886234924800934
2018-11-24,-17.114296083757644
2018-11-25,-14.443879595884624
2018-11-26,-15.69595995238494
2018-11-27,-16.23393446440978
2018-11-28,-14.521976575731031
2018-11-29,-9.855008589239509
2018-11-30,-4.302270819070103
2018-12-01,-0.3347523756608162
2018-12-02,2.051860437537201
2018-12-03,0.993099097585687
2018-12-04,-2.2388071955194193
2018-12-05,-13.015243157726616
2018-12-06,-26.99676725557978
2018-12-07,-42.36979672889317
2018-12-08,-49.17785654503086
2018-12-09,-45.80674537301787
2018-12-10,-36.068147562973465
2018-12-11,-26.0280211218298
2018-12-12,-20.541008726312015
2018-12-13,-18.049479015112084
2018-12-14,-17.030188035591184
2018-12-15,-15.695161859184907
2018-12-16,-12.526602279305598
2018-12-17,-8.483824503359266
2018-12-18,0.6289998839991023
2018-12-19,18.97265569621458
2018-12-20,41.403777558062394
2018-12-21,61.04907167911515
2018-12-22,66.72471249716641
2018-12-23,69.2183836215804
2018-12-24,69.81721943011104
2018-12-25,73.49942759247874
2018-12-26,75.35361370499264
2018-12-27,73.009228183343
2018-12-28,68.54580590251125
2018-12-29,65.23163045922034
2018-12-30,68.32822192077342
2018-12-31,76.0958469101116
2019-01-01,80.61965733949377
2019-01-02,79.18953271111643
2019-01-03,74.92090121440344
2019-01-04,73.00960784051114
2019-01-05,77.22410344041144
2019-01-06,81.2818721505093
2019-01-07,83.74815865269927
2019-01-08,79.2728965034323
2019-01-09,74.23182188064023
2019-01-10,55.70794758605385
2019-01-11,31.50671727982026
2019-01-12,-0.933548164136365
2019-01-13,-16.48793427250267
2019-01-14,-24.2719579688852
2019-01-15,-23.892615876876913
2019-01-16,-24.174942456329692
2019-01-17,-21.02051847598763
2019-01-18,-16.070981928635454
2019-01-19,-12.186662973866788
2019-01-20,-11.342316378015129
2019-01-21,-11.512662928356997
2019-01-22,-13.409366114170803
2019-01-23,-15.861537844886245
2019-01-24,-18.989057149874366
2019-01-25,-21.38138625211833
2019-01-26,-20.603282728192223
2019-01-27,-19.962036809137178
2019-01-28,-27.828683902425638
2019-01-29,-37.63688677242766
2019-01-30,-45.084540937670454
2019-01-31,-33.64863640438131
2019-02-01,-21.312061861002217
2019-02-02,-9.307796995107035
2019-02-03,-7.6804397056742495
2019-02-04,-5.461050642557538
2019-02-05,-4.279463166342258
2019-02-06,-6.963741473597981
2019-02-07,-12.573739576192656
2019-02-08,-19.5619601910452
2019-02-09,-7.984056443443902
2019-02-10,13.561619047302685
2019-02-11,46.414806227320724
2019-02-12,62.837926724253514
2019-02-13,73.62739479298182
2019-02-14,75.00767979291335
2019-02-15,79.33519864941861
2019-02-16,81.39640635001655
2019-02-17,80.66954321887066
2019-02-18,77.29378329109754
2019-02-19,74.73249064204767
2019-02-20,76.79055865523895
2019-02-21,82.21771907212347
2019-02-22,85.02125161844812
2019-02-23,83.5828508494313
2019-02-24,75.02210173998422
2019-02-25,62.20749513063965
2019-02-26,47.7774479931066
2019-02-27,37.31608160061027
2019-02-28,32.52797182753311
2019-03-01,31.016922971960344
2019-03-02,27.453393273664645
2019-03-03,17.89198366774547
2019-03-04,1.4072321525076557
2019-03-05,-13.272677410634415
2019-03-06,-18.32426536798885
2019-03-07,-11.24993711812907
2019-03-08,0.3634946797770298
2019-03-09,9.926304324689175
2019-03-10,17.12316579951982
2019-03-11,21.743788656559627
2019-03-12,18.44579811452134
2019-03-13,7.805638060183664
2019-03-14,-3.8131219842705915
2019-03-15,-4.298856554297626
2019-03-16,5.836652433776366
2019-03-17,24.158361620808268
2019-03-18,42.17031394833015
2019-03-19,54.719447815315455
2019-03-20,57.42429733279304
2019-03-21,51.368582707734824
2019-03-22,40.64379258766102
2019-03-23,30.23311008530642
2019-03-24,24.737628593579135
2019-03-25,19.493247085023366
2019-03-26,11.7378514748701
2019-03-27,1.147294067147522
2019-03-28,0.8132299164743385
2019-03-29,10.281284375486374
2019-03-30,30.4797830233079
2019-03-31,47.85023162819255
2019-04-01,64.17148678071506
2019-04-02,65.55426693580559
2019-04-03,63.67009777130499
2019-04-04,56.91370970821296
2019-04-05,62.266077162394616
2019-04-06,68.44143109710495
2019-04-07,75.90753926668658
2019-04-08,79.12544670656952
2019-04-09,81.3155850677131
2019-04-10,84.14242900230666
2019-04-11,81.77479384689669
2019-04-12,75.20861450871276
2019-04-13,63.72565600833705
2019-04-14,56.026237929062574
2019-04-15,43.08276498584635
2019-04-16,24.743648762880895
2019-04-17,0.8230996057895084
2019-04-18,-9.380851829193686
2019-04-19,-4.117773792645104
2019-04-20,10.702559950022467
2019-04-21,21.79471280842401
2019-04-22,25.47237501688817
2019-04-23,25.389588017711617
2019-04-24,17.688833263228712
2019-04-25,-9.38951452895413
2019-04-26,-45.65439662474978
2019-04-27,-70.59031131034475
2019-04-28,-58.07928266249632
2019-04-29,-35.88265812480721
2019-04-30,-18.307958817013628
2019-05-01,-16.065022721156627
2019-05-02,-9.752516967398204
2019-05-03,1.04324487922114
2019-05-04,11.925949593340798
2019-05-05,17.8698684088272
2019-05-06,18.978584067481588
2019-05-07,24.060160241079505
2019-05-08,34.26166759024389
2019-05-09,50.64698528481693
2019-05-10,60.321362268356005
2019-05-11,63.176365603055906
2019-05-12,61.33261052279057
2019-05-13,59.74457208616568
2019-05-14,62.16475009967896
2019-05-15,63.056082639927446
2019-05-16,66.23226204860437
2019-05-17,67.43362295988949
2019-05-18,69.8657204600393
2019-05-19,69.01614907734395
2019-05-20,69.32367132978369
2019-05-21,70.68172396234674
2019-05-22,74.71375061688778
2019-05-23,76.22618602417833
2019-05-24,74.36819675158198
2019-05-25,71.37031205103344
2019-05-26,69.75079153738511
2019-05-27,72.14790621648973
2019-05-28,75.04505717894341
2019-05-29,77.1441140533377
2019-05-30,67.82870652863659
2019-05-31,50.37126732750164
2019-06-01,33.44360334765241
2019-06-02,32.97052901554204
2019-06-03,40.66523117470964
2019-06-04,36.314795281609456
2019-06-05,13.680078488819346
2019-06-06,-15.341740632076224
2019-06-07,-27.941120699467024
2019-06-08,-28.35858527543407
2019-06-09,-25.41684593087534
2019-06-10,-33.31093201211686
2019-06-11,-42.968682257784444
2019-06-12,-43.82211764285389
2019-06-13,-26.631791705075127
2019-06-14,-2.2696612962089353
2019-06-15,23.941201893805925
2019-06-16,43.51948943365295
2019-06-17,61.55411208836548
2019-06-18,70.83687995596192
2019-06-19,73.18490499923246
2019-06-20,69.3979074313511
2019-06-21,65.41358666148848
2019-06-22,64.61394078109943
2019-06-23,67.7458826399388
2019-06-24,75.05543993355184
2019-06-25,81.70315289939141
2019-06-26,83.08923264618083
2019-06-27,74.06844262731884
2019-06-28,59.229971894428225
2019-06-29,42.91098819362073
2019-06-30,35.04490667784816
2019-07-01,30.307749054498405
2019-07-02,25.792730313684913
2019-07-03,19.591639416055084
2019-07-04,10.569632163646508
2019-07-05,1.9613557075896306
2019-07-06,-11.266091590732584
2019-07-07,-18.177458161627438
2019-07-08,-16.39970715167398
2019-07-09,-4.837900402154666
2019-07-10,3.8642412324972
2019-07-11,-4.166308995823493
2019-07-12,-22.902585183782218
2019-07-13,-40.69938204183438
2019-07-14,-49.105925424801335
2019-07-15,-52.20864557483369
2019-07-16,-55.82827991237959
2019-07-17,-49.504238397725366
2019-07-18,-40.26844126506236
2019-07-19,-24.938672019424207
2019-07-20,-14.43541797498788
2019-07-21,-4.9905833119649055
2019-07-22,-0.8410414267709303
2019-07-23,-1.5244461999043828
2019-07-24,-6.192648435870748
2019-07-25,-10.268275927181591
2019-07-26,-12.126403528269838
2019-07-27,-20.166928943562574
2019-07-28,-34.364206225309935
2019-07-29,-50.52082173004959
2019-07-30,-49.69245810471975
2019-07-31,-37.906261156033494
2019-08-01,-22.016995499892857
2019-08-02,-8.301067286595172
2019-08-03,5.694199488874176
2019-08-04,23.165042730858215
2019-08-05,37.442892154553455
2019-08-06,47.79389601899107
2019-08-07,50.60412979622049
2019-08-08,47.63070210730273
2019-08-09,35.54568858324253
2019-08-10,15.313452935545875
2019-08-11,-7.94153441739168
2019-08-12,-23.063626082680234
2019-08-13,-27.44158796700826
2019-08-14,-31.959633207712745
2019-08-15,-38.312681545794554
2019-08-16,-45.08569799479191
2019-08-17,-36.56179352620602
2019-08-18,-24.559986039875806
2019-08-19,-9.487467605205682
2019-08-20,-0.041243849110150776
2019-08-21,6.70023116984035
2019-08-22,6.511166296727038
2019-08-23,1.4495444708689538
2019-08-24,-1.3616184110838825
2019-08-25,-0.6559719788162693
2019-08-26,0.40040777576462555
2019-08-27,-1.3786096984979495
2019-08-28,-12.683397350423228
2019-08-29,-25.546517758748717
2019-08-30,-37.66496286240967
2019-08-31,-31.905575815483076
2019-09-01,-21.343810240767883
2019-09-02,-9.209155550841182
2019-09-03,-2.46150763342482
2019-09-04,4.647018995569759
2019-09-05,11.211914608566795
2019-09-06,10.61292985650691
2019-09-07,4.546768409882964
2019-09-08,1.9479237332143946
2019-09-09,8.80646848319178
2019-09-10,27.12176048224835
2019-09-11,42.88328223572404
2019-09-12,55.93443033759916
2019-09-13,59.82669099712084
2019-09-14,61.348760603678805
2019-09-15,60.812103603234654
2019-09-16,60.99068042000118
2019-09-17,63.925871243559094
2019-09-18,67.57360211544395
2019-09-19,70.83974576197107
2019-09-20,74.60610552004916
2019-09-21,76.00150149392036
2019-09-22,78.11656023348414
2019-09-23,74.10664339905911
2019-09-24,56.19723772386843
2019-09-25,28.2207174038746
2019-09-26,-4.979023474624145
2019-09-27,-20.237563846969607
2019-09-28,-23.7190496797452
2019-09-29,-16.032082422133783
2019-09-30,-10.829316983336094
2019-10-01,-6.631820436335346
2019-10-02,-2.7773249931879107
2019-10-03,1.480354923826605
2019-10-04,4.160354971465439
2019-10-05,4.540318256867983
2019-10-06,3.2977138914608517
2019-10-07,1.8363851453286888
2019-10-08,8.427470066673171
2019-10-09,20.14186355587225
2019-10-10,40.76354214721197
2019-10-11,49.72485153971726
2019-10-12,52.24141433266838
2019-10-13,40.53070124198481
2019-10-14,31.89372431006241
2019-10-15,23.469910717675358
2019-10-16,16.67169436007892
2019-10-17,5.889630505709064
2019-10-18,-9.32201747035406
2019-10-19,-20.001291364757805
2019-10-20,-26.541019438169638
2019-10-21,-24.202859455953448
2019-10-22,-22.003379893645235
2019-10-23,-24.86861637059575
2019-10-24,-30.84169845105497
2019-10-25,-35.80949452057617
2019-10-26,-20.42597042696969
2019-10-27,3.2668449282944585
2019-10-28,35.88839515852283
2019-10-29,55.92311326875222
2019-10-30,68.56619863024578
2019-10-31,69.0930512106346
2019-11-01,67.19209435314953
2019-11-02,65.03391021553587
2019-11-03,64.91990078702997
2019-11-04,65.65294761029162
2019-11-05,66.50604275675725
2019-11-06,70.74480510771146
2019-11-07,71.79010682479276
2019-11-08,59.42378815060326
2019-11-09,31.953839718125483
2019-11-10,2.1865000650938833
2019-11-11,-10.515789364924823
2019-11-12,-10.90551002784945
2019-11-13,-3.9967284455933285
2019-11-14,-1.5512095614979708
2019-11-15,-7.731771099974914
2019-11-16,-23.801974556484435
2019-11-17,-42.37543786365481
2019-11-18,-50.702931886640364
2019-11-19,-54.01339911149413
2019-11-20,-55.8694567574933
2019-11-21,-66.50130462649788
2019-11-22,-74.0810515032375
2019-11-23,-78.5704565441077
2019-11-24,-65.8932368143946
2019-11-25,-49.612942454802756
2019-11-26,-34.56411190131733
2019-11-27,-28.407915061033723
2019-11-28,-21.016029662131924
2019-11-29,-12.423864633208437
2019-11-30,-3.0520154012859226
2019-12-01,-0.22619960877643586
2019-12-02,-0.6828916630615526
2019-12-03,-5.643174692027114
2019-12-04,-12.976179530981073
2019-12-05,-27.438180502644112
2019-12-06,-42.12249472340259
2019-12-07,-50.72554520419265
2019-12-08,-43.91428057970747
2019-12-09,-34.734078756287886
2019-12-10,-31.323284900208375
2019-12-11,-37.66087675945645
2019-12-12,-45.00490906182097
2019-12-13,-46.13032652923615
2019-12-14,-44.78516090663906
2019-12-15,-44.25432611794694
2019-12-16,-58.069049906964004
2019-12-17,-73.59037212441741
2019-12-18,-88.97469459161447
2019-12-19,-82.49281905343663
2019-12-20,-67.18705360208429
2019-12-21,-42.53359287728675
2019-12-22,-24.241894250715557
2019-12-23,-12.335769634649528
2019-12-24,-8.593009515358771
2019-12-25,-10.855883153400287
2019-12-26,-14.866239475831167
2019-12-27,-19.58925185322339
2019-12-28,-20.287030320128764
2019-12-29,-17.14908749130505
2019-12-30,-4.651859960536609
2019-12-31,7.975887434655921
2020-01-01,20.21031419112758
2020-01-02,16.610002696695474
2020-01-03,7.1041569231546875
2020-01-04,1.6368782279358858
2020-01-05,15.1727218526626
2020-01-06,40.713270442949764
2020-01-07,60.8299548714157
2020-01-08,67.13605822562893
2020-01-09,65.3954396835241
2020-01-10,58.704508085341
2020-01-11,56.8902124356377
2020-01-12,58.16262073642778
2020-01-13,68.52635741577205
2020-01-14,71.28390107830994
2020-01-15,71.57738391464608
2020-01-16,67.01461772803815
2020-01-17,72.00869344423477
2020-01-18,75.22913305589263
2020-01-19,77.01148159353345
2020-01-20,72.730245981551
2020-01-21,69.02072573401378
2020-01-22,67.85995357746326
2020-01-23,67.29703871065504
2020-01-24,63.24923146362699
2020-01-25,54.635414190820235
2020-01-26,46.62739457467861
2020-01-27,41.90676351371715
2020-01-28,42.34056410795311
2020-01-29,48.02242783232149
2020-01-30,55.74610531732088
2020-01-31,62.284549102604444
2020-02-01,62.629120172921745
2020-02-02,64.2818377788097
2020-02-03,69.09089431164895
2020-02-04,76.04327316679598
2020-02-05,79.81586122212673
2020-02-06,78.42769775900298
2020-02-07,76.25511011794312
2020-02-08,77.20597862903942
2020-02-09,80.98859187245745
2020-02-10,84.56839495797588
2020-02-11,83.73481546055261
2020-02-12,78.75474519900439
2020-02-13,75.08689710214811
2020-02-14,74.19194286627818
2020-02-15,77.84072656651995
2020-02-16,76.69522458577462
2020-02-17,72.18147149859728
2020-02-18,65.14043376054676
2020-02-19,62.947200336021446
2020-02-20,61.846026534821014
2020-02-21,59.396768364747665
2020-02-22,54.663637906327246
2020-02-23,52.78101699834672
2020-02-24,52.90126400348112
2020-02-25,39.1099611601584
2020-02-26,8.019886743769598
2020-02-27,-34.026183678653894
2020-02-28,-55.9966681406043
2020-02-29,-55.87802505478123
2020-03-01,-41.28571280907956
2020-03-02,-29.381959686451022
2020-03-03,-22.21922979676614
2020-03-04,-16.902999992897296
2020-03-05,-12.448024572083234
2020-03-06,-7.945793849980219
2020-03-07,-1.233564118903917
2020-03-08,-2.9664865291578137
2020-03-09,-11.020528703414444
2020-03-10,-27.538389206313855
2020-03-11,-34.5931955020894
2020-03-12,-52.081145972482666
2020-03-13,-66.93104857049757
2020-03-14,-80.3449548242885
2020-03-15,-60.41822926582472
2020-03-16,-35.74939781689222
2020-03-17,-14.47819152551299
2020-03-18,-10.783695046384077
2020-03-19,-7.9089372567904235
2020-03-20,-4.132345125928257
2020-03-21,0.792836012058355
2020-03-22,4.974484907581641
2020-03-23,7.956072053089559
2020-03-24,10.100906388845535
2020-03-25,19.286164429691834
2020-03-26,36.7563800040414
2020-03-27,59.58823910999897
2020-03-28,70.78965593152901
2020-03-29,68.92947192912176
2020-03-30,56.50570322552816
2020-03-31,49.9613634227706
2020-04-01,41.30733608095857
2020-04-02,37.01607383826116
2020-04-03,31.39039236369612
2020-04-04,41.676851854150705
2020-04-05,55.80567946687529
2020-04-06,64.00242274811227
2020-04-07,65.59623096383474
2020-04-08,63.49331417825281
2020-04-09,72.60810667881238
2020-04-10,75.82774324578622
2020-04-11,76.3009489521828
2020-04-12,67.09586360406074
2020-04-13,59.85756276446492
2020-04-14,54.69329335001245
2020-04-15,49.56147557209817
2020-04-16,42.777781628057134
2020-04-17,40.242752037923566
2020-04-18,45.02831974410839
2020-04-19,59.00536826568035
2020-04-20,63.26527712787549
2020-04-21,60.83648355868585
2020-04-22,48.690445029968735
2020-04-23,46.65121247062242
2020-04-24,52.756744003653715
2020-04-25,66.52452627108578
2020-04-26,78.05721091770717
2020-04-27,84.60707669952212
2020-04-28,88.21345795492782
2020-04-29,85.80109421440386
2020-04-30,81.42932148117217
2020-05-01,74.46399204801253
2020-05-02,75.19558432645532
2020-05-03,78.0358964173087
2020-05-04,79.9461118842033
2020-05-05,74.92450921941453
2020-05-06,66.41071847613775
2020-05-07,58.799200445065
2020-05-08,54.27380259795333
2020-05-09,53.026403394159225
2020-05-10,38.448120290707074
2020-05-11,12.775412405340939
2020-05-12,-21.965162770004344
2020-05-13,-33.16737951245172
2020-05-14,-25.949228798951292
2020-05-15,-6.423503975079977
2020-05-16,6.963261692927809
2020-05-17,15.114884550683085
2020-05-18,26.144445923157303
2020-05-19,41.921614706070464
2020-05-20,59.24137867864787
2020-05-21,63.515293626464576
2020-05-22,54.587398774122185
2020-05-23,40.89373882783301
2020-05-24,38.130739107209145
2020-05-25,42.36384577821673
2020-05-26,41.25213392630549
2020-05-27,29.59894569557817
2020-05-28,14.62038966980411
2020-05-29,15.819757521423464
2020-05-30,28.10891705212636
2020-05-31,47.65153854051993
2020-06-01,54.71324255123984
2020-06-02,60.35501829612898
2020-06-03,61.504752834034015
2020-06-04,67.27994020503886
2020-06-05,71.60706821135837
2020-06-06,76.45523068352198
2020-06-07,79.49354555508428
2020-06-08,80.75452853517724
2020-06-09,81.46971836576205
2020-06-10,83.28578193108702
2020-06-11,77.96634119861898
2020-06-12,48.954647550517684
2020-06-13,5.293048195056774
2020-06-14,-42.38491646750034
2020-06-15,-64.57106064613798
2020-06-16,-73.53091771698742
2020-06-17,-67.50876232733958
2020-06-18,-57.40204958684338
2020-06-19,-45.858743593025935
2020-06-20,-37.598183241664344
2020-06-21,-33.42962618360261
2020-06-22,-28.108750161092512
2020-06-23,-14.454205557753482
2020-06-24,0.04890357236606787
2020-06-25,13.14209484808221
2020-06-26,9.433010753381085
2020-06-27,-8.235990593454703
2020-06-28,-32.157085218377325
2020-06-29,-51.006385075711584
2020-06-30,-52.3148495150725
2020-07-01,-44.2752651741741
2020-07-02,-31.32559853663186
2020-07-03,-25.12892739610405
2020-07-04,-22.553183723648857
2020-07-05,-22.925680000691155
2020-07-06,-21.85654320970161
2020-07-07,-13.686783202215267
2020-07-08,4.061969878618554
2020-07-09,28.36770745321699
2020-07-10,45.5235864580408
2020-07-11,53.715018527614404
2020-07-12,52.248988109411755
2020-07-13,51.277784614600314
2020-07-14,49.68878570909593
2020-07-15,49.19704493993009
2020-07-16,43.687465505350985
2020-07-17,35.00095044189885
2020-07-18,23.567860693623988
2020-07-19,14.166184844508875
2020-07-20,7.508186506487362
2020-07-21,3.604383500467882
2020-07-22,6.286028018815099
2020-07-23,17.0107260894036
2020-07-24,35.708043815770345
2020-07-25,54.037657458689864
2020-07-26,67.79541865851883
2020-07-27,75.02553534373864
2020-07-28,80.6000232078232
2020-07-29,84.10827635726729
2020-07-30,86.0781299624695
2020-07-31,85.92089908323264
2020-08-01,83.35719293474672
2020-08-02,81.31883144382046
2020-08-03,79.48127758089863
2020-08-04,82.30020500671753
2020-08-05,85.93390051595988
2020-08-06,89.73912699985043
2020-08-07,87.64255997349925
2020-08-08,82.99886469425604
2020-08-09,76.47359080584887
2020-08-10,75.71188033895022
2020-08-11,75.47281570337411
2020-08-12,72.96248370270528
2020-08-13,62.747073742292024
2020-08-14,54.99916759132528
2020-08-15,55.05259138359023
2020-08-16,61.80617575158442
2020-08-17,67.01300996184195
2020-08-18,65.63279262118141
2020-08-19,58.394980451676965
2020-08-20,47.008035955577306
2020-08-21,30.30911306684767
2020-08-22,14.705783758158438
2020-08-23,-0.9855734601950346
2020-08-24,-8.453944755207283
2020-08-25,-14.61931550960613
2020-08-26,-17.908594224050884
2020-08-27,-25.318736878049805
2020-08-28,-29.41096931456164
2020-08-29,-28.27937489125014
2020-08-30,-17.045521128335178
2020-08-31,2.8938629320987537
2020-09-01,24.246921492429433
2020-09-02,41.13539917714014
2020-09-03,39.46444767937253
2020-09-04,24.973045956350017
2020-09-05,-5.533895067732449
2020-09-06,-29.921655668276458
2020-09-07,-46.773163145617524
2020-09-08,-42.22751180011851
2020-09-09,-33.507701205560785
2020-09-10,-21.85891019870788
2020-09-11,-15.11230364041113
2020-09-12,-6.82058604212719
2020-09-13,-0.81442780598021
2020-09-14,2.9255336710764754
2020-09-15,3.337499909478073
2020-09-16,3.9467997806855664
2020-09-17,7.2569169020984745
2020-09-18,16.68188689771131
2020-09-19,32.92549352606111
2020-09-20,47.05012984202376
2020-09-21,41.543073823133575
2020-09-22,18.47995481485835
2020-09-23,-15.615992840422292
2020-09-24,-36.201787596584616
2020-09-25,-45.40687799639452
2020-09-26,-37.04238437916594
2020-09-27,-20.766880608946497
2020-09-28,-1.7358673703733019
2020-09-29,11.006933919222803
2020-09-30,16.785822040468133
2020-10-01,16.68974398292901
2020-10-02,11.478319255631801
2020-10-03,3.220641399245809
2020-10-04,-3.209796032726485
2020-10-05,0.3385073297177635
2020-10-06,1.2066156125818632
2020-10-07,-3.126399548014783
2020-10-08,-21.30298176510313
2020-10-09,-27.011958095157283
2020-10-10,-13.416650918390738
2020-10-11,21.774460614077896
2020-10-12,52.521844947803146
2020-10-13,68.5285174062319
2020-10-14,69.38706798291686
2020-10-15,68.22901920895941
2020-10-16,64.67853460565952
2020-10-17,60.27161248193408
2020-10-18,53.91713113888704
2020-10-19,53.47393718326675
2020-10-20,56.1711887506438
2020-10-21,57.94912086003023
2020-10-22,54.94638239645749
2020-10-23,53.42019055624534
2020-10-24,58.63030423311174
2020-10-25,69.26771888717714
2020-10-26,72.79195491035217
2020-10-27,66.93668637966934
2020-10-28,51.59830136613959
2020-10-29,40.50313319356448
2020-10-30,29.84407954580226
2020-10-31,23.27569849981917
2020-11-01,15.91061500608937
2020-11-02,11.205300878599557
2020-11-03,-0.6689285629827365
2020-11-04,-17.952699792109552
2020-11-05,-30.566404510915913
2020-11-06,-21.653789755051438
2020-11-07,6.084139038896794
2020-11-08,34.3477744678799
2020-11-09,54.05472453286862
2020-11-10,63.6713291097358
2020-11-11,70.99244035635797
2020-11-12,76.21883569961163
2020-11-13,79.86049505654832
2020-11-14,81.06735382889666
2020-11-15,77.7490450448423
2020-11-16,72.57648085003059
2020-11-17,68.0282735690738
2020-11-18,68.23808948199034
2020-11-19,67.66863164490702
2020-11-20,62.69661556683363
2020-11-21,53.12380940878264
2020-11-22,47.352753883234634
2020-11-23,49.60878071157156
2020-11-24,58.69806267848452
2020-11-25,67.26818229382145
2020-11-26,67.22476220665597
2020-11-27,55.75262355451614
2020-11-28,39.433207831167834
2020-11-29,31.660981918317734
2020-11-30,35.9752248412722
2020-12-01,48.17949573987003
2020-12-02,59.89104982765175
2020-12-03,67.30928110791318
2020-12-04,68.14304200249991
2020-12-05,62.12612615593608
2020-12-06,54.47491876424073
2020-12-07,51.48974406715376
2020-12-08,51.08251194954902
2020-12-09,45.14683633746958
2020-12-10,32.51465292714652
2020-12-11,16.797150910486376
2020-12-12,4.455767341002713
2020-12-13,-4.908026585230294
2020-12-14,-4.852953970407942
2020-12-15,5.4529303807102
2020-12-16,19.7389929806692
2020-12-17,34.97406224133423
2020-12-18,47.70444130366962
2020-12-19,64.5974682641434
2020-12-20,73.63436427340368
2020-12-21,74.27238142253942
2020-12-22,61.98927971386404
2020-12-23,44.39349322921712
2020-12-24,27.1009305323233
2020-12-25,17.08828332004299
2020-12-26,18.68420629248136
2020-12-27,27.541006197588406
2020-12-28,38.582564606729754
2020-12-29,48.32636517246991
2020-12-30,58.50907236279897
2020-12-31,67.52103761868956
2021-01-01,74.63421631015473
2021-01-02,76.23767822610945
2021-01-03,71.71602717311904
2021-01-04,65.27683876195856
2021-01-05,61.58283817429079
2021-01-06,65.71901217436677
2021-01-07,72.86392516172235
2021-01-08,78.39074966343676
2021-01-09,81.07686189803592
2021-01-10,80.8465362493473
2021-01-11,76.52514185703473
2021-01-12,67.77703121730866
2021-01-13,55.48489369936309
2021-01-14,50.94629358447036
2021-01-15,51.41182035245115
2021-01-16,57.08509732483725
2021-01-17,55.51373269093395
2021-01-18,50.027842432965656
2021-01-19,42.93527152582154
2021-01-20,41.314909636776285
2021-01-21,36.43228161158918
2021-01-22,22.739038125567713
2021-01-23,5.559413706909567
2021-01-24,-0.23498633376377556
2021-01-25,14.70067461582471
2021-01-26,33.69364174283084
2021-01-27,41.0505541529056
2021-01-28,27.820412611054113
2021-01-29,10.050678349948518
2021-01-30,6.364394319932813
2021-01-31,16.32204918308252
2021-02-01,26.153044075241812
2021-02-02,26.35053152033044
2021-02-03,26.550477314523718
2021-02-04,37.295763051855666
2021-02-05,53.56545791543184
2021-02-06,67.64834882550015
2021-02-07,69.87220500339214
2021-02-08,66.32282567589796
2021-02-09,61.2105599284861
2021-02-10,64.37308443456925
2021-02-11,72.38267331323165
2021-02-12,78.95279981772434
2021-02-13,81.54527678373206
2021-02-14,81.9586741409325
2021-02-15,79.64946871799218
2021-02-16,71.6619268151667
2021-02-17,56.37917059706678
2021-02-18,46.5408312961135
2021-02-19,46.22494881311815
2021-02-20,54.90062893153905
2021-02-21,61.5997063613629
2021-02-22,39.14129417706126
2021-02-23,-16.58281772485874
2021-02-24,-88.16071417373944
2021-02-25,-126.42234035616205
2021-02-26,-113.04325943589004
2021-02-27,-77.13770624734836
2021-02-28,-45.64074273361226
2021-03-01,-31.97307737070327
2021-03-02,-22.72787045729477
2021-03-03,-13.45173735595102
2021-03-04,-5.045857618946734
2021-03-05,0.9362728523015987
2021-03-06,3.720677478664007
2021-03-07,9.359171666582105
2021-03-08,21.81381492149113
2021-03-09,41.49781532374079
2021-03-10,58.517510227392386
2021-03-11,70.23565883111745
2021-03-12,71.72981703513643
2021-03-13,69.06620744107745
2021-03-14,66.50795902626915
2021-03-15,64.7464246822162
2021-03-16,63.43152383853815
2021-03-17,57.92416006729596
2021-03-18,52.41892144185122
2021-03-19,46.58212519903103
2021-03-20,42.27215194591068
2021-03-21,29.13865065730648
2021-03-22,0.7845394777116113
2021-03-23,-34.38445870455628
2021-03-24,-62.56378252543441
2021-03-25,-62.67566741757218
2021-03-26,-52.346393977593
2021-03-27,-27.945167417822507
2021-03-28,-9.610283682048982
2021-03-29,10.81132024472852
2021-03-30,26.417405444640554
2021-03-31,40.67531652999532
2021-04-01,56.32355433428669
2021-04-02,64.55302437771151
2021-04-03,71.3607482950506
2021-04-04,71.50243588954315
2021-04-05,74.47472409720335
2021-04-06,75.77687752220658
2021-04-07,76.61939067461222
2021-04-08,73.65537534006155
2021-04-09,69.54358903548125
2021-04-10,68.84896721272355
2021-04-11,73.75735626439128
2021-04-12,79.77543217507586
2021-04-13,80.7766888044625
2021-04-14,76.00155520408042
2021-04-15,69.57127819238589
2021-04-16,65.9365098343394
2021-04-17,63.67298111866617
2021-04-18,52.12974633193417
2021-04-19,34.68710136130629
2021-04-20,11.205058835736226
2021-04-21,3.957231472768465
2021-04-22,8.551071693826154
2021-04-23,19.556310902183913
2021-04-24,20.810458874928027
2021-04-25,9.61661750775818
2021-04-26,1.9907185638367932
2021-04-27,4.277960091380702
2021-04-28,20.94381239991284
2021-04-29,42.52764034544581
2021-04-30,62.16116500704417
2021-05-01,75.20901125369139
2021-05-02,80.92322902267368
2021-05-03,78.63209718093071
2021-05-04,75.75457062559596
2021-05-05,70.98304019366672
2021-05-06,73.73225403833953
2021-05-07,77.04204372772891
2021-05-08,81.51348038019724
2021-05-09,82.19276056788239
2021-05-10,80.85694643273517
2021-05-11,79.98865760907785
2021-05-12,77.67315875913518
2021-05-13,73.55960083862395
2021-05-14,68.0375702837041
2021-05-15,62.258702479636376
2021-05-16,51.53023644075093
2021-05-17,28.359416028827386
2021-05-18,-4.288423689502831
2021-05-19,-50.36052305255237
2021-05-20,-83.75483899144221
2021-05-21,-108.01275951049841
2021-05-22,-90.71320040486471
2021-05-23,-68.68219004776053
2021-05-24,-38.81074573329864
2021-05-25,-27.294073978904212
2021-05-26,-13.743074315859927
2021-05-27,-2.2887240816816665
2021-05-28,6.526217325588381
2021-05-29,6.177639038579446
2021-05-30,-1.5686470104482801
2021-05-31,-9.568746375313047
2021-06-01,-9.330980447191179
2021-06-02,0.7322540120819543
2021-06-03,18.952493243113107
2021-06-04,33.00819940822569
2021-06-05,41.176285837686265
2021-06-06,39.531552648721195
2021-06-07,36.24902192091697
2021-06-08,24.895555731498884
2021-06-09,10.361375053301762
2021-06-10,-7.278553974055961
2021-06-11,-16.947754102068114
2021-06-12,-24.238145528274888
2021-06-13,-30.077316918052674
2021-06-14,-31.058579683356793
2021-06-15,-22.043770676982216
2021-06-16,-9.293986228995225
2021-06-17,-7.564732468550982
2021-06-18,-22.038625050365862
2021-06-19,-37.90569456477502
2021-06-20,-49.439841829931765
2021-06-21,-56.4060667704775
2021-06-22,-65.46431295224374
2021-06-23,-68.16898752841357
2021-06-24,-55.532396943032865
2021-06-25,-38.98564621236991
2021-06-26,-25.85450948916541
2021-06-27,-21.889966557629375
2021-06-28,-14.254993177809114
2021-06-29,-0.9692372114723137
2021-06-30,16.674892366846155
2021-07-01,33.476302771851294
2021-07-02,43.23712773047396
2021-07-03,49.18550701711401
2021-07-04,52.72640036001142
2021-07-05,59.464539018526104
2021-07-06,65.46511651320453
2021-07-07,71.94431853297202
2021-07-08,73.77561751885484
2021-07-09,71.02683674741569
2021-07-10,58.617621618532745
2021-07-11,39.010623719795994
2021-07-12,8.637579832938657
2021-07-13,-22.442941914059087
2021-07-14,-46.425973904437605
2021-07-15,-51.43523483475147
2021-07-16,-47.14539963560227
2021-07-17,-37.44166644268776
2021-07-18,-28.71906550738387
2021-07-19,-21.100280201603017
2021-07-20,-18.00367308770024
2021-07-21,-20.54844396803198
2021-07-22,-16.229343651154064
2021-07-23,-2.260697620832078
2021-07-24,24.886713689676032
2021-07-25,49.19746730860549
2021-07-26,68.37758391951475
2021-07-27,75.35734005502081
2021-07-28,79.46851986218051
2021-07-29,79.41331753374853
2021-07-30,81.14104360336967
2021-07-31,80.77880671807468
2021-08-01,82.61226483106537
2021-08-02,84.66923893525585
2021-08-03,86.09932877018855
2021-08-04,82.32302398047649
2021-08-05,74.27129416977063
2021-08-06,67.94462223622394
2021-08-07,66.18695617133947
2021-08-08,69.41990724903347
2021-08-09,71.31574074674974
2021-08-10,74.14998872879853
2021-08-11,77.20766336105733
2021-08-12,81.71038591919562
2021-08-13,81.70326276016189
2021-08-14,78.54411881953217
2021-08-15,74.46349239697167
2021-08-16,74.19262717013032
2021-08-17,70.24426292044873
2021-08-18,61.5620503821685
2021-08-19,44.06515591505205
2021-08-20,29.698694231104586
2021-08-21,22.47246858782206
2021-08-22,23.312429452274884
2021-08-23,29.034732764536518
2021-08-24,29.569641622341322
2021-08-25,26.533824666325614
2021-08-26,10.351287029683455
2021-08-27,-7.792312918002181
2021-08-28,-15.312060515223882
2021-08-29,-7.354035797076091
2021-08-30,10.678681259958816
2021-08-31,18.477893823819656
2021-09-01,22.223693832070555
2021-09-02,28.544660572029347
2021-09-03,42.54684619107716
2021-09-04,61.01280366688112
2021-09-05,72.18403562549692
2021-09-06,80.77952122793401
2021-09-07,70.9722718722505
2021-09-08,51.20166499463301
2021-09-09,21.25328313674071
2021-09-10,4.56319459195126
2021-09-11,-3.2573382027850086
2021-09-12,-7.258695166080954
2021-09-13,-14.142569795523542
2021-09-14,-20.290023481887093
2021-09-15,-20.026198262035845
2021-09-16,-10.972921368584712
2021-09-17,-0.2965047785848161
2021-09-18,8.089749924037694
2021-09-19,5.937659748386615
2021-09-20,-14.360003737254665
2021-09-21,-44.43365735251577
2021-09-22,-76.91424252662007
2021-09-23,-77.40131306621186
2021-09-24,-66.23741339494461
2021-09-25,-44.123813404038
2021-09-26,-40.15918029850972
2021-09-27,-31.58711992100814
2021-09-28,-28.216839445299133
2021-09-29,-21.05210481045712
2021-09-30,-22.296648385295256
2021-10-01,-19.3536704493611
2021-10-02,-6.756225243995199
2021-10-03,19.555494067685903
2021-10-04,49.32402931705787
2021-10-05,68.74602227812186
2021-10-06,73.96183556947351
2021-10-07,73.28002744296255
2021-10-08,74.54967695268788
2021-10-09,81.34170710518066
2021-10-10,85.70183411284385
2021-10-11,84.98080940542924
2021-10-12,78.6668251895639
2021-10-13,72.73255377479336
2021-10-14,68.34400315340467
2021-10-15,66.16069513454967
2021-10-16,66.99361905161004
2021-10-17,68.6140141717106
2021-10-18,67.62933945737733
2021-10-19,61.12159330645531
2021-10-20,54.450242378694064
2021-10-21,54.39148118137311
2021-10-22,57.79708371845004
2021-10-23,63.68974998365949
2021-10-24,64.36555240384699
2021-10-25,66.93057989116113
2021-10-26,69.6603514809306
2021-10-27,69.39199610729294
2021-10-28,58.92495815655411
2021-10-29,45.47365566407118
2021-10-30,41.02508257144626
2021-10-31,50.251151460199196
2021-11-01,58.13091213435379
2021-11-02,56.98630356301814
2021-11-03,51.59179437507475
2021-11-04,49.310869287328096
2021-11-05,55.15888254399525
2021-11-06,56.11056050006534
2021-11-07,57.61190169876249
2021-11-08,55.373529549967905
2021-11-09,61.8673219219998
2021-11-10,63.185889994414616
2021-11-11,62.70138085071855
2021-11-12,51.370897578138816
2021-11-13,44.99616521189532
2021-11-14,38.801787985856386
2021-11-15,35.492927106090676
2021-11-16,10.538625990581863
2021-11-17,-20.54077920108848
2021-11-18,-56.844383072483026
2021-11-19,-64.23480843127207
2021-11-20,-61.646087285349616
2021-11-21,-44.604285284312574
2021-11-22,-35.88209291718737
2021-11-23,-33.35589457740104
2021-11-24,-39.49397058347136
2021-11-25,-40.4197399175028
2021-11-26,-43.016692273458006
2021-11-27,-44.078879953288414
2021-11-28,-54.836811774787314
2021-11-29,-44.159308832923664
2021-11-30,-24.612659034411198
2021-12-01,13.861054861318827
2021-12-02,38.72527184642416
2021-12-03,48.960898870220916
2021-12-04,19.522806101668476
2021-12-05,-22.13801095372712
2021-12-06,-61.58084048559715
2021-12-07,-57.369675231309806
2021-12-08,-38.24645829944354
2021-12-09,-11.177217245301357
2021-12-10,-11.78306479636158
2021-12-11,-23.60271723325593
2021-12-12,-38.53113101025868
2021-12-13,-45.630063235407896
2021-12-14,-43.773282529188265
2021-12-15,-43.86677670195041
2021-12-16,-32.27122817952529
2021-12-17,-23.725208601794595
2021-12-18,-12.131653242184411
2021-12-19,-12.075508569868012
2021-12-20,-10.646044751138156
2021-12-21,-8.1134464350207
2021-12-22,-1.560483519872293
2021-12-23,7.411526626143368
2021-12-24,19.31157839171872
2021-12-25,31.71627960597621
2021-12-26,46.24022224995843
2021-12-27,55.98003130156033
2021-12-28,37.38730114782622
2021-12-29,-1.951264164971903
2021-12-30,-55.53741709452754
2021-12-31,-70.07293631969556
2022-01-01,-63.57659269165169
2022-01-02,-39.461629999732736
2022-01-03,-27.396977975375478
2022-01-04,-19.747313175460132
2022-01-05,-25.242269856735096
2022-01-06,-34.84637124419287
2022-01-07,-49.35292812350108
2022-01-08,-47.832025952419365
2022-01-09,-41.56789698610483
2022-01-10,-30.645742133669724
2022-01-11,-25.948383587116655
2022-01-12,-21.458373404569013
2022-01-13,-12.950369829059559
2022-01-14,-2.9831021799050816
2022-01-15,5.616042146713904
2022-01-16,9.956999894997702
2022-01-17,11.054420508142984
2022-01-18,6.954148905363355
2022-01-19,-5.271893567665496
2022-01-20,-25.731187927038178
2022-01-21,-56.86691326711462
2022-01-22,-79.70502465182857
2022-01-23,-86.24000076285093
2022-01-24,-65.57814992498479
2022-01-25,-43.529697436843385
2022-01-26,-27.64132035329183
