Date,TSI_13_25_13
2014-11-07,-21.62047028729786
2014-11-08,-20.130553315609138
2014-11-09,-16.119253902817366
2014-11-10,-12.35619336750912
2014-11-11,-9.19373383549157
2014-11-12,1.033824123279687
2014-11-13,8.13812761504971
2014-11-14,10.41618991868442
2014-11-15,9.343226182163802
2014-11-16,9.730311479534265
2014-11-17,9.964166487919464
2014-11-18,8.718907304958995
2014-11-19,8.271375196030437
2014-11-20,5.384477459557271
2014-11-21,2.412760601876216
2014-11-22,0.29240205796501334
2014-11-23,0.109256368847205
2014-11-24,0.9134603081151045
2014-11-25,1.3933371458292731
2014-11-26,1.0464167756144025
2014-11-27,0.899816746111539
2014-11-28,1.5020737565355358
2014-11-29,1.8927455722508864
2014-11-30,2.5035760414957213
2014-12-01,3.15475255014702
2014-12-02,3.9506463538334677
2014-12-03,3.8013185233249565
2014-12-04,2.9478698647357664
2014-12-05,3.1694594072835076
2014-12-06,3.0620798513544303
2014-12-07,3.0140892335661156
2014-12-08,1.00099543243146
2014-12-09,-2.089543107826688
2014-12-10,-5.457973461512509
2014-12-11,-7.539753116384106
2014-12-12,-8.908817946747634
2014-12-13,-10.779306967670074
2014-12-14,-11.560020682322405
2014-12-15,-13.112229678491335
2014-12-16,-16.944100880526822
2014-12-17,-20.92612127586981
2014-12-18,-25.107954878127753
2014-12-19,-27.086580792358486
2014-12-20,-26.18702508957082
2014-12-21,-26.545076121903783
2014-12-22,-24.66908066244982
2014-12-23,-22.704664552799734
2014-12-24,-22.58492383278631
2014-12-25,-22.902895120412644
2014-12-26,-21.51019448999205
2014-12-27,-21.829105442572118
2014-12-28,-21.830223655596573
2014-12-29,-22.362608198138137
2014-12-30,-23.016505731087026
2014-12-31,-21.78130964729853
2015-01-01,-21.500389859803704
2015-01-02,-21.12587360947344
2015-01-03,-24.861086754977375
2015-01-04,-29.469943803511942
2015-01-05,-31.006790413553436
2015-01-06,-30.05686344568352
2015-01-07,-27.931127790402336
2015-01-08,-27.355595845661174
2015-01-09,-25.760694875975922
2015-01-10,-26.00245274124296
2015-01-11,-27.024313060473574
2015-01-12,-27.481377012902094
2015-01-13,-31.4171750751546
2015-01-14,-37.76530730258106
2015-01-15,-37.644490164245724
2015-01-16,-37.665283361605056
2015-01-17,-38.1927158477639
2015-01-18,-37.19812639904643
2015-01-19,-35.88713846883143
2015-01-20,-35.06919216929286
2015-01-21,-32.56023550408912
2015-01-22,-29.816433880931584
2015-01-23,-27.650803080986506
2015-01-24,-24.177425925433766
2015-01-25,-20.71290243802076
2015-01-26,-15.751321548263412
2015-01-27,-12.580284354590509
2015-01-28,-12.440426179325646
2015-01-29,-12.363176262333416
2015-01-30,-12.867646297063834
2015-01-31,-13.987111280142749
2015-02-01,-13.88411586077502
2015-02-02,-12.609533960572367
2015-02-03,-12.484341092539022
2015-02-04,-12.417640063636332
2015-02-05,-13.185347179252364
2015-02-06,-13.240217779718057
2015-02-07,-12.663812874821382
2015-02-08,-12.575907625247908
2015-02-09,-12.805984773268003
2015-02-10,-13.024559540343036
2015-02-11,-13.273824875437125
2015-02-12,-13.144948748265774
2015-02-13,-11.180634847992172
2015-02-14,-6.636516133819804
2015-02-15,-5.568076428421637
2015-02-16,-4.8424233218851205
2015-02-17,-3.0445806227806416
2015-02-18,-2.464480517915981
2015-02-19,-1.5113445095606945
2015-02-20,-0.3068666361452183
2015-02-21,0.7737955232463619
2015-02-22,0.5663607756796295
2015-02-23,0.7719555902340183
2015-02-24,0.9217254028377181
2015-02-25,0.8716162954341292
2015-02-26,0.6786200544799094
2015-02-27,3.0268421143236437
2015-02-28,5.020048231284652
2015-03-01,7.5228131035127195
2015-03-02,11.730853948618773
2015-03-03,15.905844559287035
2015-03-04,17.701992200925538
2015-03-05,19.52922259183952
2015-03-06,20.357862928080586
2015-03-07,21.478600737882523
2015-03-08,22.02189087356685
2015-03-09,24.392388948407678
2015-03-10,26.556989426973356
2015-03-11,28.86698615232561
2015-03-12,30.306027417428943
2015-03-13,29.47700187652736
2015-03-14,28.037809819873907
2015-03-15,27.435305024446297
2015-03-16,27.48436023081265
2015-03-17,26.361602172260767
2015-03-18,19.069740325605203
2015-03-19,14.223372331298638
2015-03-20,10.609345505668768
2015-03-21,7.435453867775135
2015-03-22,6.164115402197417
2015-03-23,4.927357034983962
2015-03-24,0.2238081881819664
2015-03-25,-3.315545810884872
2015-03-26,-5.709179812867981
2015-03-27,-7.873587218542666
2015-03-28,-8.553878792937626
2015-03-29,-10.68793485453675
2015-03-30,-11.465002093764957
2015-03-31,-12.598096292071533
2015-04-01,-12.907247890029788
2015-04-02,-12.000838060126174
2015-04-03,-10.994661405180864
2015-04-04,-10.268356645524861
2015-04-05,-8.226185514396422
2015-04-06,-7.458516493384384
2015-04-07,-7.249773561158597
2015-04-08,-8.580290798604914
2015-04-09,-9.909791487030013
2015-04-10,-12.382678715967709
2015-04-11,-14.279568607792418
2015-04-12,-15.916553604126237
2015-04-13,-19.32601134856829
2015-04-14,-22.988663775359612
2015-04-15,-24.674237538414026
2015-04-16,-24.742598033283482
2015-04-17,-25.724002155259484
2015-04-18,-26.38064282097803
2015-04-19,-27.040368763664944
2015-04-20,-26.997051392643385
2015-04-21,-23.867642345992977
2015-04-22,-21.544826962148584
2015-04-23,-19.00329720365442
2015-04-24,-17.939487784914345
2015-04-25,-18.041134336758066
2015-04-26,-19.490709922876565
2015-04-27,-17.833250346391083
2015-04-28,-17.20980409747899
2015-04-29,-16.72614337659262
2015-04-30,-13.512252532064245
2015-05-01,-11.82682657492909
2015-05-02,-9.756527406387022
2015-05-03,-6.733071411497624
2015-05-04,-4.622497957289453
2015-05-05,-3.5799865727888873
2015-05-06,-4.196680956318054
2015-05-07,-2.8224062986241694
2015-05-08,-0.17178865570459825
2015-05-09,1.4333999611981432
2015-05-10,2.344564842767103
2015-05-11,3.5157992965955445
2015-05-12,4.207665963633305
2015-05-13,3.5514760030617243
2015-05-14,3.1480460113420454
2015-05-15,2.9832610718653556
2015-05-16,2.4453300644503364
2015-05-17,2.1674966321659537
2015-05-18,0.8663926006039748
2015-05-19,-0.5741097377712008
2015-05-20,-1.155526547740864
2015-05-21,-1.2265330914713528
2015-05-22,0.3263739455338482
2015-05-23,1.1280835993565679
2015-05-24,2.4783486268504604
2015-05-25,2.2551133497394558
2015-05-26,2.0730474236963397
2015-05-27,1.9793975815389648
2015-05-28,1.945708600004533
2015-05-29,1.7941117620394642
2015-05-30,0.14791120854430526
2015-05-31,-2.505587643961337
2015-06-01,-7.522540225296699
2015-06-02,-10.227975457117823
2015-06-03,-12.353550944403164
2015-06-04,-14.634853454937348
2015-06-05,-16.192337151937693
2015-06-06,-17.14225560190394
2015-06-07,-18.92185264901086
2015-06-08,-17.424468366011414
2015-06-09,-15.937174642210659
2015-06-10,-14.822076090274985
2015-06-11,-13.428328314270667
2015-06-12,-12.12309265785426
2015-06-13,-9.72795767390099
2015-06-14,-7.1287175024363565
2015-06-15,-3.2370457564268653
2015-06-16,6.673415767928161
2015-06-17,13.109419775461813
2015-06-18,17.814679742573794
2015-06-19,19.093777672108125
2015-06-20,20.292510552597623
2015-06-21,20.559643898559226
2015-06-22,21.83288650007033
2015-06-23,21.396750106599328
2015-06-24,19.063291376538956
2015-06-25,18.040332018461964
2015-06-26,17.514947329834435
2015-06-27,19.699919115423345
2015-06-28,20.38189590814012
2015-06-29,23.50992529902773
2015-06-30,27.62304142429562
2015-07-01,28.498311084006847
2015-07-02,27.629299940251126
2015-07-03,27.212944763036898
2015-07-04,28.0770325027547
2015-07-05,31.444746750543658
2015-07-06,32.66593017325771
2015-07-07,32.36276986452227
2015-07-08,33.12178485572427
2015-07-09,33.048822665893255
2015-07-10,36.16377862822029
2015-07-11,39.920950702692735
2015-07-12,45.40473449719691
2015-07-13,42.40427847261749
2015-07-14,38.88730211783758
2015-07-15,35.89916620943276
2015-07-16,31.508946804845284
2015-07-17,28.433484915447764
2015-07-18,24.89865440494932
2015-07-19,21.829492690722052
2015-07-20,20.26119380411914
2015-07-21,18.256192914179966
2015-07-22,16.881002275276426
2015-07-23,15.478607943127766
2015-07-24,16.49339426235119
2015-07-25,17.37639468386053
2015-07-26,18.785557276339492
2015-07-27,20.09538616028114
2015-07-28,21.315906209157568
2015-07-29,21.00677174875216
2015-07-30,20.233101772733907
2015-07-31,18.72665100348006
2015-08-01,16.613454148085946
2015-08-02,15.06712329829926
2015-08-03,13.369583779210009
2015-08-04,12.850385999088012
2015-08-05,11.42035794659838
2015-08-06,9.242237197813465
2015-08-07,7.693849793172226
2015-08-08,1.0182514701670213
2015-08-09,-2.9901719194909355
2015-08-10,-6.259129292058807
2015-08-11,-7.15327135453399
2015-08-12,-8.832293522852249
2015-08-13,-10.706060785475666
2015-08-14,-11.730195693945065
2015-08-15,-13.524504309175326
2015-08-16,-15.671548308504985
2015-08-17,-17.532545763204045
2015-08-18,-28.454794418313842
2015-08-19,-31.051804523797486
2015-08-20,-30.419016258206497
2015-08-21,-30.360773988583873
2015-08-22,-30.6069318765434
2015-08-23,-31.0789060170707
2015-08-24,-33.62146961983018
2015-08-25,-32.91817763186697
2015-08-26,-31.44585444097366
2015-08-27,-30.442187829595625
2015-08-28,-28.226156083341923
2015-08-29,-26.675937698280013
2015-08-30,-25.55892533287031
2015-08-31,-24.37079080807226
2015-09-01,-23.648850161990964
2015-09-02,-22.790188983141928
2015-09-03,-22.372049106178086
2015-09-04,-21.29420764602232
2015-09-05,-19.272626391354482
2015-09-06,-16.443437127195534
2015-09-07,-14.08443977387977
2015-09-08,-11.201107391502227
2015-09-09,-9.851149761550086
2015-09-10,-8.653487074514759
2015-09-11,-7.243119235378321
2015-09-12,-7.1278040030218905
2015-09-13,-8.08214294466929
2015-09-14,-8.837875854843974
2015-09-15,-9.55074947138721
2015-09-16,-10.44195888947132
2015-09-17,-10.982689834063011
2015-09-18,-10.450692628343452
2015-09-19,-10.387979182806498
2015-09-20,-10.411003103334819
2015-09-21,-11.58547529485106
2015-09-22,-11.304569171680672
2015-09-23,-11.167979011836014
2015-09-24,-9.465281438399854
2015-09-25,-7.820510331259398
2015-09-26,-6.708492392631321
2015-09-27,-6.31645511693632
2015-09-28,-3.4767005693760886
2015-09-29,-2.0673503809230023
2015-09-30,-1.1542498407768644
2015-10-01,0.181274152842962
2015-10-02,1.1846371573305379
2015-10-03,2.603008294864739
2015-10-04,3.586855218301317
2015-10-05,5.300503199239654
2015-10-06,9.058653216098186
2015-10-07,10.585212044573982
2015-10-08,11.484591509606771
2015-10-09,12.861344343203363
2015-10-10,14.385834940643878
2015-10-11,16.469006722805606
2015-10-12,17.21061068800639
2015-10-13,19.45139518675964
2015-10-14,22.178654138502885
2015-10-15,25.20260276251593
2015-10-16,30.478640455001596
2015-10-17,36.73439510577757
2015-10-18,36.0879842877094
2015-10-19,36.08200485143798
2015-10-20,37.5367946878744
2015-10-21,36.99394412311609
2015-10-22,38.30608965941487
2015-10-23,39.78665007062352
2015-10-24,41.910179058260226
2015-10-25,43.88919091482942
2015-10-26,45.702043057805625
2015-10-27,48.53127065460996
2015-10-28,52.306208400940044
2015-10-29,56.306742375945845
2015-10-30,60.80456732940576
2015-10-31,58.34103791304653
2015-11-01,57.744797809313894
2015-11-02,60.48395094575858
2015-11-03,65.10370109424578
2015-11-04,68.36967160557407
2015-11-05,64.36521536707644
2015-11-06,59.15521991493009
2015-11-07,56.203048343615656
2015-11-08,51.722084658039
2015-11-09,48.86155712963263
2015-11-10,39.966466674095436
2015-11-11,30.20167054344537
2015-11-12,25.16117862667721
2015-11-13,21.398606795804323
2015-11-14,18.18314266516575
2015-11-15,14.434001924748344
2015-11-16,12.32496911731569
2015-11-17,11.002986411539759
2015-11-18,9.90097072845776
2015-11-19,8.203398565798608
2015-11-20,6.427584696821922
2015-11-21,5.385012148235879
2015-11-22,4.288913397055217
2015-11-23,3.2242094485377373
2015-11-24,2.021706052437687
2015-11-25,1.8208694710022162
2015-11-26,4.121541657574422
2015-11-27,6.5199957757580975
2015-11-28,8.41048880930633
2015-11-29,11.3316807544969
2015-11-30,14.29465722686158
2015-12-01,14.824702828101655
2015-12-02,14.829648609939929
2015-12-03,15.013804186425428
2015-12-04,15.377741486006695
2015-12-05,18.21575585775545
2015-12-06,20.46455429633542
2015-12-07,22.926875298313174
2015-12-08,26.728538434851924
2015-12-09,29.919892776182063
2015-12-10,32.16582661952899
2015-12-11,36.86045365158889
2015-12-12,37.71975393069596
2015-12-13,38.17936200720261
2015-12-14,39.26549052932441
2015-12-15,41.524276482438815
2015-12-16,41.6427474893643
2015-12-17,41.80736896706079
2015-12-18,42.41495596511652
2015-12-19,42.69802471540968
2015-12-20,39.84991591963109
2015-12-21,36.9690445563472
2015-12-22,34.33535027441934
2015-12-23,32.6282882894009
2015-12-24,32.21405193003321
2015-12-25,31.9304973565428
2015-12-26,25.94637440721839
2015-12-27,21.817099880563756
2015-12-28,18.504344085402757
2015-12-29,16.861285231864976
2015-12-30,14.71312894381245
2015-12-31,13.374612821492907
2016-01-01,12.668106564928374
2016-01-02,11.968595510133513
2016-01-03,10.922178354396987
2016-01-04,10.39286572046289
2016-01-05,9.787290294237698
2016-01-06,8.857288291304846
2016-01-07,11.615413590938456
2016-01-08,13.085157176361266
2016-01-09,13.403895405020293
2016-01-10,13.706965926921256
2016-01-11,14.009277008025592
2016-01-12,12.19572693192359
2016-01-13,10.183337070020054
2016-01-14,8.196379130818572
2016-01-15,-3.1338567762320473
2016-01-16,-7.8776431098283615
2016-01-17,-11.804374575234922
2016-01-18,-14.028303762925834
2016-01-19,-16.39716007810963
2016-01-20,-12.995219889169482
2016-01-21,-11.454891167264824
2016-01-22,-12.82461425412129
2016-01-23,-13.27377258765347
2016-01-24,-11.934329681794885
2016-01-25,-11.850867853595592
2016-01-26,-11.742147262154749
2016-01-27,-11.362190663651207
2016-01-28,-12.275831617034942
2016-01-29,-13.074083485860601
2016-01-30,-13.826069759952368
2016-01-31,-15.241545916690168
2016-02-01,-15.910613470045032
2016-02-02,-16.299949102747444
2016-02-03,-17.02154348037098
2016-02-04,-15.164742933690691
2016-02-05,-13.930384061010887
2016-02-06,-13.872109290757747
2016-02-07,-13.811675197091722
2016-02-08,-14.077748647304533
2016-02-09,-13.949461270887394
2016-02-10,-13.057612083461668
2016-02-11,-12.527768813211972
2016-02-12,-11.405094475950065
2016-02-13,-9.33110155473809
2016-02-14,-5.350236001160403
2016-02-15,-3.0422120669007073
2016-02-16,-0.1381832299399182
2016-02-17,3.427474961605205
2016-02-18,7.108155859400905
2016-02-19,9.845100458444154
2016-02-20,14.143439197225451
2016-02-21,17.773036216607245
2016-02-22,20.536265727364984
2016-02-23,19.768637172514076
2016-02-24,19.65454809064422
2016-02-25,19.489680164546446
2016-02-26,20.27458805464944
2016-02-27,20.95922253855634
2016-02-28,21.647495897108776
2016-02-29,22.747941426184966
2016-03-01,23.14335032236822
2016-03-02,21.172502441168483
2016-03-03,19.07683648650858
2016-03-04,15.179861078839863
2016-03-05,10.021736752874299
2016-03-06,7.052907561369445
2016-03-07,5.765469257464017
2016-03-08,4.675692413541326
2016-03-09,3.9397335887460248
2016-03-10,3.7266690853418543
2016-03-11,4.354068033441011
2016-03-12,2.9271880305308366
2016-03-13,2.2167821685809357
2016-03-14,2.0785167196081726
2016-03-15,2.0392506338703744
2016-03-16,2.042029193952992
2016-03-17,2.7747896594686603
2016-03-18,1.0011183583634173
2016-03-19,-0.2552770224551424
2016-03-20,-0.5672853800243101
2016-03-21,-0.9241897317578605
2016-03-22,-0.1249076749026911
2016-03-23,0.5278193283954092
2016-03-24,0.6770106760170925
2016-03-25,0.9961648695904668
2016-03-26,1.4633038586639426
2016-03-27,4.13681022201746
2016-03-28,5.625624244634366
2016-03-29,4.639067467586933
2016-03-30,3.3615230402795317
2016-03-31,2.8352093326758516
2016-04-01,2.7411557479797137
2016-04-02,3.476264369566186
2016-04-03,4.093071467554464
2016-04-04,4.7666622019884075
2016-04-05,6.100539197981126
2016-04-06,7.010557121956672
2016-04-07,7.542167982810735
2016-04-08,7.103755184206413
2016-04-09,6.374916890817288
2016-04-10,6.5011209664272815
2016-04-11,6.934453577330398
2016-04-12,8.284132613238638
2016-04-13,8.779150169795146
2016-04-14,9.402434435342396
2016-04-15,11.990239546405181
2016-04-16,14.430271069855108
2016-04-17,14.844897516338811
2016-04-18,15.630268010577955
2016-04-19,18.81509839436162
2016-04-20,23.31861527977448
2016-04-21,29.2265510944836
2016-04-22,31.671263112919643
2016-04-23,34.682873780014795
2016-04-24,38.88400792954888
2016-04-25,42.580380166815075
2016-04-26,46.24496730372609
2016-04-27,38.86961883940804
2016-04-28,34.62868234751263
2016-04-29,32.77439761117933
2016-04-30,29.033999700935507
2016-05-01,26.97075322636006
2016-05-02,23.160043061854015
2016-05-03,21.3863373000439
2016-05-04,19.017804317849794
2016-05-05,17.437083600377406
2016-05-06,18.43894022781227
2016-05-07,18.91790427884309
2016-05-08,19.297041485425822
2016-05-09,19.962756237301864
2016-05-10,17.83795091133834
2016-05-11,16.505237768955585
2016-05-12,15.83463940648855
2016-05-13,15.471055980195798
2016-05-14,15.171567409000845
2016-05-15,15.324833220614943
2016-05-16,14.446322858563947
2016-05-17,13.598393298227608
2016-05-18,13.081191489146788
2016-05-19,7.7841981076985896
2016-05-20,4.62150274581773
2016-05-21,2.2470494281539435
2016-05-22,-0.7331054901882486
2016-05-23,-1.7765593744460593
2016-05-24,-2.0976534528213495
2016-05-25,-1.3292807026674134
2016-05-26,0.3589024476654453
2016-05-27,7.027334453855357
2016-05-28,23.42002223707973
2016-05-29,32.3924662191916
2016-05-30,39.24387237553022
2016-05-31,43.35306717879182
2016-06-01,46.85186198800451
2016-06-02,49.548661385846344
2016-06-03,54.03361595600606
2016-06-04,57.510426078380334
2016-06-05,60.246385804365126
2016-06-06,62.937316328786274
2016-06-07,62.87906987179607
2016-06-08,63.10191536833836
2016-06-09,61.65367427780609
2016-06-10,60.66997149100931
2016-06-11,61.498309850908704
2016-06-12,65.25157836731827
2016-06-13,68.93814792454539
2016-06-14,68.05656427137896
2016-06-15,67.72991242513532
2016-06-16,69.58051655413867
2016-06-17,68.36622318558739
2016-06-18,67.702986469346
2016-06-19,67.40685824898317
2016-06-20,63.928518295111786
2016-06-21,53.49922511552275
2016-06-22,39.56629358552219
2016-06-23,31.093419541618537
2016-06-24,26.791399122688635
2016-06-25,23.701134618336912
2016-06-26,19.154718655197883
2016-06-27,16.832970302837055
2016-06-28,14.604761729770557
2016-06-29,12.481810446097397
2016-06-30,12.242465860015793
2016-07-01,12.180337422367053
2016-07-02,13.296664109916037
2016-07-03,11.726039655264893
2016-07-04,11.555619715706055
2016-07-05,10.734973356203817
2016-07-06,10.36846948869961
2016-07-07,8.152179737342218
2016-07-08,7.535406731335972
2016-07-09,6.255598851350783
2016-07-10,5.148749179881773
2016-07-11,4.158386976497065
2016-07-12,4.149986346264966
2016-07-13,3.6096972835718857
2016-07-14,3.343052992767212
2016-07-15,3.388716783428379
2016-07-16,3.284279443670977
2016-07-17,4.229924895391142
2016-07-18,4.633287152768438
2016-07-19,4.958984598048404
2016-07-20,4.758444538929
2016-07-21,4.540533272288416
2016-07-22,3.325985057109355
2016-07-23,2.6323517221229165
2016-07-24,2.4521298223336623
2016-07-25,1.7370917115639328
2016-07-26,0.9405611525311375
2016-07-27,0.46783430396829834
2016-07-28,0.11893371176594342
2016-07-29,-0.006521515833428972
2016-07-30,-0.30045518478359273
2016-07-31,-3.488688864448862
2016-08-01,-7.834780466851346
2016-08-02,-16.298460739986595
2016-08-03,-20.519068167069413
2016-08-04,-22.379728954091362
2016-08-05,-24.01452546149842
2016-08-06,-23.90967414260245
2016-08-07,-23.301030102121835
2016-08-08,-22.92553337726697
2016-08-09,-22.84347678042624
2016-08-10,-22.298975557618412
2016-08-11,-22.06350262831474
2016-08-12,-21.982893406956006
2016-08-13,-22.06642353763912
2016-08-14,-23.32318122272647
2016-08-15,-24.624460824898165
2016-08-16,-24.360953811385706
2016-08-17,-24.488715024297356
2016-08-18,-24.442281193417262
2016-08-19,-24.2145734483236
2016-08-20,-23.12370353615829
2016-08-21,-22.236299104855725
2016-08-22,-20.630208574177463
2016-08-23,-19.619204512596195
2016-08-24,-19.117778461977363
2016-08-25,-18.97037448850657
2016-08-26,-18.511259779166505
2016-08-27,-19.328585487041142
2016-08-28,-19.270777167429237
2016-08-29,-19.18438818618011
2016-08-30,-18.432527753225088
2016-08-31,-18.083403994925323
2016-09-01,-18.253897298202517
2016-09-02,-17.68776609117683
2016-09-03,-12.291184353291346
2016-09-04,-5.950143402705912
2016-09-05,-1.3516786723209229
2016-09-06,3.001412458872782
2016-09-07,7.205573816445282
2016-09-08,12.524999513825616
2016-09-09,15.995700535752675
2016-09-10,18.867734837335377
2016-09-11,17.498074983593597
2016-09-12,16.65787288404365
2016-09-13,16.141219168481225
2016-09-14,15.948200225013109
2016-09-15,15.016380645955286
2016-09-16,14.208134306953003
2016-09-17,13.308717577652496
2016-09-18,13.247407536220923
2016-09-19,13.041089256164158
2016-09-20,12.640185824229299
2016-09-21,9.512820921379083
2016-09-22,6.736294044816955
2016-09-23,5.86630750911432
2016-09-24,5.099999726053476
2016-09-25,4.01084114123562
2016-09-26,4.804898539037636
2016-09-27,4.964603321937563
2016-09-28,4.713810281053211
2016-09-29,4.744664669439387
2016-09-30,5.791739434511346
2016-10-01,7.732379401250961
2016-10-02,8.406394228930084
2016-10-03,9.278119180837818
2016-10-04,9.39461561973701
2016-10-05,10.103357451219694
2016-10-06,10.83133096427103
2016-10-07,12.56145807108727
2016-10-08,14.5378063327611
2016-10-09,15.303846314491114
2016-10-10,16.559978404340445
2016-10-11,23.323300996598956
2016-10-12,26.43582431183275
2016-10-13,28.891737639988165
2016-10-14,31.516006891660002
2016-10-15,32.887173581026964
2016-10-16,34.544665083917195
2016-10-17,34.90199304672953
2016-10-18,34.69977865828506
2016-10-19,31.608341823806043
2016-10-20,29.221398717888587
2016-10-21,27.71364378198939
2016-10-22,31.56905124201886
2016-10-23,34.30176835132832
2016-10-24,35.16304111779187
2016-10-25,36.477823185548935
2016-10-26,40.74969069487018
2016-10-27,45.18974509459693
2016-10-28,48.57491780489503
2016-10-29,53.72617133864709
2016-10-30,53.395163524013604
2016-10-31,52.89702258953104
2016-11-01,54.970816071837454
2016-11-02,57.235977122303055
2016-11-03,46.50616690902434
2016-11-04,40.689760537076324
2016-11-05,36.75158086856051
2016-11-06,34.56576385866237
2016-11-07,31.621277995783277
2016-11-08,29.948225601693974
2016-11-09,29.750213579215135
2016-11-10,28.473702644835214
2016-11-11,27.549928267988943
2016-11-12,25.20554640303147
2016-11-13,22.921254884043147
2016-11-14,21.34395171084196
2016-11-15,20.661353960423313
2016-11-16,23.049644133538
2016-11-17,24.453399184566823
2016-11-18,26.45114714413195
2016-11-19,28.037554343693856
2016-11-20,26.337038848115824
2016-11-21,25.68191454313837
2016-11-22,26.16759125671157
2016-11-23,25.603140424384648
2016-11-24,24.550200075850615
2016-11-25,23.8167208617911
2016-11-26,22.326436224177833
2016-11-27,20.62539551960565
2016-11-28,19.581753736815244
2016-11-29,18.681595281872873
2016-11-30,18.96759823459515
2016-12-01,20.35311223959802
2016-12-02,23.611927013491446
2016-12-03,25.106891951589365
2016-12-04,26.55738029901167
2016-12-05,25.253533564620383
2016-12-06,24.75249802040548
2016-12-07,24.731963432494897
2016-12-08,24.978843461765173
2016-12-09,25.378932533684218
2016-12-10,25.89851952350416
2016-12-11,25.46414459247757
2016-12-12,26.20268740233358
2016-12-13,26.860510104145405
2016-12-14,27.509784459409747
2016-12-15,27.38789106792189
2016-12-16,28.067324538006165
2016-12-17,29.316547316896447
2016-12-18,30.290787508600108
2016-12-19,31.36787286016243
2016-12-20,33.24319680674459
2016-12-21,38.49400646721786
2016-12-22,45.25265157253039
2016-12-23,54.156010030243905
2016-12-24,55.2367440830552
2016-12-25,55.46863400493362
2016-12-26,56.20289730564025
2016-12-27,57.9117518450712
2016-12-28,60.86396967511318
2016-12-29,62.56239970955726
2016-12-30,61.99578641965289
2016-12-31,61.65649497193657
2017-01-01,62.537436168144694
2017-01-02,63.912753876947015
2017-01-03,65.56474895885505
2017-01-04,69.47139886681391
2017-01-05,57.00821096373153
2017-01-06,40.52919428914969
2017-01-07,30.655265231493
2017-01-08,24.127690191695688
2017-01-09,19.0388264589195
2017-01-10,15.430277775333849
2017-01-11,6.865908118181908
2017-01-12,1.7172354624877766
2017-01-13,-1.3705913683020388
2017-01-14,-3.9050533748159206
2017-01-15,-5.750711366259211
2017-01-16,-6.843208901712056
2017-01-17,-4.770378811896066
2017-01-18,-3.884260683329925
2017-01-19,-2.723202707155087
2017-01-20,-1.9350426387268636
2017-01-21,-0.30126196365586827
2017-01-22,1.1361759989634563
2017-01-23,2.1818198674516758
2017-01-24,1.9208676483442477
2017-01-25,2.051123843367804
2017-01-26,2.8003576638846255
2017-01-27,3.514207780798168
2017-01-28,4.193798500134447
2017-01-29,4.673752873540602
2017-01-30,5.125586723074894
2017-01-31,7.797289841210051
2017-02-01,10.847222941448363
2017-02-02,14.36383042470842
2017-02-03,18.019461936604323
2017-02-04,21.5518361124079
2017-02-05,23.446839512019494
2017-02-06,25.440250357562405
2017-02-07,28.003751301864973
2017-02-08,30.17082735627282
2017-02-09,27.01530303247658
2017-02-10,24.148104846528756
2017-02-11,22.530513782170548
2017-02-12,20.877813518901014
2017-02-13,18.958898241641155
2017-02-14,18.0380639743907
2017-02-15,17.42259829726465
2017-02-16,17.891712863461997
2017-02-17,19.197524505762004
2017-02-18,20.666109907021575
2017-02-19,21.380519382633047
2017-02-20,23.5434369993916
2017-02-21,26.941636631636047
2017-02-22,29.729167673910947
2017-02-23,34.05034369583036
2017-02-24,37.68088558273298
2017-02-25,38.012178488630326
2017-02-26,39.063231849151705
2017-02-27,40.41721093526597
2017-02-28,41.48787056632081
2017-03-01,43.809980188224635
2017-03-02,46.54364624451001
2017-03-03,49.389567358503975
2017-03-04,49.89174512066932
2017-03-05,50.62419969318545
2017-03-06,51.36454580352924
2017-03-07,47.739908969126674
2017-03-08,39.143367779729395
2017-03-09,34.08777512008607
2017-03-10,25.726016397692074
2017-03-11,21.864659306766846
2017-03-12,20.698916517142113
2017-03-13,20.20925033031641
2017-03-14,20.110145544000687
2017-03-15,20.35033673023567
2017-03-16,17.531642248063175
2017-03-17,11.43761121916612
2017-03-18,1.9881509814646852
2017-03-19,-2.4861969138972757
2017-03-20,-5.095687380194165
2017-03-21,-4.804885147632754
2017-03-22,-6.641701448625027
2017-03-23,-8.289232764321518
2017-03-24,-12.137654427813136
2017-03-25,-13.90145101373727
2017-03-26,-15.383997406867191
2017-03-27,-14.088266359111431
2017-03-28,-13.046568517198459
2017-03-29,-12.388711684954739
2017-03-30,-12.179425729632218
2017-03-31,-10.627059185179323
2017-04-01,-9.104246712862963
2017-04-02,-7.196047458362857
2017-04-03,-4.370046590610849
2017-04-04,-2.3548818010209316
2017-04-05,-0.9371570585220544
2017-04-06,1.982910216017564
2017-04-07,4.188831957333248
2017-04-08,5.985905386098641
2017-04-09,7.85272506726616
2017-04-10,9.40032517516136
2017-04-11,11.273411257001566
2017-04-12,12.677718841605644
2017-04-13,12.565819790705596
2017-04-14,12.396037867058123
2017-04-15,12.425702914431131
2017-04-16,12.829590584441005
2017-04-17,13.586530901268118
2017-04-18,14.915079727650111
2017-04-19,15.97287681585104
2017-04-20,17.63118974974145
2017-04-21,18.62719168419737
2017-04-22,19.878916634727684
2017-04-23,19.37750821907776
2017-04-24,20.819058019646686
2017-04-25,22.641827852767307
2017-04-26,24.777151628499833
2017-04-27,27.99561976992531
2017-04-28,30.48008142949912
2017-04-29,32.70678110965524
2017-04-30,35.51195531804612
2017-05-01,40.338688063965456
2017-05-02,44.99051700313598
2017-05-03,49.56566074340664
2017-05-04,54.186383423013574
2017-05-05,58.03356218330572
2017-05-06,61.42047057363344
2017-05-07,64.34449501320572
2017-05-08,68.54222142395925
2017-05-09,71.96503837475494
2017-05-10,74.82056071762925
2017-05-11,77.51742566540007
2017-05-12,71.23355573684337
2017-05-13,67.71150898797096
2017-05-14,65.26398924931816
2017-05-15,59.794877873824724
2017-05-16,55.55879186773196
2017-05-17,53.798564180488896
2017-05-18,53.163136203904635
2017-05-19,53.9756698402168
2017-05-20,55.73531006122705
2017-05-21,55.29865422917802
2017-05-22,56.40505428553175
2017-05-23,58.64114291824914
2017-05-24,61.29179672347917
2017-05-25,58.67164169693661
2017-05-26,53.76135629475623
2017-05-27,45.845635635938045
2017-05-28,41.33849999981042
2017-05-29,39.05884559455055
2017-05-30,35.68322162818753
2017-05-31,34.262236010560315
2017-06-01,34.36258143334561
2017-06-02,35.180237696216956
2017-06-03,36.04247624725844
2017-06-04,36.6490124447797
2017-06-05,38.63756743512716
2017-06-06,41.600004090410906
2017-06-07,41.41731802175267
2017-06-08,41.829770497456025
2017-06-09,42.283680820318054
2017-06-10,43.541170015503454
2017-06-11,44.604632241083976
2017-06-12,40.09227360902221
2017-06-13,37.078261219030175
2017-06-14,31.363355475781212
2017-06-15,26.378237081711234
2017-06-16,22.97675814183643
2017-06-17,21.546533429848196
2017-06-18,18.945783437199857
2017-06-19,17.290361070850054
2017-06-20,17.227322114433438
2017-06-21,16.741701377895122
2017-06-22,16.507792749842576
2017-06-23,16.703183082138185
2017-06-24,14.987835939770637
2017-06-25,13.333258822405499
2017-06-26,10.471180739869038
2017-06-27,8.970323719142085
2017-06-28,8.003670126577596
2017-06-29,6.726033993958219
2017-06-30,4.869232305583921
2017-07-01,2.6998848319701327
2017-07-02,1.8539493136148226
2017-07-03,1.9321868325856935
2017-07-04,2.5105691429205153
2017-07-05,2.9956862119158196
2017-07-06,3.4979017537283874
2017-07-07,2.5058716814703756
2017-07-08,2.4808945663629913
2017-07-09,1.6001141401396113
2017-07-10,-1.4780162383071094
2017-07-11,-4.499301296973647
2017-07-12,-5.897500237975969
2017-07-13,-7.658282218875429
2017-07-14,-10.95340211845192
2017-07-15,-16.820953788933846
2017-07-16,-22.139700070713936
2017-07-17,-20.63967134924455
2017-07-18,-18.001525371956998
2017-07-19,-16.568078018306153
2017-07-20,-7.442845018442786
2017-07-21,-2.8853065095157238
2017-07-22,1.9512295111015192
2017-07-23,4.543197338392688
2017-07-24,6.715092671743201
2017-07-25,6.387054421227341
2017-07-26,5.627923538029357
2017-07-27,6.392481318981354
2017-07-28,8.252870000705325
2017-07-29,8.815023878449603
2017-07-30,9.532733733133758
2017-07-31,11.154551348476085
2017-08-01,10.72098421196458
2017-08-02,10.293812083737725
2017-08-03,10.790639258640827
2017-08-04,12.005506333735054
2017-08-05,16.050288879518227
2017-08-06,18.727223324724346
2017-08-07,22.104169972395038
2017-08-08,25.05178425153886
2017-08-09,26.448236371599226
2017-08-10,27.844689911211763
2017-08-11,30.833938394224845
2017-08-12,34.679696647376446
2017-08-13,38.755441343336265
2017-08-14,43.22365950481014
2017-08-15,44.76441192883497
2017-08-16,46.85450688312928
2017-08-17,47.88579839450481
2017-08-18,46.55108463766293
2017-08-19,45.65932494222339
2017-08-20,43.655948746271505
2017-08-21,41.02115441179017
2017-08-22,39.4101256258262
2017-08-23,38.378568852067616
2017-08-24,38.523452663971895
2017-08-25,38.83802561662054
2017-08-26,38.85742256501069
2017-08-27,39.04305119830402
2017-08-28,39.195115747525335
2017-08-29,40.460223088799616
2017-08-30,41.314156033488686
2017-08-31,42.821729046481614
2017-09-01,45.11713636692239
2017-09-02,42.4490374125081
2017-09-03,40.398903640735014
2017-09-04,34.16103379691047
2017-09-05,30.309330914056613
2017-09-06,28.805401234640033
2017-09-07,27.674540279577673
2017-09-08,22.653158968454587
2017-09-09,18.814183223145097
2017-09-10,14.78136158920894
2017-09-11,11.890695908373626
2017-09-12,9.280197862037467
2017-09-13,4.844589356522218
2017-09-14,-4.75756224507173
2017-09-15,-7.601029862803633
2017-09-16,-9.705908512256729
2017-09-17,-11.543053945001946
2017-09-18,-9.1768178293837
2017-09-19,-8.290254797659543
2017-09-20,-7.7346918258543464
2017-09-21,-8.961330584708227
2017-09-22,-9.913734729043782
2017-09-23,-9.51138822768025
2017-09-24,-9.837102519550466
2017-09-25,-8.36381446727793
2017-09-26,-7.395474341311722
2017-09-27,-4.476606393102018
2017-09-28,-2.3238975628039333
2017-09-29,-0.6592650836519129
2017-09-30,1.8805879373222083
2017-10-01,4.38150724346648
2017-10-02,6.477396462059491
2017-10-03,7.516695191557108
2017-10-04,7.685103400647289
2017-10-05,8.510423966535344
2017-10-06,9.495635461284534
2017-10-07,10.721641237163588
2017-10-08,13.063869801275503
2017-10-09,16.12989958943916
2017-10-10,18.711833256161672
2017-10-11,21.16057003329634
2017-10-12,27.20457249607934
2017-10-13,32.96996212556523
2017-10-14,38.323536938772925
2017-10-15,40.71982027423679
2017-10-16,42.78802975402042
2017-10-17,43.07134226278385
2017-10-18,43.12990261569966
2017-10-19,43.705980797988246
2017-10-20,45.49848771471547
2017-10-21,46.99812894388043
2017-10-22,47.93227363570894
2017-10-23,47.757752515461
2017-10-24,42.84672210476616
2017-10-25,40.065820003187035
2017-10-26,38.64353343358715
2017-10-27,36.215426799946556
2017-10-28,34.013548769315875
2017-10-29,34.30797992615069
2017-10-30,34.29886244525549
2017-10-31,35.93916062879203
2017-11-01,38.567201573720816
2017-11-02,41.87463245652097
2017-11-03,44.87321823820124
2017-11-04,47.79387332083733
2017-11-05,50.14947843053828
2017-11-06,48.16459910176281
2017-11-07,47.051024835086785
2017-11-08,47.2637113331482
2017-11-09,44.516162235368824
2017-11-10,37.91222170210761
2017-11-11,30.97387234052139
2017-11-12,22.892459974500184
2017-11-13,19.54309880620524
2017-11-14,17.42196833987517
2017-11-15,18.619382974490495
2017-11-16,21.578681503021958
2017-11-17,22.836944056259913
2017-11-18,24.05290257909755
2017-11-19,25.78948362493307
2017-11-20,27.65295088089154
2017-11-21,28.406382773810886
2017-11-22,29.563150401870118
2017-11-23,29.285510611273697
2017-11-24,29.72148385438061
2017-11-25,31.684384933883777
2017-11-26,34.74739952882195
2017-11-27,38.37779407184606
2017-11-28,41.73212855409941
2017-11-29,43.35050418527281
2017-11-30,45.37970658947413
2017-12-01,48.491196011241456
2017-12-02,51.05236201057932
2017-12-03,53.49406132955806
2017-12-04,55.974128735813
2017-12-05,58.334529573107325
2017-12-06,63.45642161743798
2017-12-07,70.51890636566131
2017-12-08,68.86737799675623
2017-12-09,62.4988201715108
2017-12-10,58.58068061267414
2017-12-11,57.12683968673712
2017-12-12,56.49818017344769
2017-12-13,53.288480539137694
2017-12-14,51.06504270016454
2017-12-15,50.33142307030058
2017-12-16,51.19880199383444
2017-12-17,51.00901609845756
2017-12-18,50.803016670346864
2017-12-19,47.62093191065853
2017-12-20,42.69454010697133
2017-12-21,37.238875284956436
2017-12-22,29.32063848897101
2017-12-23,24.225270377889352
2017-12-24,19.069332755722098
2017-12-25,15.192180908037555
2017-12-26,14.50685493655741
2017-12-27,13.590646673985983
2017-12-28,11.080169788778031
2017-12-29,9.170961834185055
2017-12-30,5.301291840342899
2017-12-31,3.74266317621566
2018-01-01,1.8807634813171978
2018-01-02,2.0429974636751322
2018-01-03,2.4368613926719727
2018-01-04,3.237167061039689
2018-01-05,6.07292629755845
2018-01-06,8.426821235327031
2018-01-07,8.877083177750634
2018-01-08,7.458449701242949
2018-01-09,5.569981973674852
2018-01-10,4.5127839690767475
2018-01-11,1.6237771731484265
2018-01-12,0.051184374694917746
2018-01-13,-0.7248366844202114
2018-01-14,-2.09267413594164
2018-01-15,-3.1415662877305794
2018-01-16,-6.893300463398086
2018-01-17,-10.220771261469833
2018-01-18,-12.475846609425496
2018-01-19,-14.111047979542835
2018-01-20,-13.46173517790164
2018-01-21,-14.450510055576249
2018-01-22,-16.00173600065786
2018-01-23,-17.317413467949624
2018-01-24,-17.592103485807712
2018-01-25,-17.932835171798526
2018-01-26,-18.319719805919522
2018-01-27,-18.169977376229674
2018-01-28,-17.41957233816492
2018-01-29,-17.427239173930715
2018-01-30,-19.001494320741067
2018-01-31,-20.06932276761433
2018-02-01,-22.324007834598394
2018-02-02,-24.593076436988834
2018-02-03,-25.715972961801313
2018-02-04,-27.769767249097754
2018-02-05,-31.029785554185985
2018-02-06,-31.808147557617716
2018-02-07,-32.57650590967372
2018-02-08,-31.73109892937231
2018-02-09,-29.991094589053287
2018-02-10,-28.728328873196098
2018-02-11,-28.320034876601945
2018-02-12,-26.17564544903321
2018-02-13,-24.882046032833294
2018-02-14,-21.82608992816956
2018-02-15,-17.916883426140988
2018-02-16,-14.637356382976217
2018-02-17,-10.155698040265765
2018-02-18,-7.50929581014335
2018-02-19,-4.069117894044427
2018-02-20,-0.972559456239639
2018-02-21,0.1915427659434576
2018-02-22,-0.16729424399856083
2018-02-23,0.10572447588055252
2018-02-24,-0.6036890089076572
2018-02-25,-1.4615364237672808
2018-02-26,-0.7707943695490611
2018-02-27,0.49796171837852937
2018-02-28,0.8702839818623892
2018-03-01,2.276729795498042
2018-03-02,3.6918774131319263
2018-03-03,5.658532895873242
2018-03-04,7.324528171594572
2018-03-05,8.83809145800068
2018-03-06,8.162907121037511
2018-03-07,5.634826518731144
2018-03-08,2.254677802692113
2018-03-09,-0.5964070878451523
2018-03-10,-3.9855859606285464
2018-03-11,-4.9866799518561225
2018-03-12,-6.609257364156086
2018-03-13,-7.940018677397695
2018-03-14,-11.0181845501979
2018-03-15,-13.399425064061845
2018-03-16,-15.236897720565898
2018-03-17,-17.62450818568477
2018-03-18,-18.66958508003626
2018-03-19,-18.292558107775477
2018-03-20,-17.121263475074606
2018-03-21,-16.11001952158514
2018-03-22,-15.727589244040733
2018-03-23,-14.922890517239862
2018-03-24,-14.76517659492985
2018-03-25,-15.06477514861641
2018-03-26,-16.04744950410307
2018-03-27,-17.83219103941329
2018-03-28,-18.857163921434136
2018-03-29,-21.716191115342458
2018-03-30,-24.690033247581283
2018-03-31,-26.7561374135144
2018-04-01,-28.75364185209824
2018-04-02,-29.359831852867323
2018-04-03,-28.22436189675045
2018-04-04,-28.77769251052702
2018-04-05,-29.323377253713996
2018-04-06,-30.194167312646062
2018-04-07,-29.646168037307117
2018-04-08,-28.680231156102316
2018-04-09,-28.543874052487443
2018-04-10,-28.127537439248982
2018-04-11,-27.135310358487313
2018-04-12,-21.92668387743516
2018-04-13,-17.768855252123437
2018-04-14,-14.005963842118259
2018-04-15,-9.452048858938667
2018-04-16,-6.7487268424891695
2018-04-17,-5.147349033193425
2018-04-18,-2.7627523585621283
2018-04-19,-0.29189580579120405
2018-04-20,3.913644872180902
2018-04-21,7.460478273212005
2018-04-22,9.91832868680026
2018-04-23,12.40844364161944
2018-04-24,17.1875250618544
2018-04-25,16.804515420909915
2018-04-26,17.938573043531456
2018-04-27,17.461142675526474
2018-04-28,18.217529279256503
2018-04-29,19.013717229586092
2018-04-30,18.849096539608293
2018-05-01,18.17973115644005
2018-05-02,18.002321148867043
2018-05-03,19.430841271893307
2018-05-04,20.37646737160786
2018-05-05,21.624869331015816
2018-05-06,21.67222683576123
2018-05-07,20.356254550393018
2018-05-08,18.62249325034963
2018-05-09,17.504953206263785
2018-05-10,15.221596823434744
2018-05-11,10.523415444827533
2018-05-12,7.026244799329048
2018-05-13,5.074483668559824
2018-05-14,3.4613508642237107
2018-05-15,1.2197067993460398
2018-05-16,-1.2437433121780932
2018-05-17,-4.461309791444689
2018-05-18,-6.336987006754434
2018-05-19,-7.893096179147441
2018-05-20,-7.823153412418138
2018-05-21,-8.182799147870751
2018-05-22,-10.15341751991337
2018-05-23,-13.813675339461048
2018-05-24,-16.547467917840493
2018-05-25,-19.18230901879123
2018-05-26,-21.8139824475343
2018-05-27,-23.892248466573626
2018-05-28,-26.508438697283818
2018-05-29,-26.42007776648037
2018-05-30,-26.60388965908161
2018-05-31,-26.16155648321483
2018-06-01,-25.472297397389884
2018-06-02,-24.186887275161382
2018-06-03,-22.572171873494216
2018-06-04,-22.166194745284766
2018-06-05,-20.962461755081932
2018-06-06,-19.814923512646548
2018-06-07,-18.669764751764134
2018-06-08,-17.986831541372446
2018-06-09,-17.924053940744148
2018-06-10,-21.946744245059577
2018-06-11,-24.089886470112457
2018-06-12,-27.346027471430325
2018-06-13,-30.91750331783048
2018-06-14,-30.973262092539304
2018-06-15,-31.939692158113456
2018-06-16,-31.93348456213591
2018-06-17,-32.13831979059072
2018-06-18,-30.422229407866876
2018-06-19,-28.783025523111426
2018-06-20,-27.40526514434407
2018-06-21,-26.488784776886686
2018-06-22,-28.708009752777976
2018-06-23,-29.806694895576875
2018-06-24,-30.591614010067378
2018-06-25,-30.599257860034317
2018-06-26,-31.29323261624963
2018-06-27,-31.317652722017485
2018-06-28,-32.47327862588189
2018-06-29,-30.682060947523144
2018-06-30,-27.70702555396327
2018-07-01,-25.43308661846938
2018-07-02,-21.75285933454485
2018-07-03,-19.25225312650627
2018-07-04,-16.699157857506872
2018-07-05,-14.290547315544831
2018-07-06,-12.033729718498455
2018-07-07,-8.729720313691887
2018-07-08,-6.563539657144109
2018-07-09,-4.994944354951706
2018-07-10,-6.595914507744722
2018-07-11,-7.360586308803048
2018-07-12,-9.111261022990606
2018-07-13,-10.444445088783636
2018-07-14,-11.211849853202477
2018-07-15,-11.117453426350247
2018-07-16,-7.734360381853211
2018-07-17,-0.46936484871188616
2018-07-18,5.332656352431468
2018-07-19,10.438927581981758
2018-07-20,13.50483644141438
2018-07-21,16.325016713697163
2018-07-22,18.578567164390346
2018-07-23,22.12374190708825
2018-07-24,28.711720585205775
2018-07-25,31.417112925449544
2018-07-26,31.436195906405825
2018-07-27,32.38143222785049
2018-07-28,33.21466456257275
2018-07-29,33.97555093922423
2018-07-30,34.260039186949186
2018-07-31,31.112000782334434
2018-08-01,27.3784322654693
2018-08-02,23.967252180362692
2018-08-03,20.206301353121816
2018-08-04,14.230601716675434
2018-08-05,9.736083452594743
2018-08-06,5.35719920196862
2018-08-07,0.5535325163383641
2018-08-08,-5.982425115519619
2018-08-09,-9.294591713691135
2018-08-10,-13.869876083758207
2018-08-11,-16.60590251854606
2018-08-12,-18.54859686565524
2018-08-13,-20.21308595604995
2018-08-14,-22.0183726703211
2018-08-15,-22.683496269396127
2018-08-16,-23.03041068870302
2018-08-17,-21.43290503280578
2018-08-18,-20.91397907729853
2018-08-19,-19.85768576742356
2018-08-20,-20.02127708566333
2018-08-21,-18.748286899812047
2018-08-22,-18.320606773943044
2018-08-23,-16.738556387816036
2018-08-24,-14.03301846304942
2018-08-25,-11.52184386743993
2018-08-26,-9.81382086144979
2018-08-27,-7.069886016002077
2018-08-28,-3.274537015469251
2018-08-29,-0.5492576362520499
2018-08-30,1.1780714948647102
2018-08-31,3.025661609179529
2018-09-01,5.6653995673488335
2018-09-02,8.393558057447239
2018-09-03,10.538553786048436
2018-09-04,13.041013125318834
2018-09-05,10.001585407639167
2018-09-06,5.463705339254522
2018-09-07,1.491857862279491
2018-09-08,-3.3944337434486385
2018-09-09,-6.601012481932148
2018-09-10,-8.900968589877397
2018-09-11,-10.809632236278382
2018-09-12,-12.109317316818066
2018-09-13,-11.727150897419124
2018-09-14,-11.446097724515957
2018-09-15,-10.934940858575493
2018-09-16,-10.702123341817217
2018-09-17,-12.313324277702137
2018-09-18,-12.748862776255303
2018-09-19,-12.83363641744265
2018-09-20,-11.666886546854599
2018-09-21,-8.534950017940995
2018-09-22,-6.116471068344497
2018-09-23,-4.233362364443408
2018-09-24,-3.7429817654934343
2018-09-25,-4.734781431971338
2018-09-26,-5.03938795177036
2018-09-27,-3.395648206405158
2018-09-28,-2.3886309538666275
2018-09-29,-1.9881928546901122
2018-09-30,-1.4086090948881074
2018-10-01,-1.3060684427001064
2018-10-02,-1.5834369498151275
2018-10-03,-2.4094704320899805
2018-10-04,-2.220829412180242
2018-10-05,-1.5077681792644742
2018-10-06,-1.3230838840579056
2018-10-07,-0.9805337072237357
2018-10-08,-0.043413472813836895
2018-10-09,0.6200623410082229
2018-10-10,0.3807408198154178
2018-10-11,-4.381969529097349
2018-10-12,-7.85820752828351
2018-10-13,-10.470345568538532
2018-10-14,-12.521540384996207
2018-10-15,-9.327294666872048
2018-10-16,-6.855221583940754
2018-10-17,-5.57519060601961
2018-10-18,-5.455811720020588
2018-10-19,-5.511772300115273
2018-10-20,-5.194681181371942
2018-10-21,-5.029289976669162
2018-10-22,-4.814139943534493
2018-10-23,-4.8042228051954075
2018-10-24,-4.451390985896646
2018-10-25,-4.468120806999768
2018-10-26,-4.508467997211423
2018-10-27,-4.434438374656565
2018-10-28,-4.24856884859474
2018-10-29,-7.00159793825967
2018-10-30,-9.246741836382713
2018-10-31,-11.441244612518824
2018-11-01,-11.836292809746
2018-11-02,-11.902843620902658
2018-11-03,-12.498399997288455
2018-11-04,-12.608412189038228
2018-11-05,-11.532827788885703
2018-11-06,-9.519238529406072
2018-11-07,-6.009820020058941
2018-11-08,-4.96789706549451
2018-11-09,-5.733425753445009
2018-11-10,-5.724312063994321
2018-11-11,-5.663167921492906
2018-11-12,-6.5609444983572525
2018-11-13,-7.571447129315106
2018-11-14,-21.20226009639922
2018-11-15,-31.272205890568486
2018-11-16,-38.916786802504085
2018-11-17,-44.494898575619445
2018-11-18,-46.805201148252685
2018-11-19,-54.37131976145205
2018-11-20,-61.38165835234061
2018-11-21,-62.84710248500561
2018-11-22,-64.73039160400057
2018-11-23,-66.0749981167275
2018-11-24,-68.47036129681939
2018-11-25,-68.21607272282965
2018-11-26,-68.64522955581965
2018-11-27,-68.393449173982
2018-11-28,-62.58336129862681
2018-11-29,-58.064494052147154
2018-11-30,-55.48100719918188
2018-12-01,-51.38739056851985
2018-12-02,-48.529506827696
2018-12-03,-47.20157045456533
2018-12-04,-45.5503646017501
2018-12-05,-45.00537873185561
2018-12-06,-45.43322082815331
2018-12-07,-46.131706444126955
2018-12-08,-46.13897180861916
2018-12-09,-44.798002752828566
2018-12-10,-44.13791865296917
2018-12-11,-43.902162382558146
2018-12-12,-43.09004137244677
2018-12-13,-43.118950846602985
2018-12-14,-43.43023794870775
2018-12-15,-43.70988987088097
2018-12-16,-43.77002636136118
2018-12-17,-40.62588324468004
2018-12-18,-36.46685102832737
2018-12-19,-32.56639842305046
2018-12-20,-25.486188988025763
2018-12-21,-21.346529268661147
2018-12-22,-17.062553277672315
2018-12-23,-13.784792771721591
2018-12-24,-10.47111038253166
2018-12-25,-9.629479925465187
2018-12-26,-8.611258421143155
2018-12-27,-9.216809090206198
2018-12-28,-7.46471001822806
2018-12-29,-6.820345621501206
2018-12-30,-5.942320403902015
2018-12-31,-6.123594828270953
2019-01-01,-5.448682605965286
2019-01-02,-4.091193224601718
2019-01-03,-3.795680742919165
2019-01-04,-3.382256244277038
2019-01-05,-3.139777936385987
2019-01-06,-0.9739243286964716
2019-01-07,0.36178278183776347
2019-01-08,1.5093306242067133
2019-01-09,2.506033245227202
2019-01-10,0.08221027071508244
2019-01-11,-1.7922004603211916
2019-01-12,-3.558738407688714
2019-01-13,-5.980905313372062
2019-01-14,-6.422621925561918
2019-01-15,-7.451518248714614
2019-01-16,-8.037103315617362
2019-01-17,-8.267572283573331
2019-01-18,-8.653833431878779
2019-01-19,-8.170410891594196
2019-01-20,-9.02280825622292
2019-01-21,-9.976074295812905
2019-01-22,-10.416613972465953
2019-01-23,-10.988772548168551
2019-01-24,-11.262231364382918
2019-01-25,-11.507589516259118
2019-01-26,-11.67931256003766
2019-01-27,-12.051226390396485
2019-01-28,-13.779717744113503
2019-01-29,-15.523238982317288
2019-01-30,-16.33480877624997
2019-01-31,-17.39393842844163
2019-02-01,-17.718146826677174
2019-02-02,-17.339359935399813
2019-02-03,-17.834036606312157
2019-02-04,-18.322349766520137
2019-02-05,-18.579478372363567
2019-02-06,-19.61814082029075
2019-02-07,-20.725026287488944
2019-02-08,-15.305258531639087
2019-02-09,-10.97987244473433
2019-02-10,-7.122724236146902
2019-02-11,-4.79500452490988
2019-02-12,-2.79955768587357
2019-02-13,-1.591137764832056
2019-02-14,-0.906949296252131
2019-02-15,-0.24932402164527379
2019-02-16,0.507412430043763
2019-02-17,2.157979959250532
2019-02-18,8.827374764359467
2019-02-19,14.562697922779092
2019-02-20,19.987799202029834
2019-02-21,22.99872072836745
2019-02-22,26.209880952864104
2019-02-23,30.826181676185687
2019-02-24,25.56233971376476
2019-02-25,22.920697622469902
2019-02-26,20.401381130630664
2019-02-27,18.45076809042893
2019-02-28,16.9978202717754
2019-03-01,15.916635255525861
2019-03-02,15.115055008357855
2019-03-03,14.096450390399776
2019-03-04,11.464237918006058
2019-03-05,11.556249183169548
2019-03-06,11.752672814806216
2019-03-07,12.035916927687584
2019-03-08,12.04633474088212
2019-03-09,13.117148455245498
2019-03-10,13.733744385792521
2019-03-11,13.174852076910227
2019-03-12,12.783063339239394
2019-03-13,12.39572853205068
2019-03-14,12.41132599894175
2019-03-15,13.155349312724557
2019-03-16,15.539523553188857
2019-03-17,16.848566582015433
2019-03-18,18.074621021966117
2019-03-19,19.871249563843246
2019-03-20,21.68793069082352
2019-03-21,21.366282388546832
2019-03-22,20.931187008524777
2019-03-23,20.82257517208527
2019-03-24,20.27415417077155
2019-03-25,17.813191826571625
2019-03-26,16.31354325966935
2019-03-27,17.555994028224887
2019-03-28,17.931693441651685
2019-03-29,18.926503581316485
2019-03-30,19.924880406564796
2019-03-31,20.696989903908555
2019-04-01,22.59661418207225
2019-04-02,37.9936576726334
2019-04-03,48.16494941347134
2019-04-04,53.07047371215337
2019-04-05,57.321865994570246
2019-04-06,60.4409174728191
2019-04-07,63.58085811930584
2019-04-08,66.36554822666355
2019-04-09,66.2228118289373
2019-04-10,66.71954841660151
2019-04-11,60.953929703625384
2019-04-12,56.903581214129886
2019-04-13,53.89212740428544
2019-04-14,52.008113154553016
2019-04-15,48.53532083747993
2019-04-16,46.98930776025656
2019-04-17,45.90880145964307
2019-04-18,45.38174313944752
2019-04-19,44.99883549414339
2019-04-20,44.93474872066829
2019-04-21,44.427822409063026
2019-04-22,44.65507601558528
2019-04-23,46.14328773634742
2019-04-24,45.182086761576706
2019-04-25,39.556889826734505
2019-04-26,35.84068624894042
2019-04-27,32.7736997926951
2019-04-28,30.493903966388306
2019-04-29,28.015403848873646
2019-04-30,27.005831239105376
2019-05-01,26.700802287149568
2019-05-02,27.461467497181864
2019-05-03,30.551138939506714
2019-05-04,33.477951042307005
2019-05-05,35.144670007207786
2019-05-06,35.608431717129776
2019-05-07,36.663567586452785
2019-05-08,38.73409323943541
2019-05-09,41.80701849356624
2019-05-10,45.57290444743103
2019-05-11,53.10096657537735
2019-05-12,54.4280308079449
2019-05-13,58.635956168460126
2019-05-14,61.87001997063173
2019-05-15,64.61060962822253
2019-05-16,62.86034831700965
2019-05-17,56.04388197717874
2019-05-18,50.60018731325174
2019-05-19,49.38118689077373
2019-05-20,46.81779433316538
2019-05-21,44.86403981228146
2019-05-22,41.395190690761964
2019-05-23,39.36272258821455
2019-05-24,38.11354723140329
2019-05-25,37.32979045425649
2019-05-26,38.53675779948804
2019-05-27,39.83990891938869
2019-05-28,40.30585152263389
2019-05-29,40.282652435575024
2019-05-30,38.04602170837324
2019-05-31,37.00935552782393
2019-06-01,36.112998623317104
2019-06-02,35.93152919513221
2019-06-03,32.357895305788944
2019-06-04,26.51190622318464
2019-06-05,22.39377057134652
2019-06-06,19.132328534342363
2019-06-07,17.362595343555128
2019-06-08,15.445518548584532
2019-06-09,12.448200343181652
2019-06-10,11.352872498546144
2019-06-11,10.090249440440383
2019-06-12,10.020121044860801
2019-06-13,10.33731109452583
2019-06-14,12.615893679240363
2019-06-15,15.039801489853069
2019-06-16,17.626972826109157
2019-06-17,21.004772047188585
2019-06-18,22.254666636088462
2019-06-19,23.975957263452848
2019-06-20,26.284422748414723
2019-06-21,30.264283220877694
2019-06-22,35.070650495519246
2019-06-23,39.14088006546976
2019-06-24,42.688771009185764
2019-06-25,47.327997304521176
2019-06-26,53.29523786684705
2019-06-27,46.9352472875328
2019-06-28,45.02797033873987
2019-06-29,41.81074001320222
2019-06-30,35.1270403130451
2019-07-01,29.691147077250648
2019-07-02,26.167588489986564
2019-07-03,25.682321704487507
2019-07-04,23.150491426776597
2019-07-05,20.620153963574044
2019-07-06,19.10779966843944
2019-07-07,18.370935274329224
2019-07-08,19.291219655279214
2019-07-09,20.512913926885368
2019-07-10,20.37939518293699
2019-07-11,18.203355325552792
2019-07-12,17.30670658278461
2019-07-13,15.538458115356446
2019-07-14,11.393708411265319
2019-07-15,9.385853337469612
2019-07-16,4.732391844630361
2019-07-17,1.6224062465267959
2019-07-18,1.1137528190210517
2019-07-19,0.4573889254503727
2019-07-20,0.3967920470775165
2019-07-21,0.01978871183156093
2019-07-22,-0.7897134986195001
2019-07-23,-2.3224629435091173
2019-07-24,-3.7504375535912935
2019-07-25,-4.714454599545876
2019-07-26,-5.6052195149971205
2019-07-27,-7.170421909872627
2019-07-28,-8.300141084337607
2019-07-29,-9.329921623705403
2019-07-30,-9.971066188211406
2019-07-31,-9.181517691795218
2019-08-01,-7.623952529321566
2019-08-02,-5.972621884227355
2019-08-03,-3.695349985994478
2019-08-04,-1.3461704906320513
2019-08-05,3.0343315191859115
2019-08-06,5.592986834024128
2019-08-07,8.935716379589834
2019-08-08,11.702908686923873
2019-08-09,13.619560841357666
2019-08-10,13.407238595416066
2019-08-11,13.693000124835708
2019-08-12,13.417107846898348
2019-08-13,11.417212248047807
2019-08-14,6.829413916941309
2019-08-15,4.009068337341937
2019-08-16,1.963687420197351
2019-08-17,-0.15463400767123214
2019-08-18,-1.5025128703910013
2019-08-19,-0.6769972038487706
2019-08-20,-0.5210396101226153
2019-08-21,-2.4730090302700933
2019-08-22,-4.052472299965856
2019-08-23,-4.345594690345139
2019-08-24,-5.397032036763892
2019-08-25,-6.323759232824337
2019-08-26,-6.204185883921549
2019-08-27,-6.736793335909759
2019-08-28,-8.644432551421218
2019-08-29,-11.011497354090901
2019-08-30,-12.566681219270254
2019-08-31,-13.705055477638522
2019-09-01,-14.07823081400333
2019-09-02,-11.712295890787837
2019-09-03,-8.578082701454582
2019-09-04,-6.154331784798893
2019-09-05,-4.238535276008169
2019-09-06,-3.558746945299401
2019-09-07,-2.265960663303187
2019-09-08,-1.5255840353047445
2019-09-09,-1.38499403101239
2019-09-10,-2.270246529961185
2019-09-11,-2.7012398969578304
2019-09-12,-1.9012749566915972
2019-09-13,-1.480724015671104
2019-09-14,-1.1408982671115593
2019-09-15,-0.9074841555182048
2019-09-16,-1.098525631977935
2019-09-17,-1.4648310825700936
2019-09-18,-2.034712939250844
2019-09-19,-2.0880851985753788
2019-09-20,-2.676212718893247
2019-09-21,-4.241272416201237
2019-09-22,-5.197342597247368
2019-09-23,-8.289143182488381
2019-09-24,-17.484348276981866
2019-09-25,-24.82757984330562
2019-09-26,-31.902566167294914
2019-09-27,-36.057963130732574
2019-09-28,-39.234152890894734
2019-09-29,-42.20820124506607
2019-09-30,-42.94625181774385
2019-10-01,-43.11241058335222
2019-10-02,-42.821175427877755
2019-10-03,-43.044405580756504
2019-10-04,-43.41520884443856
2019-10-05,-43.91346655852675
2019-10-06,-44.90898215751704
2019-10-07,-43.31328176707695
2019-10-08,-42.079490240699336
2019-10-09,-37.663054500943616
2019-10-10,-34.16566446071214
2019-10-11,-32.52087219371358
2019-10-12,-31.06912825863101
2019-10-13,-29.95748079378814
2019-10-14,-28.54950096303799
2019-10-15,-28.253973917746507
2019-10-16,-28.83381455539544
2019-10-17,-28.77115329080425
2019-10-18,-29.41849994575532
2019-10-19,-29.798441067705866
2019-10-20,-27.75554562775546
2019-10-21,-25.871184554933407
2019-10-22,-25.316009502949747
2019-10-23,-28.17537468400383
2019-10-24,-30.482637329285684
2019-10-25,-21.27874800781345
2019-10-26,-10.529919451837888
2019-10-27,-1.25641089006681
2019-10-28,3.48794266245767
2019-10-29,7.764371796655196
2019-10-30,9.629579198878561
2019-10-31,10.995975442188666
2019-11-01,12.335447518486017
2019-11-02,13.681494027960204
2019-11-03,14.230933809845268
2019-11-04,15.473321131301084
2019-11-05,16.048137978473267
2019-11-06,16.60398305300296
2019-11-07,16.456435143638227
2019-11-08,13.313553210914748
2019-11-09,10.824449296498587
2019-11-10,10.048387905992245
2019-11-11,7.548378188573259
2019-11-12,5.8627422435453145
2019-11-13,4.448796225488814
2019-11-14,2.66128201943607
2019-11-15,-0.14799025836364704
2019-11-16,-2.0772873101627725
2019-11-17,-3.4934331078159095
2019-11-18,-6.3229333171758215
2019-11-19,-9.256493357334902
2019-11-20,-12.71097236876195
2019-11-21,-17.664086092676303
2019-11-22,-23.342881925845134
2019-11-23,-26.930493065503445
2019-11-24,-31.30812296538925
2019-11-25,-33.87629230691266
2019-11-26,-35.28574196514894
2019-11-27,-33.76925896787995
2019-11-28,-32.861150782902556
2019-11-29,-29.71804299940725
2019-11-30,-28.08745535262547
2019-12-01,-27.44500302389102
2019-12-02,-27.389080202871188
2019-12-03,-27.352416219693172
2019-12-04,-27.63289599651816
2019-12-05,-26.27056629532243
2019-12-06,-24.36001336546312
2019-12-07,-22.715597963263612
2019-12-08,-21.27884194583355
2019-12-09,-20.97459241921761
2019-12-10,-21.410953192318527
2019-12-11,-22.118660366070863
2019-12-12,-22.474259475557616
2019-12-13,-22.522278694254553
2019-12-14,-23.453470334112488
2019-12-15,-23.95445434137672
2019-12-16,-25.760995349549653
2019-12-17,-29.021322833274656
2019-12-18,-24.937224686371852
2019-12-19,-22.346460432287575
2019-12-20,-20.21961860733989
2019-12-21,-18.723691691718297
2019-12-22,-14.659630475312438
2019-12-23,-12.52321453095107
2019-12-24,-11.06998568293921
2019-12-25,-10.231488670268977
2019-12-26,-9.803468630420353
2019-12-27,-9.014169879383948
2019-12-28,-8.118850354832173
2019-12-29,-6.449988284788865
2019-12-30,-6.087858274834072
2019-12-31,-6.5834845992997755
2020-01-01,-6.931376576761139
2020-01-02,-8.97629117457736
2020-01-03,-7.184977266248484
2020-01-04,-5.1762048516103185
2020-01-05,-3.573051983484813
2020-01-06,0.8882326270991191
2020-01-07,7.520658876441914
2020-01-08,11.751553504760437
2020-01-09,13.162443313298072
2020-01-10,16.161641006572374
2020-01-11,17.279363281233806
2020-01-12,19.087744878065386
2020-01-13,20.058268260595767
2020-01-14,24.672440371774247
2020-01-15,27.90477357603928
2020-01-16,29.639471270327256
2020-01-17,31.95070451174733
2020-01-18,33.81694527439916
2020-01-19,33.15962264202144
2020-01-20,32.20461988808521
2020-01-21,31.846644178251946
2020-01-22,30.967988493599222
2020-01-23,27.785291872654103
2020-01-24,25.430916470986062
2020-01-25,22.835627684046084
2020-01-26,21.996343746316033
2020-01-27,23.05536728327262
2020-01-28,26.2417209189547
2020-01-29,28.31041031384783
2020-01-30,30.836720929989106
2020-01-31,31.414740882692232
2020-02-01,32.06269892643669
2020-02-02,32.14934418606338
2020-02-03,31.760354515921705
2020-02-04,30.414114510742312
2020-02-05,31.413890970910956
2020-02-06,32.746298177482565
2020-02-07,34.1098724085625
2020-02-08,35.5222185587203
2020-02-09,37.78475802679822
2020-02-10,37.07939736945292
2020-02-11,38.04258568808653
2020-02-12,39.27468373388882
2020-02-13,39.19086385499337
2020-02-14,39.523425735084594
2020-02-15,35.89410419128811
2020-02-16,33.27517394004389
2020-02-17,29.117310099959457
2020-02-18,27.968223554195017
2020-02-19,23.155414818314217
2020-02-20,19.392266308832756
2020-02-21,16.878639147430167
2020-02-22,14.747050394651279
2020-02-23,14.37468872452503
2020-02-24,12.251080488065302
2020-02-25,8.609641366887509
2020-02-26,2.6770125245005536
2020-02-27,-2.0267936416796646
2020-02-28,-6.2806400414221315
2020-02-29,-10.01163566808144
2020-03-01,-13.189048293658518
2020-03-02,-13.796396775533895
2020-03-03,-14.679657253574662
2020-03-04,-15.554691951880995
2020-03-05,-14.112111510124642
2020-03-06,-12.658933918890488
2020-03-07,-12.575179638034822
2020-03-08,-16.512751076541033
2020-03-09,-20.335472819904926
2020-03-10,-23.336701384093836
2020-03-11,-25.696820469841843
2020-03-12,-37.9467665544329
2020-03-13,-41.93174539594994
2020-03-14,-45.35435025390474
2020-03-15,-46.64907960906394
2020-03-16,-48.288791224176315
2020-03-17,-48.40285649644228
2020-03-18,-48.424143560108554
2020-03-19,-43.78112168847824
2020-03-20,-40.24224838912935
2020-03-21,-37.51224385163803
2020-03-22,-36.07532829429995
2020-03-23,-32.389689269087526
2020-03-24,-28.172494984318718
2020-03-25,-24.966012822116486
2020-03-26,-22.24013006432938
2020-03-27,-20.655554137239594
2020-03-28,-19.969147621075727
2020-03-29,-20.27767234459586
2020-03-30,-18.453823900937813
2020-03-31,-16.950530436420557
2020-04-01,-15.0386385479471
2020-04-02,-12.710427811845435
2020-04-03,-10.98364692131923
2020-04-04,-8.995358843208601
2020-04-05,-7.602895949609319
2020-04-06,-4.436619641848095
2020-04-07,-2.203622414840004
2020-04-08,0.29023173458208296
2020-04-09,2.225429475529143
2020-04-10,1.9339486831262165
2020-04-11,1.6664871193162138
2020-04-12,1.9325655572090326
2020-04-13,1.5701949539361288
2020-04-14,1.2543216802416903
2020-04-15,0.012166567056118816
2020-04-16,1.301508186681127
2020-04-17,2.247387729267833
2020-04-18,3.8192128822533773
2020-04-19,4.7477780552890545
2020-04-20,3.826791991841598
2020-04-21,3.0638622435833476
2020-04-22,3.681403295974953
2020-04-23,5.8217371153232715
2020-04-24,8.17047058506497
2020-04-25,10.177948420318652
2020-04-26,12.389584480347157
2020-04-27,14.799514391288833
2020-04-28,16.85516731145801
2020-04-29,23.29305674763688
2020-04-30,27.158571350243175
2020-05-01,30.96408507799507
2020-05-02,34.38597572226548
2020-05-03,36.38788689025647
2020-05-04,38.04223045824455
2020-05-05,39.70388455361387
2020-05-06,41.970252266238475
2020-05-07,45.969227579885654
2020-05-08,48.138944971889345
2020-05-09,47.78714640551221
2020-05-10,41.016157225642345
2020-05-11,34.93368974025628
2020-05-12,31.030697666263976
2020-05-13,29.65437712507654
2020-05-14,30.157594936447676
2020-05-15,28.144708857504863
2020-05-16,26.787538214078648
2020-05-17,26.688691830022364
2020-05-18,26.790260921189958
2020-05-19,26.87888542935878
2020-05-20,25.792749725045674
2020-05-21,22.47550349717741
2020-05-22,20.18979724699518
2020-05-23,18.442792212193332
2020-05-24,14.795373334732924
2020-05-25,12.32856640893703
2020-05-26,9.958902466218161
2020-05-27,9.493251937007896
2020-05-28,10.573711272395041
2020-05-29,10.986025505390803
2020-05-30,12.41036340669361
2020-05-31,12.27584684827688
2020-06-01,15.03863919416154
2020-06-02,13.828830229803598
2020-06-03,13.401413588473655
2020-06-04,13.614351135294287
2020-06-05,13.117022678391798
2020-06-06,12.663629221160084
2020-06-07,12.70260297484542
2020-06-08,12.784126112985593
2020-06-09,12.94936125033427
2020-06-10,13.395934681728923
2020-06-11,10.777683181147168
2020-06-12,9.355327629072105
2020-06-13,8.166534266475114
2020-06-14,6.7028590965430075
2020-06-15,5.797348783448571
2020-06-16,5.480185331440615
2020-06-17,4.879541883826693
2020-06-18,3.9665776411720852
2020-06-19,2.4449354458379164
2020-06-20,1.4234315595787685
2020-06-21,0.3740551437875601
2020-06-22,1.6936978334140973
2020-06-23,2.6581625931304678
2020-06-24,1.299410780512466
2020-06-25,-0.13795204510235487
2020-06-26,-2.0114228092529243
2020-06-27,-4.347928963070608
2020-06-28,-5.534910966791547
2020-06-29,-6.150410220069079
2020-06-30,-7.029902149162872
2020-07-01,-7.024271871762414
2020-07-02,-7.780561009587791
2020-07-03,-8.676494530736385
2020-07-04,-9.021198696666819
2020-07-05,-9.763834410673718
2020-07-06,-7.532298594883862
2020-07-07,-6.721498596848957
2020-07-08,-4.442584576223587
2020-07-09,-3.882757849251944
2020-07-10,-3.427530958644791
2020-07-11,-3.3885824948268706
2020-07-12,-3.016344440020115
2020-07-13,-3.0056464099989126
2020-07-14,-3.0004301295208635
2020-07-15,-3.482057832185543
2020-07-16,-4.488224838212255
2020-07-17,-5.125748699217685
2020-07-18,-5.579841838153235
2020-07-19,-5.643644484693748
2020-07-20,-5.9425692720922125
2020-07-21,-3.4658447712105547
2020-07-22,0.4687549993221365
2020-07-23,4.3331063513856165
2020-07-24,6.8854616924608
2020-07-25,10.601076915991637
2020-07-26,16.064889843388293
2020-07-27,29.857414376183538
2020-07-28,37.62811147194672
2020-07-29,43.96265415524792
2020-07-30,48.4782899539537
2020-07-31,52.700454678811234
2020-08-01,57.406902551965054
2020-08-02,52.338646066221564
2020-08-03,49.53926423364648
2020-08-04,47.14723495961184
2020-08-05,47.24196275091363
2020-08-06,47.416224241646056
2020-08-07,45.978416624150825
2020-08-08,45.37247903665097
2020-08-09,44.24367823679917
2020-08-10,44.014855213542276
2020-08-11,40.0333200458412
2020-08-12,37.578155753143704
2020-08-13,36.37183910990049
2020-08-14,35.31367064305384
2020-08-15,34.81743455026495
2020-08-16,34.515834774632566
2020-08-17,35.606268789024554
2020-08-18,34.46415634974886
2020-08-19,31.81233473451507
2020-08-20,30.178130184942134
2020-08-21,26.81081268951472
2020-08-22,24.515555820011983
2020-08-23,22.551757760755258
2020-08-24,21.444237293700887
2020-08-25,17.704019565175372
2020-08-26,15.317194615993968
2020-08-27,12.312634980842887
2020-08-28,11.036266570966083
2020-08-29,9.782479533427335
2020-08-30,9.862885627143624
2020-08-31,9.725923545137231
2020-09-01,11.19091935025772
2020-09-02,8.673973266994492
2020-09-03,-0.16075705420332898
2020-09-04,-4.934141847871699
2020-09-05,-9.957027999011482
2020-09-06,-13.03911573948192
2020-09-07,-14.88334331449092
2020-09-08,-17.24359411206223
2020-09-09,-18.471705783691792
2020-09-10,-18.773743603752287
2020-09-11,-18.804561726914788
2020-09-12,-18.595152169855012
2020-09-13,-18.893435943791705
2020-09-14,-17.046539859052317
2020-09-15,-14.875756467885568
2020-09-16,-12.08354836600226
2020-09-17,-9.920141439124
2020-09-18,-8.1481488564255
2020-09-19,-5.794253125185323
2020-09-20,-4.656103536695597
2020-09-21,-6.254950596865772
2020-09-22,-7.080846703071713
2020-09-23,-9.267140707684934
2020-09-24,-7.868414322377579
2020-09-25,-7.126783393039513
2020-09-26,-6.198535918799724
2020-09-27,-5.3068087079727695
2020-09-28,-4.932982244897221
2020-09-29,-3.8078698421942887
2020-09-30,-3.2241524636289243
2020-10-01,-3.7046272171213936
2020-10-02,-4.359162680367268
2020-10-03,-5.066360054645447
2020-10-04,-4.834897405640251
2020-10-05,-3.7761432721343464
2020-10-06,-4.137562131237215
2020-10-07,-3.9681635797481527
2020-10-08,-2.0285169319176606
2020-10-09,0.6137067049564
2020-10-10,4.365117179011412
2020-10-11,7.958493082266119
2020-10-12,11.961116348781115
2020-10-13,14.110251413993334
2020-10-14,15.86649303323968
2020-10-15,17.714565226818017
2020-10-16,17.6842790746159
2020-10-17,17.887047700965653
2020-10-18,18.85604427490136
2020-10-19,21.282826765769627
2020-10-20,24.285954492133342
2020-10-21,31.608508682461636
2020-10-22,37.5317959064125
2020-10-23,41.58403284346651
2020-10-24,45.347447275645855
2020-10-25,47.48711996757367
2020-10-26,49.318487521082574
2020-10-27,52.64250692720241
2020-10-28,51.43175423879355
2020-10-29,51.026971417434495
2020-10-30,51.041274676394735
2020-10-31,51.73487588711392
2020-11-01,51.8786299446034
2020-11-02,50.31779980660774
2020-11-03,50.26055405854734
2020-11-04,50.741153428729056
2020-11-05,54.87877139045337
2020-11-06,57.65531111227372
2020-11-07,54.11945889332958
2020-11-08,52.977717309157086
2020-11-09,51.20395200316217
2020-11-10,49.632562237905965
2020-11-11,49.291000172249746
2020-11-12,50.18552531990321
2020-11-13,50.94129025202077
2020-11-14,50.07549735660408
2020-11-15,48.750446160451055
2020-11-16,49.1910409114711
2020-11-17,51.23076282795705
2020-11-18,53.02021145119932
2020-11-19,54.41215855980773
2020-11-20,56.73463108525022
2020-11-21,58.54571121563318
2020-11-22,58.50090721697137
2020-11-23,58.433619340413536
2020-11-24,59.42385460006223
2020-11-25,58.190374669758896
2020-11-26,49.27854366727258
2020-11-27,42.53536163713065
2020-11-28,38.543553825534545
2020-11-29,36.382204120280086
2020-11-30,37.37969509913449
2020-12-01,35.07591861625063
2020-12-02,34.068931278541065
2020-12-03,33.72392182860615
2020-12-04,31.02283943444592
2020-12-05,29.734388010069868
2020-12-06,29.063530426058186
2020-12-07,28.066861179005365
2020-12-08,24.66170510816592
2020-12-09,22.411101664752554
2020-12-10,19.796799202163587
2020-12-11,17.119915595018828
2020-12-12,16.450213683762236
2020-12-13,16.59263703527056
2020-12-14,16.916112777001818
2020-12-15,17.524960396951332
2020-12-16,21.73476527961006
2020-12-17,27.53988533556652
2020-12-18,32.35989607304634
2020-12-19,37.04093299851669
2020-12-20,39.43437196524588
2020-12-21,39.29479981060967
2020-12-22,40.40434916975444
2020-12-23,39.72050517617261
2020-12-24,39.78658331747795
2020-12-25,40.92609633616213
2020-12-26,43.74533154298385
2020-12-27,45.417204530847236
2020-12-28,47.488071635812915
2020-12-29,49.340192846652236
2020-12-30,52.06799492774597
2020-12-31,54.291721037697954
2021-01-01,56.323422856759834
2021-01-02,59.86391333134547
2021-01-03,62.907572356739635
2021-01-04,63.11229781202728
2021-01-05,64.39296003649157
2021-01-06,66.7477459277803
2021-01-07,69.51082724490558
2021-01-08,71.97900493567165
2021-01-09,72.6221721157576
2021-01-10,69.30854009036464
2021-01-11,61.75119982464491
2021-01-12,53.55588344489566
2021-01-13,49.27233517244684
2021-01-14,47.12471896435597
2021-01-15,42.489730001941176
2021-01-16,38.31427883460033
2021-01-17,34.717106683316
2021-01-18,32.40719477926364
2021-01-19,29.97739134749502
2021-01-20,27.474464076004477
2021-01-21,20.573879631236537
2021-01-22,16.768629108116368
2021-01-23,13.01625801453287
2021-01-24,10.257690734341566
2021-01-25,8.12113682178865
2021-01-26,6.541703685430659
2021-01-27,3.419597517997529
2021-01-28,3.3089274311939376
2021-01-29,3.881009738126433
2021-01-30,4.296986233160459
2021-01-31,3.6499656830755196
2021-02-01,3.4629831328853156
2021-02-02,4.896420868058543
2021-02-03,7.588375680499207
2021-02-04,9.23896321443832
2021-02-05,11.490658396967005
2021-02-06,14.133624820202753
2021-02-07,15.909847309316373
2021-02-08,22.326146704072663
2021-02-09,27.27078693209482
2021-02-10,29.452787543219387
2021-02-11,32.723340697484545
2021-02-12,34.80132181964422
2021-02-13,36.012505700422935
2021-02-14,37.74347067730939
2021-02-15,38.307850894193926
2021-02-16,39.344900539334596
2021-02-17,41.50795632030539
2021-02-18,42.70606769965576
2021-02-19,45.41662980509694
2021-02-20,47.59080693041796
2021-02-21,49.844596941825664
2021-02-22,48.00195998653972
2021-02-23,41.12384337316456
2021-02-24,36.377211166241366
2021-02-25,30.478412365924918
2021-02-26,25.36225788478287
2021-02-27,21.255263381410206
2021-02-28,17.175319134578437
2021-03-01,16.358238897684515
2021-03-02,14.807337833644498
2021-03-03,14.75346524659504
2021-03-04,13.305647619660958
2021-03-05,12.36559028894588
2021-03-06,11.600881030104851
2021-03-07,12.267026223307415
2021-03-08,13.384908361414526
2021-03-09,15.707967282989477
2021-03-10,18.20115927188248
2021-03-11,21.138940328429612
2021-03-12,23.12288520398757
2021-03-13,26.649446478747258
2021-03-14,27.822173307664865
2021-03-15,25.977469287025798
2021-03-16,24.969214112287666
2021-03-17,25.151948644341186
2021-03-18,24.5045908938288
2021-03-19,24.220948385468684
2021-03-20,23.965006358387296
2021-03-21,23.116928418768875
2021-03-22,20.009828359387
2021-03-23,17.60838575083418
2021-03-24,14.105208176784128
2021-03-25,10.440724005891262
2021-03-26,9.602506878719067
2021-03-27,9.453918573613585
2021-03-28,9.317230938260254
2021-03-29,10.342905099072622
2021-03-30,11.906733706382127
2021-03-31,13.18185102738264
2021-04-01,14.349958652015582
2021-04-02,15.513870734348142
2021-04-03,14.890529612788503
2021-04-04,15.152685089754957
2021-04-05,15.574961013410322
2021-04-06,15.096541590453922
2021-04-07,12.633709852326568
2021-04-08,12.32815067413496
2021-04-09,12.007633461881504
2021-04-10,12.91651760996444
2021-04-11,13.961923600668975
2021-04-12,14.502062220276372
2021-04-13,17.6513732017732
2021-04-14,19.727491057158144
2021-04-15,21.540858653333927
2021-04-16,21.100423162118762
2021-04-17,19.775417561738717
2021-04-18,14.02394579696569
2021-04-19,9.143135110546421
2021-04-20,5.935372540132634
2021-04-21,1.1228309952148685
2021-04-22,-4.376259247934504
2021-04-23,-9.136943527220533
2021-04-24,-13.632826078670243
2021-04-25,-17.912188258608474
2021-04-26,-16.45594622238769
2021-04-27,-14.440257214697098
2021-04-28,-13.028772342113252
2021-04-29,-12.779669379081948
2021-04-30,-9.016130668005351
2021-05-01,-6.073510950485749
2021-05-02,-4.614556754379633
2021-05-03,-3.0180584970547715
2021-05-04,-4.5278812144008596
2021-05-05,-2.620237456165608
2021-05-06,-1.884924475355207
2021-05-07,-0.645644058559201
2021-05-08,1.3143509501615045
2021-05-09,2.4569716438346116
2021-05-10,1.698120410964355
2021-05-11,1.667351317840633
2021-05-12,-3.408030939262144
2021-05-13,-6.809288284429437
2021-05-14,-9.308508358067646
2021-05-15,-13.0216742886545
2021-05-16,-16.074811743471315
2021-05-17,-19.98418063488202
2021-05-18,-23.36018009281454
2021-05-19,-28.704947012208113
2021-05-20,-29.844044852379625
2021-05-21,-32.07403332019149
2021-05-22,-33.58220844148326
2021-05-23,-35.74563655988402
2021-05-24,-34.52385057595548
2021-05-25,-33.69402129675072
2021-05-26,-32.41072988848408
2021-05-27,-31.69992216183389
2021-05-28,-32.13394400088698
2021-05-29,-32.874412688831605
2021-05-30,-32.703180468342715
2021-05-31,-31.36016872720488
2021-06-01,-30.51787063832339
2021-06-02,-29.168666440400315
2021-06-03,-26.844754135470694
2021-06-04,-25.94256116060831
2021-06-05,-25.79938733661751
2021-06-06,-25.447491410702998
2021-06-07,-26.205935077666183
2021-06-08,-26.86640744368427
2021-06-09,-24.335904771463497
2021-06-10,-22.614151334368238
2021-06-11,-20.723007367643266
2021-06-12,-20.100610569276817
2021-06-13,-16.85808849824933
2021-06-14,-13.450256823210628
2021-06-15,-10.580788256647732
2021-06-16,-9.48070285422277
2021-06-17,-8.769371344542515
2021-06-18,-9.582483340479135
2021-06-19,-10.346413333533198
2021-06-20,-10.911330347652427
2021-06-21,-13.87407551280595
2021-06-22,-15.572669334971678
2021-06-23,-15.9381250514008
2021-06-24,-15.45239993536649
2021-06-25,-16.892246851155612
2021-06-26,-17.574100476386608
2021-06-27,-16.040222363264103
2021-06-28,-14.951209584103156
2021-06-29,-12.880470784812358
2021-06-30,-11.743062051396159
2021-07-01,-11.785548629236061
2021-07-02,-11.546992971952097
2021-07-03,-10.693671135124056
2021-07-04,-9.457137657698699
2021-07-05,-9.54981317949661
2021-07-06,-9.192412086052054
2021-07-07,-9.182730284096372
2021-07-08,-9.926806485167516
2021-07-09,-9.666309124573784
2021-07-10,-9.672767802347744
2021-07-11,-8.95929776234431
2021-07-12,-9.286303944047514
2021-07-13,-9.950173884546127
2021-07-14,-10.374843415579694
2021-07-15,-11.671182423299722
2021-07-16,-13.081713491120887
2021-07-17,-14.13242724205832
2021-07-18,-14.68813196077925
2021-07-19,-16.110696740150996
2021-07-20,-18.286419144320885
2021-07-21,-16.86072200433444
2021-07-22,-15.438073426183408
2021-07-23,-12.55478871532752
2021-07-24,-9.292704082307658
2021-07-25,-5.301065520389769
2021-07-26,0.31938410922479904
2021-07-27,7.024461954266266
2021-07-28,12.780316079261922
2021-07-29,17.294219075542145
2021-07-30,22.907244263453507
2021-07-31,26.415516512888153
2021-08-01,26.818138858551603
2021-08-02,26.049321825036962
2021-08-03,24.001115393548933
2021-08-04,23.721976901694422
2021-08-05,24.423265806681442
2021-08-06,26.512198236992447
2021-08-07,29.419925217376
2021-08-08,30.645309227551927
2021-08-09,33.344971723674206
2021-08-10,34.378358610296814
2021-08-11,35.18674222227827
2021-08-12,34.29186648577744
2021-08-13,35.702718656982675
2021-08-14,35.89292308510502
2021-08-15,35.97775251111162
2021-08-16,34.71419156515042
2021-08-17,32.058780191301366
2021-08-18,30.006183310920747
2021-08-19,29.637061011803013
2021-08-20,31.07446338753785
2021-08-21,31.662798822745398
2021-08-22,32.39493996268733
2021-08-23,33.1278594893258
2021-08-24,31.386887981839504
2021-08-25,30.822579293923972
2021-08-26,27.879083343200634
2021-08-27,27.02297149012154
2021-08-28,26.17151343056453
2021-08-29,25.406860210080126
2021-08-30,22.70068792224269
2021-08-31,20.61453135694682
2021-09-01,20.21341345485755
2021-09-02,20.26170047184748
2021-09-03,20.843732335872176
2021-09-04,21.221942870485936
2021-09-05,22.96136763267818
2021-09-06,25.050302892485536
2021-09-07,19.559550181075327
2021-09-08,14.67825663395066
2021-09-09,11.204232022213459
2021-09-10,6.974208327696721
2021-09-11,3.949882845409271
2021-09-12,2.3237557344994846
2021-09-13,-0.009502148628188566
2021-09-14,0.11193797129182008
2021-09-15,1.1976005316602634
2021-09-16,1.690536544517312
2021-09-17,1.599357690597416
2021-09-18,2.4563678503873367
2021-09-19,2.162215061400343
2021-09-20,-2.2256263635818554
2021-09-21,-7.413074524373485
2021-09-22,-8.590050092088864
2021-09-23,-8.256167874679447
2021-09-24,-9.552389086154964
2021-09-25,-10.629374712275238
2021-09-26,-11.029874077585164
2021-09-27,-12.048225468818359
2021-09-28,-13.715827084565667
2021-09-29,-14.556297567483666
2021-09-30,-13.136670155519283
2021-10-01,-8.126775697644806
2021-10-02,-4.596464046560307
2021-10-03,-1.43607885971124
2021-10-04,1.7988746451711568
2021-10-05,6.2040415957453785
2021-10-06,12.357756521820333
2021-10-07,15.704550630730042
2021-10-08,18.390045054678236
2021-10-09,21.113006493355932
2021-10-10,23.105270719505967
2021-10-11,26.26417046556172
2021-10-12,27.381869577180666
2021-10-13,29.006534310431245
2021-10-14,30.226034354818147
2021-10-15,33.420644618990515
2021-10-16,35.20440337060012
2021-10-17,36.932298058573586
2021-10-18,38.539976363613484
2021-10-19,40.86366369349699
2021-10-20,43.475683688777984
2021-10-21,41.48155359696452
2021-10-22,38.38533111284014
2021-10-23,36.29742539703197
2021-10-24,34.18892038058973
2021-10-25,33.52800849883517
2021-10-26,30.43577897994898
2021-10-27,26.286999900429517
2021-10-28,24.18889564143344
2021-10-29,23.414671719784735
2021-10-30,22.51536710292711
2021-10-31,21.30642967751482
2021-11-01,20.055392161499775
2021-11-02,20.321417910832036
2021-11-03,20.31134199360721
2021-11-04,18.95381376358359
2021-11-05,17.55471060331759
2021-11-06,16.65651959746694
2021-11-07,17.09064416102792
2021-11-08,20.157279545740515
2021-11-09,22.00408185166606
2021-11-10,21.601163934847243
2021-11-11,21.239405425597624
2021-11-12,20.195848732168848
2021-11-13,19.546789728117115
2021-11-14,19.664340212755704
2021-11-15,17.897556683367647
2021-11-16,13.26809912177792
2021-11-17,9.779522431489445
2021-11-18,4.061330142111293
2021-11-19,0.5417616154407594
2021-11-20,-0.9631506601124151
2021-11-21,-2.882279100119589
2021-11-22,-6.200992990206701
2021-11-23,-7.740822646939726
2021-11-24,-9.847145143612769
2021-11-25,-10.675864570927569
2021-11-26,-13.789725725785756
2021-11-27,-15.137796690662983
2021-11-28,-14.141762126897333
2021-11-29,-12.910967394256923
2021-11-30,-12.44580828994893
2021-12-01,-11.889752928808907
2021-12-02,-11.929209059987047
2021-12-03,-13.836804630229517
2021-12-04,-18.06028825985594
2021-12-05,-21.168344571613584
2021-12-06,-22.54887177038833
2021-12-07,-23.542432761701875
2021-12-08,-24.457184187591146
2021-12-09,-26.771586884474434
2021-12-10,-28.860605258393985
2021-12-11,-28.496229568028067
2021-12-12,-27.49262878720172
2021-12-13,-28.519014764611843
2021-12-14,-29.394868666456244
2021-12-15,-27.878347375601656
2021-12-16,-27.346504807709135
2021-12-17,-27.720307591175064
2021-12-18,-27.39712196262519
2021-12-19,-27.214597442363498
2021-12-20,-26.89313042072812
2021-12-21,-24.57192574636058
2021-12-22,-22.8645949992869
2021-12-23,-19.330160278038793
2021-12-24,-16.42272764298675
2021-12-25,-14.30582215110623
2021-12-26,-12.173530426345387
2021-12-27,-10.521087861500174
2021-12-28,-11.617729012593195
2021-12-29,-13.415593401234293
2021-12-30,-14.101893335351015
2021-12-31,-15.349991114156364
2022-01-01,-14.870958001738641
2022-01-02,-14.758887725176248
2022-01-03,-15.392360668201281
2022-01-04,-16.370882470122513
2022-01-05,-19.0591038089121
2022-01-06,-21.53172229566666
2022-01-07,-24.747226684844637
2022-01-08,-27.104513864530375
2022-01-09,-28.7947372576445
2022-01-10,-30.25703895108588
2022-01-11,-30.2036109789964
2022-01-12,-28.456320395342473
2022-01-13,-28.096614471954343
2022-01-14,-27.089117325035392
2022-01-15,-26.15455461174157
2022-01-16,-25.43366779095749
2022-01-17,-25.594522631579142
2022-01-18,-25.537630292800433
2022-01-19,-26.07623452103459
2022-01-20,-27.52144750801148
2022-01-21,-32.4406181401143
2022-01-22,-37.28554142051125
2022-01-23,-38.9145631821963
2022-01-24,-39.54789222999907
2022-01-25,-39.55819849263874
2022-01-26,-39.638064795334145
