date,bitcoin
2010-01-01,0
2010-01-02,0
2010-01-03,0
2010-01-04,0
2010-01-05,0
2010-01-06,0
2010-01-07,0
2010-01-08,0
2010-01-09,0
2010-01-10,0
2010-01-11,0
2010-01-12,0
2010-01-13,0
2010-01-14,0
2010-01-15,0
2010-01-16,0
2010-01-17,0
2010-01-18,0
2010-01-19,0
2010-01-20,0
2010-01-21,0
2010-01-22,0
2010-01-23,0
2010-01-24,0
2010-01-25,0
2010-01-26,0
2010-01-27,0
2010-01-28,0
2010-01-29,0
2010-01-30,0
2010-01-31,0
2010-02-01,0
2010-02-02,0
2010-02-03,0
2010-02-04,0
2010-02-05,0
2010-02-06,0
2010-02-07,0
2010-02-08,0
2010-02-09,0
2010-02-10,0
2010-02-11,0
2010-02-12,0
2010-02-13,0
2010-02-14,0
2010-02-15,0
2010-02-16,0
2010-02-17,0
2010-02-18,0
2010-02-19,0
2010-02-20,0
2010-02-21,0
2010-02-22,0
2010-02-23,0
2010-02-24,0
2010-02-25,0
2010-02-26,0
2010-02-27,0
2010-02-28,0
2010-03-01,0
2010-03-02,0
2010-03-03,0
2010-03-04,0
2010-03-05,0
2010-03-06,0
2010-03-07,0
2010-03-08,0
2010-03-09,0
2010-03-10,0
2010-03-11,97
2010-03-12,100
2010-03-13,0
2010-03-14,0
2010-03-15,0
2010-03-16,0
2010-03-17,0
2010-03-18,0
2010-03-19,0
2010-03-20,0
2010-03-21,0
2010-03-22,0
2010-03-23,0
2010-03-24,0
2010-03-25,0
2010-03-26,0
2010-03-27,0
2010-03-28,0
2010-03-29,0
2010-03-30,95
2010-03-31,0
2010-04-01,0
2010-04-02,0
2010-04-03,0
2010-04-04,0
2010-04-05,0
2010-04-06,0
2010-04-07,0
2010-04-08,0
2010-04-09,0
2010-04-10,0
2010-04-11,0
2010-04-12,0
2010-04-13,0
2010-04-14,96
2010-04-15,0
2010-04-16,0
2010-04-17,0
2010-04-18,0
2010-04-19,0
2010-04-20,0
2010-04-21,0
2010-04-22,0
2010-04-23,0
2010-04-24,0
2010-04-25,0
2010-04-26,0
2010-04-27,0
2010-04-28,0
2010-04-29,0
2010-04-30,0
2010-05-01,0
2010-05-02,0
2010-05-03,0
2010-05-04,0
2010-05-05,0
2010-05-06,0
2010-05-07,0
2010-05-08,0
2010-05-09,0
2010-05-10,0
2010-05-11,0
2010-05-12,0
2010-05-13,0
2010-05-14,0
2010-05-15,0
2010-05-16,0
2010-05-17,0
2010-05-18,0
2010-05-19,0
2010-05-20,0
2010-05-21,0
2010-05-22,0
2010-05-23,0
2010-05-24,0
2010-05-25,96
2010-05-26,96
2010-05-27,0
2010-05-28,0
2010-05-29,0
2010-05-30,0
2010-05-31,0
2010-06-01,0
2010-06-02,0
2010-06-03,0
2010-06-04,0
2010-06-05,0
2010-06-06,0
2010-06-07,0
2010-06-08,0
2010-06-09,0
2010-06-10,0
2010-06-11,0
2010-06-12,0
2010-06-13,0
2010-06-14,0
2010-06-15,0
2010-06-16,0
2010-06-17,0
2010-06-18,0
2010-06-19,0
2010-06-20,0
2010-06-21,0
2010-06-22,0
2010-06-23,18
2010-06-24,0
2010-06-25,0
2010-06-26,0
2010-06-27,0
2010-06-28,18
2010-06-29,0
2010-06-30,0
2010-07-01,0
2010-07-02,0
2010-07-03,0
2010-07-04,0
2010-07-05,0
2010-07-06,0
2010-07-07,0
2010-07-08,0
2010-07-09,0
2010-07-10,0
2010-07-11,46
2010-07-12,83
2010-07-13,100
2010-07-14,34
2010-07-15,0
2010-07-16,0
2010-07-17,0
2010-07-18,0
2010-07-19,0
2010-07-20,17
2010-07-21,34
2010-07-22,0
2010-07-23,36
2010-07-24,0
2010-07-25,22
2010-07-26,0
2010-07-27,17
2010-07-28,0
2010-07-29,0
2010-07-30,18
2010-07-31,23
2010-08-01,0
2010-08-02,0
2010-08-03,0
2010-08-04,0
2010-08-05,0
2010-08-06,0
2010-08-07,0
2010-08-08,0
2010-08-09,0
2010-08-10,0
2010-08-11,17
2010-08-12,17
2010-08-13,0
2010-08-14,0
2010-08-15,22
2010-08-16,0
2010-08-17,0
2010-08-18,0
2010-08-19,0
2010-08-20,0
2010-08-21,0
2010-08-22,0
2010-08-23,0
2010-08-24,0
2010-08-25,0
2010-08-26,16
2010-08-27,35
2010-08-28,0
2010-08-29,0
2010-08-30,0
2010-08-31,16
2010-09-01,0
2010-09-02,0
2010-09-03,0
2010-09-04,21
2010-09-05,0
2010-09-06,0
2010-09-07,0
2010-09-08,0
2010-09-09,0
2010-09-10,0
2010-09-11,0
2010-09-12,0
2010-09-13,15
2010-09-14,0
2010-09-15,0
2010-09-16,0
2010-09-17,17
2010-09-18,0
2010-09-19,0
2010-09-20,0
2010-09-21,0
2010-09-22,0
2010-09-23,0
2010-09-24,0
2010-09-25,0
2010-09-26,0
2010-09-27,15
2010-09-28,30
2010-09-29,0
2010-09-30,0
2010-10-01,16
2010-10-02,20
2010-10-03,0
2010-10-04,15
2010-10-05,15
2010-10-06,31
2010-10-07,0
2010-10-08,0
2010-10-09,0
2010-10-10,0
2010-10-11,0
2010-10-12,0
2010-10-13,0
2010-10-14,0
2010-10-15,0
2010-10-16,19
2010-10-17,19
2010-10-18,15
2010-10-19,0
2010-10-20,0
2010-10-21,0
2010-10-22,0
2010-10-23,0
2010-10-24,0
2010-10-25,15
2010-10-26,15
2010-10-27,0
2010-10-28,0
2010-10-29,16
2010-10-30,0
2010-10-31,0
2010-11-01,0
2010-11-02,15
2010-11-03,0
2010-11-04,0
2010-11-05,0
2010-11-06,0
2010-11-07,0
2010-11-08,29
2010-11-09,15
2010-11-10,0
2010-11-11,0
2010-11-12,0
2010-11-13,19
2010-11-14,0
2010-11-15,59
2010-11-16,29
2010-11-17,15
2010-11-18,15
2010-11-19,0
2010-11-20,0
2010-11-21,0
2010-11-22,14
2010-11-23,15
2010-11-24,30
2010-11-25,0
2010-11-26,16
2010-11-27,19
2010-11-28,0
2010-11-29,14
2010-11-30,14
2010-12-01,0
2010-12-02,14
2010-12-03,31
2010-12-04,0
2010-12-05,0
2010-12-06,14
2010-12-07,14
2010-12-08,15
2010-12-09,0
2010-12-10,0
2010-12-11,18
2010-12-12,36
2010-12-13,28
2010-12-14,15
2010-12-15,15
2010-12-16,30
2010-12-17,0
2010-12-18,56
2010-12-19,56
2010-12-20,45
2010-12-21,46
2010-12-22,0
2010-12-23,16
2010-12-24,40
2010-12-25,46
2010-12-26,41
2010-12-27,0
2010-12-28,0
2010-12-29,0
2010-12-30,34
2010-12-31,0
2011-01-01,0
2011-01-02,2
2011-01-03,0
2011-01-04,1
2011-01-05,2
2011-01-06,0
2011-01-07,3
2011-01-08,1
2011-01-09,1
2011-01-10,0
2011-01-11,0
2011-01-12,1
2011-01-13,2
2011-01-14,1
2011-01-15,3
2011-01-16,1
2011-01-17,0
2011-01-18,1
2011-01-19,0
2011-01-20,1
2011-01-21,1
2011-01-22,1
2011-01-23,4
2011-01-24,2
2011-01-25,1
2011-01-26,1
2011-01-27,1
2011-01-28,1
2011-01-29,0
2011-01-30,1
2011-01-31,1
2011-02-01,3
2011-02-02,0
2011-02-03,0
2011-02-04,2
2011-02-05,3
2011-02-06,1
2011-02-07,6
2011-02-08,1
2011-02-09,1
2011-02-10,11
2011-02-11,12
2011-02-12,10
2011-02-13,8
2011-02-14,5
2011-02-15,2
2011-02-16,11
2011-02-17,3
2011-02-18,8
2011-02-19,8
2011-02-20,1
2011-02-21,6
2011-02-22,6
2011-02-23,5
2011-02-24,3
2011-02-25,8
2011-02-26,3
2011-02-27,4
2011-02-28,5
2011-03-01,6
2011-03-02,9
2011-03-03,5
2011-03-04,6
2011-03-05,4
2011-03-06,7
2011-03-07,8
2011-03-08,2
2011-03-09,2
2011-03-10,3
2011-03-11,0
2011-03-12,1
2011-03-13,3
2011-03-14,2
2011-03-15,0
2011-03-16,1
2011-03-17,7
2011-03-18,4
2011-03-19,3
2011-03-20,1
2011-03-21,7
2011-03-22,11
2011-03-23,21
2011-03-24,13
2011-03-25,6
2011-03-26,8
2011-03-27,5
2011-03-28,5
2011-03-29,10
2011-03-30,5
2011-03-31,4
2011-04-01,4
2011-04-02,3
2011-04-03,3
2011-04-04,7
2011-04-05,8
2011-04-06,2
2011-04-07,3
2011-04-08,4
2011-04-09,7
2011-04-10,6
2011-04-11,4
2011-04-12,3
2011-04-13,3
2011-04-14,2
2011-04-15,5
2011-04-16,9
2011-04-17,4
2011-04-18,12
2011-04-19,13
2011-04-20,4
2011-04-21,5
2011-04-22,7
2011-04-23,9
2011-04-24,11
2011-04-25,4
2011-04-26,11
2011-04-27,11
2011-04-28,10
2011-04-29,15
2011-04-30,9
2011-05-01,11
2011-05-02,11
2011-05-03,20
2011-05-04,11
2011-05-05,8
2011-05-06,12
2011-05-07,19
2011-05-08,10
2011-05-09,31
2011-05-10,10
2011-05-11,15
2011-05-12,10
2011-05-13,19
2011-05-14,20
2011-05-15,19
2011-05-16,84
2011-05-17,48
2011-05-18,38
2011-05-19,66
2011-05-20,68
2011-05-21,63
2011-05-22,53
2011-05-23,49
2011-05-24,54
2011-05-25,56
2011-05-26,46
2011-05-27,34
2011-05-28,31
2011-05-29,36
2011-05-30,32
2011-05-31,100
2011-06-01,42
2011-06-02,55
2011-06-03,59
2011-06-04,56
2011-06-05,66
2011-06-06,56
2011-06-07,53
2011-06-08,60
2011-06-09,74
2011-06-10,78
2011-06-11,100
2011-06-12,89
2011-06-13,75
2011-06-14,71
2011-06-15,79
2011-06-16,91
2011-06-17,72
2011-06-18,53
2011-06-19,77
2011-06-20,90
2011-06-21,55
2011-06-22,63
2011-06-23,56
2011-06-24,35
2011-06-25,37
2011-06-26,42
2011-06-27,50
2011-06-28,34
2011-06-29,34
2011-06-30,38
2011-07-01,39
2011-07-02,39
2011-07-03,30
2011-07-04,25
2011-07-05,21
2011-07-06,41
2011-07-07,46
2011-07-08,29
2011-07-09,31
2011-07-10,29
2011-07-11,25
2011-07-12,24
2011-07-13,30
2011-07-14,41
2011-07-15,22
2011-07-16,25
2011-07-17,21
2011-07-18,26
2011-07-19,33
2011-07-20,27
2011-07-21,29
2011-07-22,20
2011-07-23,17
2011-07-24,23
2011-07-25,26
2011-07-26,24
2011-07-27,28
2011-07-28,14
2011-07-29,21
2011-07-30,26
2011-07-31,33
2011-08-01,25
2011-08-02,31
2011-08-03,36
2011-08-04,26
2011-08-05,31
2011-08-06,29
2011-08-07,28
2011-08-08,21
2011-08-09,17
2011-08-10,18
2011-08-11,17
2011-08-12,14
2011-08-13,23
2011-08-14,20
2011-08-15,24
2011-08-16,16
2011-08-17,27
2011-08-18,21
2011-08-19,15
2011-08-20,25
2011-08-21,30
2011-08-22,29
2011-08-23,23
2011-08-24,27
2011-08-25,19
2011-08-26,19
2011-08-27,23
2011-08-28,20
2011-08-29,14
2011-08-30,21
2011-08-31,22
2011-09-01,22
2011-09-02,22
2011-09-03,17
2011-09-04,22
2011-09-05,16
2011-09-06,24
2011-09-07,23
2011-09-08,13
2011-09-09,20
2011-09-10,20
2011-09-11,15
2011-09-12,19
2011-09-13,16
2011-09-14,16
2011-09-15,12
2011-09-16,14
2011-09-17,12
2011-09-18,20
2011-09-19,14
2011-09-20,14
2011-09-21,18
2011-09-22,13
2011-09-23,12
2011-09-24,15
2011-09-25,14
2011-09-26,17
2011-09-27,12
2011-09-28,11
2011-09-29,14
2011-09-30,14
2011-10-01,10
2011-10-02,10
2011-10-03,9
2011-10-04,14
2011-10-05,9
2011-10-06,13
2011-10-07,9
2011-10-08,20
2011-10-09,16
2011-10-10,15
2011-10-11,11
2011-10-12,12
2011-10-13,13
2011-10-14,11
2011-10-15,10
2011-10-16,13
2011-10-17,11
2011-10-18,19
2011-10-19,19
2011-10-20,14
2011-10-21,9
2011-10-22,18
2011-10-23,11
2011-10-24,13
2011-10-25,12
2011-10-26,9
2011-10-27,8
2011-10-28,5
2011-10-29,7
2011-10-30,9
2011-10-31,6
2011-11-01,16
2011-11-02,12
2011-11-03,11
2011-11-04,7
2011-11-05,10
2011-11-06,6
2011-11-07,8
2011-11-08,10
2011-11-09,12
2011-11-10,8
2011-11-11,5
2011-11-12,7
2011-11-13,5
2011-11-14,9
2011-11-15,9
2011-11-16,9
2011-11-17,8
2011-11-18,11
2011-11-19,7
2011-11-20,6
2011-11-21,6
2011-11-22,5
2011-11-23,7
2011-11-24,7
2011-11-25,8
2011-11-26,11
2011-11-27,8
2011-11-28,10
2011-11-29,9
2011-11-30,8
2011-12-01,6
2011-12-02,10
2011-12-03,12
2011-12-04,8
2011-12-05,10
2011-12-06,6
2011-12-07,6
2011-12-08,7
2011-12-09,5
2011-12-10,6
2011-12-11,5
2011-12-12,8
2011-12-13,6
2011-12-14,6
2011-12-15,6
2011-12-16,7
2011-12-17,6
2011-12-18,5
2011-12-19,5
2011-12-20,5
2011-12-21,9
2011-12-22,4
2011-12-23,14
2011-12-24,6
2011-12-25,8
2011-12-26,8
2011-12-27,8
2011-12-28,4
2011-12-29,10
2011-12-30,9
2011-12-31,16
2012-01-01,25
2012-01-02,39
2012-01-03,29
2012-01-04,20
2012-01-05,32
2012-01-06,48
2012-01-07,31
2012-01-08,46
2012-01-09,35
2012-01-10,31
2012-01-11,31
2012-01-12,40
2012-01-13,25
2012-01-14,32
2012-01-15,31
2012-01-16,100
2012-01-17,48
2012-01-18,45
2012-01-19,29
2012-01-20,32
2012-01-21,49
2012-01-22,33
2012-01-23,28
2012-01-24,36
2012-01-25,29
2012-01-26,28
2012-01-27,23
2012-01-28,34
2012-01-29,31
2012-01-30,20
2012-01-31,36
2012-02-01,37
2012-02-02,26
2012-02-03,44
2012-02-04,21
2012-02-05,22
2012-02-06,19
2012-02-07,30
2012-02-08,31
2012-02-09,39
2012-02-10,31
2012-02-11,31
2012-02-12,33
2012-02-13,31
2012-02-14,19
2012-02-15,46
2012-02-16,28
2012-02-17,18
2012-02-18,23
2012-02-19,14
2012-02-20,27
2012-02-21,24
2012-02-22,25
2012-02-23,19
2012-02-24,22
2012-02-25,17
2012-02-26,24
2012-02-27,32
2012-02-28,20
2012-02-29,30
2012-03-01,21
2012-03-02,34
2012-03-03,40
2012-03-04,32
2012-03-05,25
2012-03-06,33
2012-03-07,27
2012-03-08,26
2012-03-09,20
2012-03-10,22
2012-03-11,20
2012-03-12,24
2012-03-13,21
2012-03-14,29
2012-03-15,31
2012-03-16,15
2012-03-17,26
2012-03-18,29
2012-03-19,21
2012-03-20,31
2012-03-21,16
2012-03-22,28
2012-03-23,15
2012-03-24,18
2012-03-25,24
2012-03-26,28
2012-03-27,19
2012-03-28,35
2012-03-29,27
2012-03-30,26
2012-03-31,26
2012-04-01,26
2012-04-02,27
2012-04-03,32
2012-04-04,31
2012-04-05,25
2012-04-06,30
2012-04-07,16
2012-04-08,27
2012-04-09,24
2012-04-10,27
2012-04-11,26
2012-04-12,38
2012-04-13,21
2012-04-14,21
2012-04-15,15
2012-04-16,21
2012-04-17,22
2012-04-18,42
2012-04-19,26
2012-04-20,34
2012-04-21,33
2012-04-22,30
2012-04-23,24
2012-04-24,21
2012-04-25,17
2012-04-26,38
2012-04-27,46
2012-04-28,40
2012-04-29,33
2012-04-30,42
2012-05-01,39
2012-05-02,27
2012-05-03,21
2012-05-04,16
2012-05-05,21
2012-05-06,34
2012-05-07,33
2012-05-08,22
2012-05-09,28
2012-05-10,36
2012-05-11,40
2012-05-12,28
2012-05-13,29
2012-05-14,40
2012-05-15,28
2012-05-16,21
2012-05-17,22
2012-05-18,27
2012-05-19,28
2012-05-20,14
2012-05-21,26
2012-05-22,24
2012-05-23,21
2012-05-24,26
2012-05-25,20
2012-05-26,27
2012-05-27,18
2012-05-28,21
2012-05-29,26
2012-05-30,24
2012-05-31,20
2012-06-01,24
2012-06-02,18
2012-06-03,23
2012-06-04,23
2012-06-05,41
2012-06-06,13
2012-06-07,35
2012-06-08,28
2012-06-09,20
2012-06-10,32
2012-06-11,30
2012-06-12,21
2012-06-13,39
2012-06-14,28
2012-06-15,32
2012-06-16,27
2012-06-17,26
2012-06-18,30
2012-06-19,25
2012-06-20,26
2012-06-21,24
2012-06-22,26
2012-06-23,42
2012-06-24,27
2012-06-25,20
2012-06-26,20
2012-06-27,30
2012-06-28,28
2012-06-29,23
2012-06-30,28
2012-07-01,24
2012-07-02,21
2012-07-03,19
2012-07-04,37
2012-07-05,23
2012-07-06,27
2012-07-07,26
2012-07-08,22
2012-07-09,41
2012-07-10,26
2012-07-11,37
2012-07-12,34
2012-07-13,31
2012-07-14,31
2012-07-15,29
2012-07-16,31
2012-07-17,40
2012-07-18,37
2012-07-19,46
2012-07-20,43
2012-07-21,34
2012-07-22,32
2012-07-23,31
2012-07-24,32
2012-07-25,30
2012-07-26,30
2012-07-27,22
2012-07-28,17
2012-07-29,20
2012-07-30,20
2012-07-31,41
2012-08-01,22
2012-08-02,27
2012-08-03,31
2012-08-04,46
2012-08-05,33
2012-08-06,34
2012-08-07,46
2012-08-08,27
2012-08-09,30
2012-08-10,23
2012-08-11,26
2012-08-12,35
2012-08-13,37
2012-08-14,30
2012-08-15,56
2012-08-16,48
2012-08-17,57
2012-08-18,54
2012-08-19,59
2012-08-20,39
2012-08-21,61
2012-08-22,54
2012-08-23,58
2012-08-24,25
2012-08-25,32
2012-08-26,33
2012-08-27,24
2012-08-28,49
2012-08-29,45
2012-08-30,28
2012-08-31,38
2012-09-01,30
2012-09-02,47
2012-09-03,25
2012-09-04,27
2012-09-05,100
2012-09-06,97
2012-09-07,53
2012-09-08,62
2012-09-09,54
2012-09-10,45
2012-09-11,38
2012-09-12,45
2012-09-13,37
2012-09-14,40
2012-09-15,28
2012-09-16,43
2012-09-17,41
2012-09-18,42
2012-09-19,49
2012-09-20,26
2012-09-21,33
2012-09-22,29
2012-09-23,44
2012-09-24,39
2012-09-25,51
2012-09-26,31
2012-09-27,34
2012-09-28,37
2012-09-29,43
2012-09-30,31
2012-10-01,39
2012-10-02,56
2012-10-03,39
2012-10-04,28
2012-10-05,31
2012-10-06,33
2012-10-07,31
2012-10-08,40
2012-10-09,46
2012-10-10,35
2012-10-11,43
2012-10-12,38
2012-10-13,31
2012-10-14,35
2012-10-15,36
2012-10-16,28
2012-10-17,17
2012-10-18,29
2012-10-19,45
2012-10-20,37
2012-10-21,42
2012-10-22,26
2012-10-23,29
2012-10-24,26
2012-10-25,22
2012-10-26,22
2012-10-27,35
2012-10-28,20
2012-10-29,25
2012-10-30,35
2012-10-31,27
2012-11-01,30
2012-11-02,33
2012-11-03,27
2012-11-04,30
2012-11-05,36
2012-11-06,33
2012-11-07,31
2012-11-08,25
2012-11-09,32
2012-11-10,27
2012-11-11,33
2012-11-12,36
2012-11-13,30
2012-11-14,28
2012-11-15,27
2012-11-16,39
2012-11-17,43
2012-11-18,43
2012-11-19,34
2012-11-20,32
2012-11-21,32
2012-11-22,31
2012-11-23,37
2012-11-24,36
2012-11-25,34
2012-11-26,51
2012-11-27,27
2012-11-28,70
2012-11-29,51
2012-11-30,44
2012-12-01,43
2012-12-02,54
2012-12-03,39
2012-12-04,31
2012-12-05,45
2012-12-06,51
2012-12-07,61
2012-12-08,57
2012-12-09,82
2012-12-10,52
2012-12-11,81
2012-12-12,44
2012-12-13,38
2012-12-14,62
2012-12-15,33
2012-12-16,40
2012-12-17,45
2012-12-18,34
2012-12-19,31
2012-12-20,44
2012-12-21,18
2012-12-22,29
2012-12-23,38
2012-12-24,33
2012-12-25,53
2012-12-26,28
2012-12-27,34
2012-12-28,38
2012-12-29,30
2012-12-30,38
2012-12-31,35
2013-01-01,3
2013-01-02,4
2013-01-03,3
2013-01-04,3
2013-01-05,4
2013-01-06,5
2013-01-07,3
2013-01-08,4
2013-01-09,3
2013-01-10,4
2013-01-11,3
2013-01-12,4
2013-01-13,3
2013-01-14,3
2013-01-15,3
2013-01-16,4
2013-01-17,4
2013-01-18,3
2013-01-19,3
2013-01-20,2
2013-01-21,4
2013-01-22,3
2013-01-23,4
2013-01-24,4
2013-01-25,3
2013-01-26,4
2013-01-27,3
2013-01-28,4
2013-01-29,4
2013-01-30,3
2013-01-31,5
2013-02-01,4
2013-02-02,6
2013-02-03,5
2013-02-04,3
2013-02-05,4
2013-02-06,6
2013-02-07,4
2013-02-08,4
2013-02-09,5
2013-02-10,5
2013-02-11,4
2013-02-12,5
2013-02-13,5
2013-02-14,5
2013-02-15,5
2013-02-16,5
2013-02-17,5
2013-02-18,7
2013-02-19,6
2013-02-20,7
2013-02-21,5
2013-02-22,5
2013-02-23,5
2013-02-24,5
2013-02-25,4
2013-02-26,5
2013-02-27,4
2013-02-28,7
2013-03-01,7
2013-03-02,4
2013-03-03,8
2013-03-04,7
2013-03-05,8
2013-03-06,10
2013-03-07,8
2013-03-08,9
2013-03-09,8
2013-03-10,11
2013-03-11,8
2013-03-12,12
2013-03-13,10
2013-03-14,8
2013-03-15,7
2013-03-16,6
2013-03-17,7
2013-03-18,9
2013-03-19,10
2013-03-20,15
2013-03-21,19
2013-03-22,19
2013-03-23,19
2013-03-24,14
2013-03-25,17
2013-03-26,16
2013-03-27,21
2013-03-28,26
2013-03-29,29
2013-03-30,27
2013-03-31,24
2013-04-01,28
2013-04-02,32
2013-04-03,45
2013-04-04,45
2013-04-05,35
2013-04-06,30
2013-04-07,31
2013-04-08,45
2013-04-09,56
2013-04-10,91
2013-04-11,100
2013-04-12,87
2013-04-13,53
2013-04-14,46
2013-04-15,46
2013-04-16,39
2013-04-17,35
2013-04-18,31
2013-04-19,26
2013-04-20,22
2013-04-21,21
2013-04-22,19
2013-04-23,25
2013-04-24,24
2013-04-25,21
2013-04-26,19
2013-04-27,18
2013-04-28,18
2013-04-29,17
2013-04-30,17
2013-05-01,21
2013-05-02,21
2013-05-03,23
2013-05-04,17
2013-05-05,15
2013-05-06,16
2013-05-07,14
2013-05-08,15
2013-05-09,15
2013-05-10,15
2013-05-11,14
2013-05-12,15
2013-05-13,16
2013-05-14,16
2013-05-15,19
2013-05-16,16
2013-05-17,15
2013-05-18,14
2013-05-19,17
2013-05-20,17
2013-05-21,12
2013-05-22,12
2013-05-23,11
2013-05-24,11
2013-05-25,12
2013-05-26,10
2013-05-27,12
2013-05-28,16
2013-05-29,16
2013-05-30,14
2013-05-31,13
2013-06-01,8
2013-06-02,10
2013-06-03,9
2013-06-04,8
2013-06-05,8
2013-06-06,8
2013-06-07,8
2013-06-08,7
2013-06-09,9
2013-06-10,8
2013-06-11,9
2013-06-12,8
2013-06-13,7
2013-06-14,8
2013-06-15,7
2013-06-16,7
2013-06-17,7
2013-06-18,9
2013-06-19,7
2013-06-20,8
2013-06-21,7
2013-06-22,6
2013-06-23,7
2013-06-24,7
2013-06-25,8
2013-06-26,7
2013-06-27,7
2013-06-28,7
2013-06-29,7
2013-06-30,9
2013-07-01,9
2013-07-02,15
2013-07-03,9
2013-07-04,9
2013-07-05,8
2013-07-06,8
2013-07-07,8
2013-07-08,6
2013-07-09,7
2013-07-10,7
2013-07-11,8
2013-07-12,8
2013-07-13,6
2013-07-14,6
2013-07-15,7
2013-07-16,6
2013-07-17,6
2013-07-18,5
2013-07-19,5
2013-07-20,5
2013-07-21,5
2013-07-22,6
2013-07-23,6
2013-07-24,7
2013-07-25,7
2013-07-26,6
2013-07-27,4
2013-07-28,7
2013-07-29,7
2013-07-30,7
2013-07-31,7
2013-08-01,6
2013-08-02,6
2013-08-03,5
2013-08-04,8
2013-08-05,8
2013-08-06,6
2013-08-07,6
2013-08-08,7
2013-08-09,7
2013-08-10,6
2013-08-11,6
2013-08-12,8
2013-08-13,8
2013-08-14,11
2013-08-15,9
2013-08-16,8
2013-08-17,6
2013-08-18,7
2013-08-19,9
2013-08-20,9
2013-08-21,10
2013-08-22,9
2013-08-23,7
2013-08-24,7
2013-08-25,8
2013-08-26,7
2013-08-27,8
2013-08-28,8
2013-08-29,8
2013-08-30,7
2013-08-31,6
2013-09-01,6
2013-09-02,5
2013-09-03,7
2013-09-04,6
2013-09-05,7
2013-09-06,6
2013-09-07,6
2013-09-08,6
2013-09-09,7
2013-09-10,6
2013-09-11,6
2013-09-12,6
2013-09-13,5
2013-09-14,5
2013-09-15,5
2013-09-16,6
2013-09-17,6
2013-09-18,6
2013-09-19,5
2013-09-20,7
2013-09-21,5
2013-09-22,6
2013-09-23,6
2013-09-24,7
2013-09-25,6
2013-09-26,6
2013-09-27,6
2013-09-28,6
2013-09-29,6
2013-09-30,5
2013-10-01,6
2013-10-02,11
2013-10-03,18
2013-10-04,13
2013-10-05,10
2013-10-06,9
2013-10-07,8
2013-10-08,8
2013-10-09,8
2013-10-10,7
2013-10-11,6
2013-10-12,7
2013-10-13,7
2013-10-14,7
2013-10-15,7
2013-10-16,8
2013-10-17,7
2013-10-18,9
2013-10-19,8
2013-10-20,9
2013-10-21,8
2013-10-22,11
2013-10-23,11
2013-10-24,10
2013-10-25,10
2013-10-26,11
2013-10-27,9
2013-10-28,11
2013-10-29,26
2013-10-30,40
2013-10-31,28
2013-11-01,20
2013-11-02,17
2013-11-03,14
2013-11-04,19
2013-11-05,19
2013-11-06,24
2013-11-07,26
2013-11-08,26
2013-11-09,23
2013-11-10,22
2013-11-11,21
2013-11-12,21
2013-11-13,25
2013-11-14,25
2013-11-15,25
2013-11-16,23
2013-11-17,26
2013-11-18,61
2013-11-19,85
2013-11-20,58
2013-11-21,50
2013-11-22,47
2013-11-23,43
2013-11-24,35
2013-11-25,37
2013-11-26,42
2013-11-27,68
2013-11-28,100
2013-11-29,90
2013-11-30,69
2013-12-01,59
2013-12-02,60
2013-12-03,55
2013-12-04,51
2013-12-05,71
2013-12-06,66
2013-12-07,71
2013-12-08,51
2013-12-09,50
2013-12-10,45
2013-12-11,46
2013-12-12,42
2013-12-13,46
2013-12-14,37
2013-12-15,36
2013-12-16,42
2013-12-17,43
2013-12-18,77
2013-12-19,57
2013-12-20,39
2013-12-21,37
2013-12-22,34
2013-12-23,31
2013-12-24,32
2013-12-25,30
2013-12-26,29
2013-12-27,30
2013-12-28,26
2013-12-29,27
2013-12-30,27
2013-12-31,26
2014-01-01,28
2014-01-02,33
2014-01-03,35
2014-01-04,30
2014-01-05,37
2014-01-06,43
2014-01-07,41
2014-01-08,38
2014-01-09,37
2014-01-10,39
2014-01-11,35
2014-01-12,33
2014-01-13,29
2014-01-14,36
2014-01-15,37
2014-01-16,40
2014-01-17,40
2014-01-18,29
2014-01-19,35
2014-01-20,39
2014-01-21,40
2014-01-22,42
2014-01-23,39
2014-01-24,36
2014-01-25,30
2014-01-26,32
2014-01-27,45
2014-01-28,50
2014-01-29,37
2014-01-30,32
2014-01-31,30
2014-02-01,26
2014-02-02,28
2014-02-03,24
2014-02-04,29
2014-02-05,31
2014-02-06,29
2014-02-07,45
2014-02-08,32
2014-02-09,31
2014-02-10,45
2014-02-11,44
2014-02-12,41
2014-02-13,36
2014-02-14,46
2014-02-15,30
2014-02-16,33
2014-02-17,28
2014-02-18,33
2014-02-19,31
2014-02-20,37
2014-02-21,34
2014-02-22,26
2014-02-23,26
2014-02-24,44
2014-02-25,100
2014-02-26,77
2014-02-27,47
2014-02-28,66
2014-03-01,48
2014-03-02,36
2014-03-03,39
2014-03-04,37
2014-03-05,44
2014-03-06,64
2014-03-07,78
2014-03-08,37
2014-03-09,30
2014-03-10,32
2014-03-11,27
2014-03-12,26
2014-03-13,26
2014-03-14,22
2014-03-15,20
2014-03-16,19
2014-03-17,22
2014-03-18,23
2014-03-19,22
2014-03-20,22
2014-03-21,28
2014-03-22,24
2014-03-23,20
2014-03-24,20
2014-03-25,26
2014-03-26,25
2014-03-27,24
2014-03-28,25
2014-03-29,21
2014-03-30,22
2014-03-31,20
2014-04-01,21
2014-04-02,20
2014-04-03,22
2014-04-04,17
2014-04-05,15
2014-04-06,16
2014-04-07,17
2014-04-08,18
2014-04-09,17
2014-04-10,23
2014-04-11,21
2014-04-12,14
2014-04-13,16
2014-04-14,16
2014-04-15,18
2014-04-16,19
2014-04-17,18
2014-04-18,16
2014-04-19,17
2014-04-20,14
2014-04-21,16
2014-04-22,16
2014-04-23,16
2014-04-24,18
2014-04-25,17
2014-04-26,13
2014-04-27,12
2014-04-28,16
2014-04-29,15
2014-04-30,15
2014-05-01,16
2014-05-02,13
2014-05-03,12
2014-05-04,12
2014-05-05,14
2014-05-06,14
2014-05-07,12
2014-05-08,14
2014-05-09,13
2014-05-10,14
2014-05-11,14
2014-05-12,13
2014-05-13,14
2014-05-14,13
2014-05-15,15
2014-05-16,14
2014-05-17,13
2014-05-18,12
2014-05-19,12
2014-05-20,15
2014-05-21,14
2014-05-22,19
2014-05-23,14
2014-05-24,11
2014-05-25,16
2014-05-26,16
2014-05-27,17
2014-05-28,16
2014-05-29,18
2014-05-30,16
2014-05-31,16
2014-06-01,43
2014-06-02,45
2014-06-03,58
2014-06-04,49
2014-06-05,50
2014-06-06,49
2014-06-07,38
2014-06-08,46
2014-06-09,38
2014-06-10,45
2014-06-11,49
2014-06-12,57
2014-06-13,57
2014-06-14,47
2014-06-15,44
2014-06-16,58
2014-06-17,48
2014-06-18,48
2014-06-19,47
2014-06-20,43
2014-06-21,35
2014-06-22,45
2014-06-23,39
2014-06-24,37
2014-06-25,35
2014-06-26,37
2014-06-27,45
2014-06-28,37
2014-06-29,38
2014-06-30,44
2014-07-01,46
2014-07-02,53
2014-07-03,48
2014-07-04,40
2014-07-05,37
2014-07-06,39
2014-07-07,39
2014-07-08,38
2014-07-09,39
2014-07-10,45
2014-07-11,42
2014-07-12,37
2014-07-13,32
2014-07-14,40
2014-07-15,41
2014-07-16,45
2014-07-17,40
2014-07-18,41
2014-07-19,43
2014-07-20,48
2014-07-21,40
2014-07-22,46
2014-07-23,37
2014-07-24,39
2014-07-25,40
2014-07-26,38
2014-07-27,29
2014-07-28,41
2014-07-29,42
2014-07-30,46
2014-07-31,43
2014-08-01,36
2014-08-02,34
2014-08-03,30
2014-08-04,31
2014-08-05,47
2014-08-06,42
2014-08-07,42
2014-08-08,38
2014-08-09,41
2014-08-10,34
2014-08-11,39
2014-08-12,42
2014-08-13,56
2014-08-14,51
2014-08-15,45
2014-08-16,60
2014-08-17,44
2014-08-18,48
2014-08-19,44
2014-08-20,45
2014-08-21,44
2014-08-22,44
2014-08-23,44
2014-08-24,41
2014-08-25,40
2014-08-26,42
2014-08-27,40
2014-08-28,37
2014-08-29,36
2014-08-30,38
2014-08-31,41
2014-09-01,45
2014-09-02,42
2014-09-03,42
2014-09-04,45
2014-09-05,43
2014-09-06,34
2014-09-07,44
2014-09-08,42
2014-09-09,47
2014-09-10,57
2014-09-11,60
2014-09-12,47
2014-09-13,31
2014-09-14,43
2014-09-15,40
2014-09-16,44
2014-09-17,42
2014-09-18,45
2014-09-19,44
2014-09-20,35
2014-09-21,39
2014-09-22,38
2014-09-23,49
2014-09-24,46
2014-09-25,46
2014-09-26,42
2014-09-27,38
2014-09-28,39
2014-09-29,42
2014-09-30,43
2014-10-01,47
2014-10-02,39
2014-10-03,45
2014-10-04,41
2014-10-05,53
2014-10-06,59
2014-10-07,53
2014-10-08,41
2014-10-09,44
2014-10-10,39
2014-10-11,42
2014-10-12,38
2014-10-13,36
2014-10-14,50
2014-10-15,53
2014-10-16,40
2014-10-17,39
2014-10-18,32
2014-10-19,38
2014-10-20,32
2014-10-21,33
2014-10-22,35
2014-10-23,44
2014-10-24,39
2014-10-25,33
2014-10-26,36
2014-10-27,32
2014-10-28,42
2014-10-29,39
2014-10-30,32
2014-10-31,32
2014-11-01,32
2014-11-02,32
2014-11-03,33
2014-11-04,38
2014-11-05,37
2014-11-06,50
2014-11-07,40
2014-11-08,37
2014-11-09,45
2014-11-10,38
2014-11-11,36
2014-11-12,42
2014-11-13,53
2014-11-14,42
2014-11-15,38
2014-11-16,45
2014-11-17,35
2014-11-18,45
2014-11-19,40
2014-11-20,40
2014-11-21,38
2014-11-22,36
2014-11-23,34
2014-11-24,39
2014-11-25,35
2014-11-26,40
2014-11-27,36
2014-11-28,31
2014-11-29,29
2014-11-30,37
2014-12-01,34
2014-12-02,42
2014-12-03,45
2014-12-04,41
2014-12-05,33
2014-12-06,33
2014-12-07,43
2014-12-08,43
2014-12-09,40
2014-12-10,33
2014-12-11,55
2014-12-12,48
2014-12-13,40
2014-12-14,37
2014-12-15,35
2014-12-16,44
2014-12-17,45
2014-12-18,45
2014-12-19,42
2014-12-20,36
2014-12-21,41
2014-12-22,33
2014-12-23,36
2014-12-24,34
2014-12-25,42
2014-12-26,42
2014-12-27,100
2014-12-28,37
2014-12-29,38
2014-12-30,39
2014-12-31,37
2015-01-01,41
2015-01-02,54
2015-01-03,53
2015-01-04,73
2015-01-05,73
2015-01-06,67
2015-01-07,55
2015-01-08,59
2015-01-09,60
2015-01-10,54
2015-01-11,48
2015-01-12,55
2015-01-13,70
2015-01-14,100
2015-01-15,85
2015-01-16,72
2015-01-17,64
2015-01-18,56
2015-01-19,46
2015-01-20,54
2015-01-21,54
2015-01-22,56
2015-01-23,59
2015-01-24,51
2015-01-25,53
2015-01-26,85
2015-01-27,64
2015-01-28,54
2015-01-29,59
2015-01-30,55
2015-01-31,47
2015-02-01,51
2015-02-02,52
2015-02-03,49
2015-02-04,50
2015-02-05,61
2015-02-06,54
2015-02-07,64
2015-02-08,54
2015-02-09,56
2015-02-10,61
2015-02-11,52
2015-02-12,55
2015-02-13,50
2015-02-14,49
2015-02-15,56
2015-02-16,54
2015-02-17,51
2015-02-18,53
2015-02-19,59
2015-02-20,88
2015-02-21,56
2015-02-22,55
2015-02-23,49
2015-02-24,48
2015-02-25,41
2015-02-26,46
2015-02-27,51
2015-02-28,53
2015-03-01,50
2015-03-02,56
2015-03-03,53
2015-03-04,52
2015-03-05,52
2015-03-06,74
2015-03-07,60
2015-03-08,57
2015-03-09,56
2015-03-10,59
2015-03-11,57
2015-03-12,61
2015-03-13,52
2015-03-14,48
2015-03-15,48
2015-03-16,58
2015-03-17,52
2015-03-18,48
2015-03-19,50
2015-03-20,47
2015-03-21,45
2015-03-22,45
2015-03-23,52
2015-03-24,53
2015-03-25,44
2015-03-26,50
2015-03-27,45
2015-03-28,51
2015-03-29,52
2015-03-30,57
2015-03-31,50
2015-04-01,55
2015-04-02,56
2015-04-03,48
2015-04-04,49
2015-04-05,49
2015-04-06,46
2015-04-07,50
2015-04-08,52
2015-04-09,53
2015-04-10,53
2015-04-11,42
2015-04-12,55
2015-04-13,46
2015-04-14,55
2015-04-15,42
2015-04-16,45
2015-04-17,49
2015-04-18,42
2015-04-19,38
2015-04-20,44
2015-04-21,49
2015-04-22,45
2015-04-23,53
2015-04-24,51
2015-04-25,48
2015-04-26,47
2015-04-27,45
2015-04-28,41
2015-04-29,47
2015-04-30,55
2015-05-01,45
2015-05-02,35
2015-05-03,40
2015-05-04,48
2015-05-05,41
2015-05-06,38
2015-05-07,48
2015-05-08,44
2015-05-09,35
2015-05-10,44
2015-05-11,41
2015-05-12,37
2015-05-13,42
2015-05-14,55
2015-05-15,46
2015-05-16,39
2015-05-17,53
2015-05-18,39
2015-05-19,57
2015-05-20,50
2015-05-21,45
2015-05-22,39
2015-05-23,48
2015-05-24,41
2015-05-25,39
2015-05-26,48
2015-05-27,44
2015-05-28,47
2015-05-29,50
2015-05-30,58
2015-05-31,51
2015-06-01,26
2015-06-02,25
2015-06-03,26
2015-06-04,23
2015-06-05,23
2015-06-06,27
2015-06-07,27
2015-06-08,24
2015-06-09,31
2015-06-10,25
2015-06-11,22
2015-06-12,25
2015-06-13,25
2015-06-14,26
2015-06-15,25
2015-06-16,27
2015-06-17,29
2015-06-18,55
2015-06-19,31
2015-06-20,31
2015-06-21,29
2015-06-22,32
2015-06-23,28
2015-06-24,27
2015-06-25,31
2015-06-26,26
2015-06-27,27
2015-06-28,26
2015-06-29,31
2015-06-30,47
2015-07-01,38
2015-07-02,28
2015-07-03,29
2015-07-04,32
2015-07-05,34
2015-07-06,34
2015-07-07,32
2015-07-08,38
2015-07-09,37
2015-07-10,35
2015-07-11,39
2015-07-12,46
2015-07-13,35
2015-07-14,33
2015-07-15,28
2015-07-16,30
2015-07-17,29
2015-07-18,30
2015-07-19,29
2015-07-20,31
2015-07-21,31
2015-07-22,30
2015-07-23,30
2015-07-24,29
2015-07-25,29
2015-07-26,28
2015-07-27,36
2015-07-28,29
2015-07-29,33
2015-07-30,29
2015-07-31,27
2015-08-01,51
2015-08-02,41
2015-08-03,28
2015-08-04,36
2015-08-05,29
2015-08-06,29
2015-08-07,31
2015-08-08,27
2015-08-09,28
2015-08-10,30
2015-08-11,27
2015-08-12,31
2015-08-13,26
2015-08-14,27
2015-08-15,30
2015-08-16,26
2015-08-17,31
2015-08-18,37
2015-08-19,39
2015-08-20,39
2015-08-21,33
2015-08-22,31
2015-08-23,31
2015-08-24,41
2015-08-25,37
2015-08-26,34
2015-08-27,32
2015-08-28,35
2015-08-29,28
2015-08-30,29
2015-08-31,29
2015-09-01,30
2015-09-02,28
2015-09-03,28
2015-09-04,28
2015-09-05,27
2015-09-06,28
2015-09-07,30
2015-09-08,30
2015-09-09,30
2015-09-10,26
2015-09-11,24
2015-09-12,25
2015-09-13,25
2015-09-14,25
2015-09-15,30
2015-09-16,28
2015-09-17,29
2015-09-18,35
2015-09-19,31
2015-09-20,27
2015-09-21,30
2015-09-22,30
2015-09-23,31
2015-09-24,29
2015-09-25,32
2015-09-26,29
2015-09-27,26
2015-09-28,29
2015-09-29,30
2015-09-30,32
2015-10-01,23
2015-10-02,23
2015-10-03,25
2015-10-04,27
2015-10-05,30
2015-10-06,30
2015-10-07,29
2015-10-08,27
2015-10-09,33
2015-10-10,25
2015-10-11,27
2015-10-12,29
2015-10-13,24
2015-10-14,31
2015-10-15,25
2015-10-16,27
2015-10-17,28
2015-10-18,30
2015-10-19,29
2015-10-20,31
2015-10-21,28
2015-10-22,34
2015-10-23,31
2015-10-24,28
2015-10-25,31
2015-10-26,33
2015-10-27,33
2015-10-28,34
2015-10-29,39
2015-10-30,40
2015-10-31,38
2015-11-01,39
2015-11-02,44
2015-11-03,62
2015-11-04,93
2015-11-05,78
2015-11-06,54
2015-11-07,47
2015-11-08,40
2015-11-09,48
2015-11-10,42
2015-11-11,48
2015-11-12,39
2015-11-13,37
2015-11-14,33
2015-11-15,33
2015-11-16,37
2015-11-17,33
2015-11-18,35
2015-11-19,36
2015-11-20,38
2015-11-21,34
2015-11-22,36
2015-11-23,38
2015-11-24,37
2015-11-25,33
2015-11-26,42
2015-11-27,39
2015-11-28,30
2015-11-29,34
2015-11-30,36
2015-12-01,36
2015-12-02,37
2015-12-03,37
2015-12-04,32
2015-12-05,31
2015-12-06,38
2015-12-07,36
2015-12-08,47
2015-12-09,100
2015-12-10,61
2015-12-11,50
2015-12-12,49
2015-12-13,45
2015-12-14,43
2015-12-15,47
2015-12-16,45
2015-12-17,39
2015-12-18,43
2015-12-19,42
2015-12-20,39
2015-12-21,37
2015-12-22,35
2015-12-23,40
2015-12-24,37
2015-12-25,39
2015-12-26,36
2015-12-27,39
2015-12-28,37
2015-12-29,34
2015-12-30,33
2015-12-31,35
2016-01-01,28
2016-01-02,30
2016-01-03,33
2016-01-04,31
2016-01-05,30
2016-01-06,32
2016-01-07,35
2016-01-08,36
2016-01-09,31
2016-01-10,35
2016-01-11,35
2016-01-12,31
2016-01-13,39
2016-01-14,34
2016-01-15,47
2016-01-16,51
2016-01-17,39
2016-01-18,45
2016-01-19,40
2016-01-20,40
2016-01-21,39
2016-01-22,33
2016-01-23,37
2016-01-24,34
2016-01-25,31
2016-01-26,35
2016-01-27,35
2016-01-28,31
2016-01-29,35
2016-01-30,31
2016-01-31,27
2016-02-01,27
2016-02-02,30
2016-02-03,29
2016-02-04,33
2016-02-05,26
2016-02-06,29
2016-02-07,27
2016-02-08,27
2016-02-09,32
2016-02-10,32
2016-02-11,32
2016-02-12,36
2016-02-13,30
2016-02-14,28
2016-02-15,31
2016-02-16,35
2016-02-17,37
2016-02-18,41
2016-02-19,37
2016-02-20,33
2016-02-21,34
2016-02-22,35
2016-02-23,31
2016-02-24,28
2016-02-25,35
2016-02-26,30
2016-02-27,30
2016-02-28,31
2016-02-29,29
2016-03-01,41
2016-03-02,30
2016-03-03,36
2016-03-04,33
2016-03-05,30
2016-03-06,33
2016-03-07,29
2016-03-08,32
2016-03-09,30
2016-03-10,27
2016-03-11,31
2016-03-12,29
2016-03-13,27
2016-03-14,32
2016-03-15,31
2016-03-16,30
2016-03-17,31
2016-03-18,30
2016-03-19,29
2016-03-20,23
2016-03-21,33
2016-03-22,29
2016-03-23,29
2016-03-24,30
2016-03-25,27
2016-03-26,27
2016-03-27,28
2016-03-28,34
2016-03-29,29
2016-03-30,35
2016-03-31,30
2016-04-01,28
2016-04-02,26
2016-04-03,28
2016-04-04,26
2016-04-05,31
2016-04-06,33
2016-04-07,25
2016-04-08,29
2016-04-09,32
2016-04-10,29
2016-04-11,29
2016-04-12,32
2016-04-13,29
2016-04-14,31
2016-04-15,29
2016-04-16,29
2016-04-17,27
2016-04-18,27
2016-04-19,29
2016-04-20,32
2016-04-21,31
2016-04-22,36
2016-04-23,30
2016-04-24,35
2016-04-25,38
2016-04-26,36
2016-04-27,36
2016-04-28,35
2016-04-29,32
2016-04-30,34
2016-05-01,28
2016-05-02,100
2016-05-03,62
2016-05-04,43
2016-05-05,41
2016-05-06,39
2016-05-07,36
2016-05-08,33
2016-05-09,38
2016-05-10,40
2016-05-11,35
2016-05-12,34
2016-05-13,34
2016-05-14,29
2016-05-15,33
2016-05-16,33
2016-05-17,33
2016-05-18,32
2016-05-19,36
2016-05-20,33
2016-05-21,31
2016-05-22,25
2016-05-23,33
2016-05-24,33
2016-05-25,38
2016-05-26,31
2016-05-27,36
2016-05-28,42
2016-05-29,44
2016-05-30,49
2016-05-31,48
2016-06-01,47
2016-06-02,49
2016-06-03,52
2016-06-04,53
2016-06-05,49
2016-06-06,54
2016-06-07,56
2016-06-08,52
2016-06-09,47
2016-06-10,51
2016-06-11,42
2016-06-12,73
2016-06-13,82
2016-06-14,68
2016-06-15,62
2016-06-16,79
2016-06-17,75
2016-06-18,64
2016-06-19,65
2016-06-20,66
2016-06-21,75
2016-06-22,63
2016-06-23,74
2016-06-24,96
2016-06-25,73
2016-06-26,60
2016-06-27,63
2016-06-28,52
2016-06-29,56
2016-06-30,57
2016-07-01,60
2016-07-02,53
2016-07-03,52
2016-07-04,51
2016-07-05,56
2016-07-06,53
2016-07-07,48
2016-07-08,49
2016-07-09,67
2016-07-10,60
2016-07-11,48
2016-07-12,54
2016-07-13,52
2016-07-14,45
2016-07-15,37
2016-07-16,42
2016-07-17,40
2016-07-18,47
2016-07-19,50
2016-07-20,46
2016-07-21,42
2016-07-22,42
2016-07-23,39
2016-07-24,44
2016-07-25,45
2016-07-26,46
2016-07-27,48
2016-07-28,41
2016-07-29,44
2016-07-30,43
2016-07-31,43
2016-08-01,48
2016-08-02,60
2016-08-03,100
2016-08-04,62
2016-08-05,53
2016-08-06,37
2016-08-07,52
2016-08-08,45
2016-08-09,45
2016-08-10,39
2016-08-11,41
2016-08-12,47
2016-08-13,41
2016-08-14,40
2016-08-15,45
2016-08-16,41
2016-08-17,40
2016-08-18,43
2016-08-19,42
2016-08-20,34
2016-08-21,40
2016-08-22,43
2016-08-23,39
2016-08-24,41
2016-08-25,40
2016-08-26,43
2016-08-27,42
2016-08-28,40
2016-08-29,38
2016-08-30,42
2016-08-31,39
2016-09-01,41
2016-09-02,40
2016-09-03,41
2016-09-04,41
2016-09-05,44
2016-09-06,40
2016-09-07,41
2016-09-08,53
2016-09-09,37
2016-09-10,48
2016-09-11,44
2016-09-12,41
2016-09-13,48
2016-09-14,38
2016-09-15,45
2016-09-16,42
2016-09-17,44
2016-09-18,39
2016-09-19,44
2016-09-20,43
2016-09-21,49
2016-09-22,41
2016-09-23,42
2016-09-24,37
2016-09-25,39
2016-09-26,41
2016-09-27,33
2016-09-28,37
2016-09-29,41
2016-09-30,44
2016-10-01,42
2016-10-02,38
2016-10-03,42
2016-10-04,44
2016-10-05,43
2016-10-06,40
2016-10-07,41
2016-10-08,50
2016-10-09,43
2016-10-10,40
2016-10-11,51
2016-10-12,53
2016-10-13,46
2016-10-14,40
2016-10-15,46
2016-10-16,43
2016-10-17,48
2016-10-18,47
2016-10-19,39
2016-10-20,47
2016-10-21,38
2016-10-22,41
2016-10-23,49
2016-10-24,47
2016-10-25,47
2016-10-26,53
2016-10-27,53
2016-10-28,57
2016-10-29,62
2016-10-30,54
2016-10-31,56
2016-11-01,54
2016-11-02,49
2016-11-03,59
2016-11-04,52
2016-11-05,52
2016-11-06,50
2016-11-07,53
2016-11-08,52
2016-11-09,73
2016-11-10,54
2016-11-11,51
2016-11-12,54
2016-11-13,55
2016-11-14,55
2016-11-15,53
2016-11-16,56
2016-11-17,60
2016-11-18,52
2016-11-19,51
2016-11-20,55
2016-11-21,51
2016-11-22,57
2016-11-23,61
2016-11-24,54
2016-11-25,53
2016-11-26,48
2016-11-27,52
2016-11-28,56
2016-11-29,61
2016-11-30,55
2016-12-01,58
2016-12-02,59
2016-12-03,58
2016-12-04,58
2016-12-05,56
2016-12-06,61
2016-12-07,59
2016-12-08,60
2016-12-09,55
2016-12-10,43
2016-12-11,51
2016-12-12,54
2016-12-13,54
2016-12-14,49
2016-12-15,51
2016-12-16,50
2016-12-17,53
2016-12-18,51
2016-12-19,49
2016-12-20,60
2016-12-21,70
2016-12-22,74
2016-12-23,88
2016-12-24,85
2016-12-25,66
2016-12-26,69
2016-12-27,79
2016-12-28,94
2016-12-29,86
2016-12-30,82
2016-12-31,57
2017-01-01,15
2017-01-02,28
2017-01-03,26
2017-01-04,30
2017-01-05,36
2017-01-06,30
2017-01-07,25
2017-01-08,23
2017-01-09,22
2017-01-10,20
2017-01-11,23
2017-01-12,23
2017-01-13,19
2017-01-14,18
2017-01-15,16
2017-01-16,16
2017-01-17,18
2017-01-18,18
2017-01-19,17
2017-01-20,16
2017-01-21,14
2017-01-22,14
2017-01-23,16
2017-01-24,17
2017-01-25,17
2017-01-26,15
2017-01-27,14
2017-01-28,14
2017-01-29,13
2017-01-30,14
2017-01-31,16
2017-02-01,16
2017-02-02,18
2017-02-03,17
2017-02-04,14
2017-02-05,17
2017-02-06,17
2017-02-07,18
2017-02-08,18
2017-02-09,20
2017-02-10,18
2017-02-11,18
2017-02-12,15
2017-02-13,14
2017-02-14,14
2017-02-15,15
2017-02-16,15
2017-02-17,18
2017-02-18,17
2017-02-19,14
2017-02-20,16
2017-02-21,20
2017-02-22,19
2017-02-23,20
2017-02-24,25
2017-02-25,20
2017-02-26,16
2017-02-27,18
2017-02-28,19
2017-03-01,21
2017-03-02,24
2017-03-03,33
2017-03-04,26
2017-03-05,22
2017-03-06,24
2017-03-07,24
2017-03-08,27
2017-03-09,24
2017-03-10,33
2017-03-11,26
2017-03-12,22
2017-03-13,22
2017-03-14,21
2017-03-15,20
2017-03-16,20
2017-03-17,22
2017-03-18,25
2017-03-19,21
2017-03-20,21
2017-03-21,21
2017-03-22,21
2017-03-23,19
2017-03-24,21
2017-03-25,22
2017-03-26,18
2017-03-27,18
2017-03-28,18
2017-03-29,20
2017-03-30,17
2017-03-31,18
2017-04-01,18
2017-04-02,16
2017-04-03,19
2017-04-04,19
2017-04-05,17
2017-04-06,18
2017-04-07,18
2017-04-08,18
2017-04-09,18
2017-04-10,18
2017-04-11,19
2017-04-12,19
2017-04-13,19
2017-04-14,17
2017-04-15,16
2017-04-16,17
2017-04-17,18
2017-04-18,21
2017-04-19,18
2017-04-20,17
2017-04-21,18
2017-04-22,18
2017-04-23,16
2017-04-24,17
2017-04-25,18
2017-04-26,21
2017-04-27,21
2017-04-28,21
2017-04-29,18
2017-04-30,17
2017-05-01,24
2017-05-02,25
2017-05-03,27
2017-05-04,33
2017-05-05,30
2017-05-06,26
2017-05-07,25
2017-05-08,29
2017-05-09,37
2017-05-10,36
2017-05-11,36
2017-05-12,45
2017-05-13,47
2017-05-14,38
2017-05-15,54
2017-05-16,50
2017-05-17,42
2017-05-18,36
2017-05-19,44
2017-05-20,41
2017-05-21,40
2017-05-22,65
2017-05-23,69
2017-05-24,79
2017-05-25,100
2017-05-26,78
2017-05-27,66
2017-05-28,51
2017-05-29,49
2017-05-30,51
2017-05-31,48
2017-06-01,7
2017-06-02,7
2017-06-03,6
2017-06-04,6
2017-06-05,7
2017-06-06,9
2017-06-07,8
2017-06-08,7
2017-06-09,7
2017-06-10,7
2017-06-11,7
2017-06-12,9
2017-06-13,8
2017-06-14,7
2017-06-15,10
2017-06-16,7
2017-06-17,6
2017-06-18,6
2017-06-19,6
2017-06-20,7
2017-06-21,7
2017-06-22,7
2017-06-23,6
2017-06-24,6
2017-06-25,6
2017-06-26,7
2017-06-27,8
2017-06-28,8
2017-06-29,7
2017-06-30,5
2017-07-01,5
2017-07-02,6
2017-07-03,5
2017-07-04,5
2017-07-05,6
2017-07-06,6
2017-07-07,6
2017-07-08,5
2017-07-09,5
2017-07-10,6
2017-07-11,7
2017-07-12,7
2017-07-13,6
2017-07-14,6
2017-07-15,7
2017-07-16,8
2017-07-17,7
2017-07-18,7
2017-07-19,7
2017-07-20,8
2017-07-21,7
2017-07-22,6
2017-07-23,6
2017-07-24,7
2017-07-25,7
2017-07-26,7
2017-07-27,6
2017-07-28,7
2017-07-29,5
2017-07-30,6
2017-07-31,7
2017-08-01,12
2017-08-02,12
2017-08-03,8
2017-08-04,7
2017-08-05,10
2017-08-06,7
2017-08-07,9
2017-08-08,9
2017-08-09,8
2017-08-10,8
2017-08-11,9
2017-08-12,10
2017-08-13,12
2017-08-14,13
2017-08-15,13
2017-08-16,12
2017-08-17,11
2017-08-18,12
2017-08-19,10
2017-08-20,10
2017-08-21,10
2017-08-22,11
2017-08-23,10
2017-08-24,9
2017-08-25,10
2017-08-26,8
2017-08-27,8
2017-08-28,9
2017-08-29,10
2017-08-30,11
2017-08-31,11
2017-09-01,12
2017-09-02,12
2017-09-03,10
2017-09-04,13
2017-09-05,13
2017-09-06,11
2017-09-07,10
2017-09-08,11
2017-09-09,9
2017-09-10,9
2017-09-11,10
2017-09-12,10
2017-09-13,13
2017-09-14,16
2017-09-15,18
2017-09-16,12
2017-09-17,10
2017-09-18,11
2017-09-19,10
2017-09-20,9
2017-09-21,9
2017-09-22,8
2017-09-23,7
2017-09-24,7
2017-09-25,8
2017-09-26,8
2017-09-27,8
2017-09-28,8
2017-09-29,8
2017-09-30,7
2017-10-01,7
2017-10-02,8
2017-10-03,8
2017-10-04,7
2017-10-05,8
2017-10-06,8
2017-10-07,7
2017-10-08,8
2017-10-09,9
2017-10-10,9
2017-10-11,9
2017-10-12,15
2017-10-13,18
2017-10-14,12
2017-10-15,12
2017-10-16,12
2017-10-17,11
2017-10-18,12
2017-10-19,11
2017-10-20,13
2017-10-21,15
2017-10-22,12
2017-10-23,14
2017-10-24,14
2017-10-25,13
2017-10-26,12
2017-10-27,11
2017-10-28,9
2017-10-29,11
2017-10-30,12
2017-10-31,14
2017-11-01,18
2017-11-02,23
2017-11-03,21
2017-11-04,17
2017-11-05,15
2017-11-06,17
2017-11-07,16
2017-11-08,18
2017-11-09,16
2017-11-10,19
2017-11-11,20
2017-11-12,24
2017-11-13,22
2017-11-14,17
2017-11-15,17
2017-11-16,18
2017-11-17,20
2017-11-18,15
2017-11-19,14
2017-11-20,18
2017-11-21,20
2017-11-22,17
2017-11-23,16
2017-11-24,16
2017-11-25,17
2017-11-26,23
2017-11-27,33
2017-11-28,38
2017-11-29,60
2017-11-30,50
2017-12-01,37
2017-12-02,29
2017-12-03,29
2017-12-04,35
2017-12-05,35
2017-12-06,46
2017-12-07,93
2017-12-08,82
2017-12-09,57
2017-12-10,52
2017-12-11,63
2017-12-12,58
2017-12-13,52
2017-12-14,45
2017-12-15,42
2017-12-16,42
2017-12-17,46
2017-12-18,47
2017-12-19,49
2017-12-20,66
2017-12-21,50
2017-12-22,100
2017-12-23,61
2017-12-24,48
2017-12-25,40
2017-12-26,39
2017-12-27,37
2017-12-28,38
2017-12-29,32
2017-12-30,32
2017-12-31,28
2018-01-01,46
2018-01-02,54
2018-01-03,56
2018-01-04,53
2018-01-05,51
2018-01-06,45
2018-01-07,46
2018-01-08,52
2018-01-09,48
2018-01-10,50
2018-01-11,58
2018-01-12,48
2018-01-13,40
2018-01-14,37
2018-01-15,39
2018-01-16,76
2018-01-17,100
2018-01-18,68
2018-01-19,51
2018-01-20,43
2018-01-21,40
2018-01-22,45
2018-01-23,45
2018-01-24,41
2018-01-25,39
2018-01-26,39
2018-01-27,32
2018-01-28,31
2018-01-29,32
2018-01-30,35
2018-01-31,39
2018-02-01,51
2018-02-02,66
2018-02-03,42
2018-02-04,38
2018-02-05,65
2018-02-06,80
2018-02-07,51
2018-02-08,43
2018-02-09,38
2018-02-10,31
2018-02-11,27
2018-02-12,31
2018-02-13,29
2018-02-14,30
2018-02-15,30
2018-02-16,30
2018-02-17,26
2018-02-18,28
2018-02-19,25
2018-02-20,28
2018-02-21,28
2018-02-22,27
2018-02-23,23
2018-02-24,20
2018-02-25,19
2018-02-26,22
2018-02-27,23
2018-02-28,21
2018-03-01,20
2018-03-02,20
2018-03-03,19
2018-03-04,17
2018-03-05,20
2018-03-06,20
2018-03-07,22
2018-03-08,22
2018-03-09,25
2018-03-10,19
2018-03-11,18
2018-03-12,20
2018-03-13,19
2018-03-14,23
2018-03-15,25
2018-03-16,21
2018-03-17,18
2018-03-18,23
2018-03-19,22
2018-03-20,20
2018-03-21,18
2018-03-22,19
2018-03-23,18
2018-03-24,16
2018-03-25,16
2018-03-26,21
2018-03-27,19
2018-03-28,17
2018-03-29,22
2018-03-30,23
2018-03-31,16
2018-04-01,18
2018-04-02,20
2018-04-03,18
2018-04-04,18
2018-04-05,18
2018-04-06,19
2018-04-07,15
2018-04-08,15
2018-04-09,17
2018-04-10,17
2018-04-11,16
2018-04-12,19
2018-04-13,19
2018-04-14,15
2018-04-15,15
2018-04-16,15
2018-04-17,15
2018-04-18,15
2018-04-19,16
2018-04-20,17
2018-04-21,14
2018-04-22,14
2018-04-23,16
2018-04-24,18
2018-04-25,17
2018-04-26,14
2018-04-27,14
2018-04-28,13
2018-04-29,13
2018-04-30,14
2018-05-01,13
2018-05-02,13
2018-05-03,14
2018-05-04,13
2018-05-05,13
2018-05-06,13
2018-05-07,14
2018-05-08,14
2018-05-09,13
2018-05-10,13
2018-05-11,15
2018-05-12,13
2018-05-13,11
2018-05-14,13
2018-05-15,12
2018-05-16,12
2018-05-17,12
2018-05-18,12
2018-05-19,10
2018-05-20,10
2018-05-21,11
2018-05-22,12
2018-05-23,15
2018-05-24,14
2018-05-25,12
2018-05-26,11
2018-05-27,11
2018-05-28,11
2018-05-29,13
2018-05-30,11
2018-05-31,11
2018-06-01,46
2018-06-02,44
2018-06-03,47
2018-06-04,45
2018-06-05,47
2018-06-06,46
2018-06-07,45
2018-06-08,46
2018-06-09,41
2018-06-10,55
2018-06-11,74
2018-06-12,61
2018-06-13,69
2018-06-14,59
2018-06-15,49
2018-06-16,45
2018-06-17,43
2018-06-18,48
2018-06-19,50
2018-06-20,49
2018-06-21,45
2018-06-22,56
2018-06-23,49
2018-06-24,55
2018-06-25,53
2018-06-26,48
2018-06-27,47
2018-06-28,48
2018-06-29,63
2018-06-30,52
2018-07-01,43
2018-07-02,54
2018-07-03,46
2018-07-04,47
2018-07-05,48
2018-07-06,43
2018-07-07,37
2018-07-08,41
2018-07-09,46
2018-07-10,49
2018-07-11,42
2018-07-12,47
2018-07-13,44
2018-07-14,39
2018-07-15,41
2018-07-16,45
2018-07-17,61
2018-07-18,69
2018-07-19,58
2018-07-20,52
2018-07-21,47
2018-07-22,44
2018-07-23,56
2018-07-24,73
2018-07-25,66
2018-07-26,59
2018-07-27,57
2018-07-28,49
2018-07-29,46
2018-07-30,52
2018-07-31,55
2018-08-01,50
2018-08-02,50
2018-08-03,52
2018-08-04,48
2018-08-05,46
2018-08-06,49
2018-08-07,51
2018-08-08,64
2018-08-09,57
2018-08-10,52
2018-08-11,54
2018-08-12,48
2018-08-13,52
2018-08-14,65
2018-08-15,60
2018-08-16,48
2018-08-17,47
2018-08-18,42
2018-08-19,43
2018-08-20,48
2018-08-21,50
2018-08-22,53
2018-08-23,50
2018-08-24,46
2018-08-25,42
2018-08-26,39
2018-08-27,45
2018-08-28,55
2018-08-29,51
2018-08-30,52
2018-08-31,44
2018-09-01,40
2018-09-02,45
2018-09-03,45
2018-09-04,49
2018-09-05,59
2018-09-06,64
2018-09-07,54
2018-09-08,48
2018-09-09,44
2018-09-10,46
2018-09-11,47
2018-09-12,51
2018-09-13,50
2018-09-14,49
2018-09-15,40
2018-09-16,39
2018-09-17,42
2018-09-18,42
2018-09-19,46
2018-09-20,43
2018-09-21,46
2018-09-22,41
2018-09-23,38
2018-09-24,41
2018-09-25,43
2018-09-26,42
2018-09-27,42
2018-09-28,42
2018-09-29,34
2018-09-30,35
2018-10-01,40
2018-10-02,40
2018-10-03,37
2018-10-04,38
2018-10-05,39
2018-10-06,34
2018-10-07,32
2018-10-08,37
2018-10-09,39
2018-10-10,41
2018-10-11,53
2018-10-12,44
2018-10-13,37
2018-10-14,35
2018-10-15,47
2018-10-16,42
2018-10-17,39
2018-10-18,37
2018-10-19,37
2018-10-20,33
2018-10-21,33
2018-10-22,38
2018-10-23,40
2018-10-24,40
2018-10-25,39
2018-10-26,37
2018-10-27,34
2018-10-28,30
2018-10-29,40
2018-10-30,37
2018-10-31,40
2018-11-01,40
2018-11-02,35
2018-11-03,31
2018-11-04,36
2018-11-05,42
2018-11-06,40
2018-11-07,40
2018-11-08,39
2018-11-09,36
2018-11-10,32
2018-11-11,32
2018-11-12,37
2018-11-13,39
2018-11-14,61
2018-11-15,70
2018-11-16,53
2018-11-17,41
2018-11-18,39
2018-11-19,68
2018-11-20,100
2018-11-21,75
2018-11-22,56
2018-11-23,59
2018-11-24,52
2018-11-25,83
2018-11-26,81
2018-11-27,74
2018-11-28,69
2018-11-29,59
2018-11-30,58
2018-12-01,47
2018-12-02,42
2018-12-03,52
2018-12-04,51
2018-12-05,51
2018-12-06,58
2018-12-07,70
2018-12-08,54
2018-12-09,48
2018-12-10,54
2018-12-11,52
2018-12-12,49
2018-12-13,51
2018-12-14,55
2018-12-15,48
2018-12-16,46
2018-12-17,55
2018-12-18,54
2018-12-19,60
2018-12-20,60
2018-12-21,59
2018-12-22,47
2018-12-23,43
2018-12-24,52
2018-12-25,49
2018-12-26,47
2018-12-27,49
2018-12-28,50
2018-12-29,44
2018-12-30,40
2018-12-31,37
2019-01-01,33
2019-01-02,39
2019-01-03,39
2019-01-04,41
2019-01-05,31
2019-01-06,34
2019-01-07,36
2019-01-08,35
2019-01-09,37
2019-01-10,42
2019-01-11,39
2019-01-12,33
2019-01-13,32
2019-01-14,35
2019-01-15,35
2019-01-16,34
2019-01-17,32
2019-01-18,31
2019-01-19,29
2019-01-20,27
2019-01-21,32
2019-01-22,31
2019-01-23,30
2019-01-24,32
2019-01-25,29
2019-01-26,27
2019-01-27,25
2019-01-28,33
2019-01-29,31
2019-01-30,31
2019-01-31,30
2019-02-01,29
2019-02-02,27
2019-02-03,26
2019-02-04,34
2019-02-05,35
2019-02-06,33
2019-02-07,34
2019-02-08,35
2019-02-09,32
2019-02-10,29
2019-02-11,30
2019-02-12,32
2019-02-13,32
2019-02-14,29
2019-02-15,29
2019-02-16,27
2019-02-17,25
2019-02-18,37
2019-02-19,40
2019-02-20,34
2019-02-21,33
2019-02-22,30
2019-02-23,34
2019-02-24,41
2019-02-25,35
2019-02-26,33
2019-02-27,31
2019-02-28,30
2019-03-01,29
2019-03-02,26
2019-03-03,28
2019-03-04,29
2019-03-05,30
2019-03-06,32
2019-03-07,28
2019-03-08,28
2019-03-09,28
2019-03-10,26
2019-03-11,30
2019-03-12,27
2019-03-13,28
2019-03-14,27
2019-03-15,28
2019-03-16,29
2019-03-17,25
2019-03-18,31
2019-03-19,30
2019-03-20,31
2019-03-21,33
2019-03-22,30
2019-03-23,29
2019-03-24,25
2019-03-25,26
2019-03-26,28
2019-03-27,32
2019-03-28,31
2019-03-29,29
2019-03-30,27
2019-03-31,24
2019-04-01,29
2019-04-02,71
2019-04-03,74
2019-04-04,52
2019-04-05,46
2019-04-06,37
2019-04-07,38
2019-04-08,46
2019-04-09,43
2019-04-10,40
2019-04-11,44
2019-04-12,38
2019-04-13,34
2019-04-14,28
2019-04-15,36
2019-04-16,40
2019-04-17,39
2019-04-18,35
2019-04-19,34
2019-04-20,35
2019-04-21,32
2019-04-22,35
2019-04-23,46
2019-04-24,43
2019-04-25,38
2019-04-26,41
2019-04-27,33
2019-04-28,30
2019-04-29,33
2019-04-30,34
2019-05-01,34
2019-05-02,35
2019-05-03,45
2019-05-04,37
2019-05-05,40
2019-05-06,38
2019-05-07,45
2019-05-08,45
2019-05-09,49
2019-05-10,54
2019-05-11,71
2019-05-12,71
2019-05-13,85
2019-05-14,100
2019-05-15,79
2019-05-16,75
2019-05-17,76
2019-05-18,53
2019-05-19,61
2019-05-20,62
2019-05-21,60
2019-05-22,55
2019-05-23,54
2019-05-24,49
2019-05-25,47
2019-05-26,46
2019-05-27,69
2019-05-28,62
2019-05-29,59
2019-05-30,64
2019-05-31,58
2019-06-01,29
2019-06-02,28
2019-06-03,31
2019-06-04,37
2019-06-05,30
2019-06-06,27
2019-06-07,29
2019-06-08,23
2019-06-09,23
2019-06-10,25
2019-06-11,26
2019-06-12,28
2019-06-13,26
2019-06-14,30
2019-06-15,30
2019-06-16,36
2019-06-17,37
2019-06-18,39
2019-06-19,33
2019-06-20,33
2019-06-21,42
2019-06-22,64
2019-06-23,46
2019-06-24,48
2019-06-25,55
2019-06-26,100
2019-06-27,84
2019-06-28,60
2019-06-29,45
2019-06-30,38
2019-07-01,47
2019-07-02,47
2019-07-03,42
2019-07-04,39
2019-07-05,37
2019-07-06,33
2019-07-07,30
2019-07-08,38
2019-07-09,42
2019-07-10,44
2019-07-11,41
2019-07-12,40
2019-07-13,33
2019-07-14,36
2019-07-15,42
2019-07-16,43
2019-07-17,46
2019-07-18,41
2019-07-19,35
2019-07-20,31
2019-07-21,30
2019-07-22,31
2019-07-23,32
2019-07-24,33
2019-07-25,32
2019-07-26,29
2019-07-27,31
2019-07-28,27
2019-07-29,29
2019-07-30,29
2019-07-31,31
2019-08-01,31
2019-08-02,32
2019-08-03,27
2019-08-04,28
2019-08-05,40
2019-08-06,42
2019-08-07,36
2019-08-08,35
2019-08-09,31
2019-08-10,29
2019-08-11,27
2019-08-12,32
2019-08-13,31
2019-08-14,36
2019-08-15,35
2019-08-16,31
2019-08-17,26
2019-08-18,26
2019-08-19,30
2019-08-20,30
2019-08-21,31
2019-08-22,29
2019-08-23,28
2019-08-24,26
2019-08-25,25
2019-08-26,27
2019-08-27,27
2019-08-28,28
2019-08-29,31
2019-08-30,27
2019-08-31,23
2019-09-01,23
2019-09-02,28
2019-09-03,31
2019-09-04,28
2019-09-05,26
2019-09-06,26
2019-09-07,23
2019-09-08,22
2019-09-09,27
2019-09-10,23
2019-09-11,24
2019-09-12,24
2019-09-13,23
2019-09-14,20
2019-09-15,21
2019-09-16,22
2019-09-17,21
2019-09-18,22
2019-09-19,24
2019-09-20,22
2019-09-21,20
2019-09-22,19
2019-09-23,22
2019-09-24,33
2019-09-25,37
2019-09-26,36
2019-09-27,33
2019-09-28,24
2019-09-29,24
2019-09-30,28
2019-10-01,27
2019-10-02,26
2019-10-03,25
2019-10-04,22
2019-10-05,20
2019-10-06,20
2019-10-07,26
2019-10-08,24
2019-10-09,24
2019-10-10,25
2019-10-11,22
2019-10-12,21
2019-10-13,19
2019-10-14,23
2019-10-15,23
2019-10-16,22
2019-10-17,23
2019-10-18,22
2019-10-19,19
2019-10-20,20
2019-10-21,21
2019-10-22,23
2019-10-23,25
2019-10-24,25
2019-10-25,29
2019-10-26,38
2019-10-27,29
2019-10-28,30
2019-10-29,29
2019-10-30,25
2019-10-31,25
2019-11-01,24
2019-11-02,20
2019-11-03,20
2019-11-04,22
2019-11-05,23
2019-11-06,23
2019-11-07,23
2019-11-08,23
2019-11-09,21
2019-11-10,19
2019-11-11,22
2019-11-12,21
2019-11-13,22
2019-11-14,20
2019-11-15,19
2019-11-16,21
2019-11-17,20
2019-11-18,22
2019-11-19,23
2019-11-20,23
2019-11-21,25
2019-11-22,30
2019-11-23,23
2019-11-24,22
2019-11-25,31
2019-11-26,27
2019-11-27,24
2019-11-28,23
2019-11-29,21
2019-11-30,20
2019-12-01,20
2019-12-02,21
2019-12-03,22
2019-12-04,22
2019-12-05,23
2019-12-06,20
2019-12-07,19
2019-12-08,19
2019-12-09,21
2019-12-10,20
2019-12-11,21
2019-12-12,23
2019-12-13,20
2019-12-14,20
2019-12-15,18
2019-12-16,21
2019-12-17,26
2019-12-18,26
2019-12-19,25
2019-12-20,21
2019-12-21,19
2019-12-22,19
2019-12-23,22
2019-12-24,19
2019-12-25,21
2019-12-26,21
2019-12-27,20
2019-12-28,20
2019-12-29,19
2019-12-30,20
2019-12-31,18
2020-01-01,24
2020-01-02,26
2020-01-03,29
2020-01-04,28
2020-01-05,26
2020-01-06,30
2020-01-07,38
2020-01-08,40
2020-01-09,32
2020-01-10,30
2020-01-11,29
2020-01-12,25
2020-01-13,26
2020-01-14,39
2020-01-15,37
2020-01-16,32
2020-01-17,34
2020-01-18,32
2020-01-19,34
2020-01-20,31
2020-01-21,31
2020-01-22,28
2020-01-23,30
2020-01-24,28
2020-01-25,23
2020-01-26,23
2020-01-27,28
2020-01-28,32
2020-01-29,33
2020-01-30,34
2020-01-31,33
2020-02-01,30
2020-02-02,29
2020-02-03,31
2020-02-04,31
2020-02-05,35
2020-02-06,35
2020-02-07,33
2020-02-08,31
2020-02-09,40
2020-02-10,37
2020-02-11,39
2020-02-12,41
2020-02-13,38
2020-02-14,34
2020-02-15,33
2020-02-16,33
2020-02-17,32
2020-02-18,33
2020-02-19,33
2020-02-20,34
2020-02-21,31
2020-02-22,27
2020-02-23,28
2020-02-24,35
2020-02-25,34
2020-02-26,38
2020-02-27,36
2020-02-28,36
2020-02-29,28
2020-03-01,27
2020-03-02,30
2020-03-03,30
2020-03-04,32
2020-03-05,33
2020-03-06,33
2020-03-07,28
2020-03-08,30
2020-03-09,55
2020-03-10,41
2020-03-11,35
2020-03-12,75
2020-03-13,100
2020-03-14,64
2020-03-15,53
2020-03-16,69
2020-03-17,55
2020-03-18,55
2020-03-19,59
2020-03-20,57
2020-03-21,49
2020-03-22,43
2020-03-23,46
2020-03-24,51
2020-03-25,45
2020-03-26,41
2020-03-27,38
2020-03-28,40
2020-03-29,42
2020-03-30,39
2020-03-31,37
2020-04-01,38
2020-04-02,40
2020-04-03,38
2020-04-04,34
2020-04-05,34
2020-04-06,41
2020-04-07,41
2020-04-08,37
2020-04-09,37
2020-04-10,40
2020-04-11,34
2020-04-12,35
2020-04-13,38
2020-04-14,37
2020-04-15,37
2020-04-16,38
2020-04-17,35
2020-04-18,36
2020-04-19,34
2020-04-20,35
2020-04-21,34
2020-04-22,35
2020-04-23,38
2020-04-24,39
2020-04-25,37
2020-04-26,39
2020-04-27,40
2020-04-28,38
2020-04-29,56
2020-04-30,61
2020-05-01,46
2020-05-02,46
2020-05-03,45
2020-05-04,45
2020-05-05,45
2020-05-06,50
2020-05-07,60
2020-05-08,68
2020-05-09,58
2020-05-10,76
2020-05-11,91
2020-05-12,65
2020-05-13,56
2020-05-14,57
2020-05-15,49
2020-05-16,45
2020-05-17,47
2020-05-18,46
2020-05-19,42
2020-05-20,42
2020-05-21,42
2020-05-22,40
2020-05-23,36
2020-05-24,38
2020-05-25,40
2020-05-26,38
2020-05-27,38
2020-05-28,37
2020-05-29,37
2020-05-30,35
2020-05-31,35
2020-06-01,24
2020-06-02,32
2020-06-03,24
2020-06-04,24
2020-06-05,24
2020-06-06,22
2020-06-07,24
2020-06-08,22
2020-06-09,22
2020-06-10,24
2020-06-11,24
2020-06-12,22
2020-06-13,22
2020-06-14,21
2020-06-15,24
2020-06-16,22
2020-06-17,22
2020-06-18,21
2020-06-19,20
2020-06-20,19
2020-06-21,19
2020-06-22,22
2020-06-23,21
2020-06-24,20
2020-06-25,20
2020-06-26,21
2020-06-27,20
2020-06-28,20
2020-06-29,21
2020-06-30,20
2020-07-01,20
2020-07-02,20
2020-07-03,20
2020-07-04,20
2020-07-05,18
2020-07-06,20
2020-07-07,19
2020-07-08,21
2020-07-09,20
2020-07-10,19
2020-07-11,18
2020-07-12,18
2020-07-13,19
2020-07-14,20
2020-07-15,22
2020-07-16,28
2020-07-17,21
2020-07-18,29
2020-07-19,20
2020-07-20,18
2020-07-21,20
2020-07-22,20
2020-07-23,22
2020-07-24,20
2020-07-25,21
2020-07-26,26
2020-07-27,37
2020-07-28,38
2020-07-29,32
2020-07-30,28
2020-07-31,30
2020-08-01,36
2020-08-02,35
2020-08-03,30
2020-08-04,28
2020-08-05,29
2020-08-06,31
2020-08-07,29
2020-08-08,26
2020-08-09,26
2020-08-10,29
2020-08-11,29
2020-08-12,25
2020-08-13,27
2020-08-14,28
2020-08-15,25
2020-08-16,24
2020-08-17,30
2020-08-18,29
2020-08-19,26
2020-08-20,24
2020-08-21,24
2020-08-22,23
2020-08-23,21
2020-08-24,22
2020-08-25,23
2020-08-26,23
2020-08-27,21
2020-08-28,21
2020-08-29,21
2020-08-30,20
2020-08-31,22
2020-09-01,23
2020-09-02,21
2020-09-03,25
2020-09-04,28
2020-09-05,24
2020-09-06,23
2020-09-07,23
2020-09-08,24
2020-09-09,22
2020-09-10,20
2020-09-11,19
2020-09-12,18
2020-09-13,19
2020-09-14,19
2020-09-15,20
2020-09-16,21
2020-09-17,20
2020-09-18,18
2020-09-19,18
2020-09-20,18
2020-09-21,21
2020-09-22,19
2020-09-23,20
2020-09-24,19
2020-09-25,18
2020-09-26,17
2020-09-27,17
2020-09-28,18
2020-09-29,18
2020-09-30,18
2020-10-01,18
2020-10-02,18
2020-10-03,16
2020-10-04,15
2020-10-05,17
2020-10-06,18
2020-10-07,15
2020-10-08,18
2020-10-09,18
2020-10-10,20
2020-10-11,17
2020-10-12,20
2020-10-13,19
2020-10-14,18
2020-10-15,19
2020-10-16,19
2020-10-17,16
2020-10-18,18
2020-10-19,18
2020-10-20,23
2020-10-21,35
2020-10-22,36
2020-10-23,29
2020-10-24,25
2020-10-25,26
2020-10-26,26
2020-10-27,32
2020-10-28,30
2020-10-29,26
2020-10-30,26
2020-10-31,27
2020-11-01,27
2020-11-02,25
2020-11-03,24
2020-11-04,24
2020-11-05,36
2020-11-06,39
2020-11-07,33
2020-11-08,31
2020-11-09,34
2020-11-10,29
2020-11-11,30
2020-11-12,32
2020-11-13,33
2020-11-14,29
2020-11-15,27
2020-11-16,36
2020-11-17,47
2020-11-18,57
2020-11-19,44
2020-11-20,46
2020-11-21,48
2020-11-22,41
2020-11-23,43
2020-11-24,58
2020-11-25,53
2020-11-26,62
2020-11-27,44
2020-11-28,38
2020-11-29,37
2020-11-30,51
2020-12-01,51
2020-12-02,40
2020-12-03,41
2020-12-04,36
2020-12-05,35
2020-12-06,33
2020-12-07,35
2020-12-08,34
2020-12-09,35
2020-12-10,33
2020-12-11,32
2020-12-12,28
2020-12-13,31
2020-12-14,31
2020-12-15,32
2020-12-16,62
2020-12-17,100
2020-12-18,67
2020-12-19,58
2020-12-20,57
2020-12-21,62
2020-12-22,53
2020-12-23,49
2020-12-24,45
2020-12-25,50
2020-12-26,70
2020-12-27,96
2020-12-28,78
2020-12-29,67
2020-12-30,74
2020-12-31,77
2021-01-01,28
2021-01-02,49
2021-01-03,59
2021-01-04,48
2021-01-05,38
2021-01-06,46
2021-01-07,64
2021-01-08,65
2021-01-09,50
2021-01-10,49
2021-01-11,72
2021-01-12,55
2021-01-13,47
2021-01-14,49
2021-01-15,42
2021-01-16,34
2021-01-17,33
2021-01-18,32
2021-01-19,31
2021-01-20,30
2021-01-21,37
2021-01-22,40
2021-01-23,29
2021-01-24,27
2021-01-25,27
2021-01-26,25
2021-01-27,28
2021-01-28,29
2021-01-29,47
2021-01-30,34
2021-01-31,27
2021-02-01,27
2021-02-02,26
2021-02-03,27
2021-02-04,27
2021-02-05,25
2021-02-06,31
2021-02-07,28
2021-02-08,60
2021-02-09,69
2021-02-10,46
2021-02-11,44
2021-02-12,41
2021-02-13,34
2021-02-14,39
2021-02-15,39
2021-02-16,44
2021-02-17,50
2021-02-18,45
2021-02-19,50
2021-02-20,54
2021-02-21,49
2021-02-22,56
2021-02-23,71
2021-02-24,50
2021-02-25,42
2021-02-26,43
2021-02-27,35
2021-02-28,39
2021-03-01,38
2021-03-02,34
2021-03-03,33
2021-03-04,31
2021-03-05,30
2021-03-06,26
2021-03-07,28
2021-03-08,29
2021-03-09,34
2021-03-10,34
2021-03-11,32
2021-03-12,31
2021-03-13,41
2021-03-14,40
2021-03-15,36
2021-03-16,32
2021-03-17,32
2021-03-18,31
2021-03-19,29
2021-03-20,25
2021-03-21,26
2021-03-22,28
2021-03-23,29
2021-03-24,32
2021-03-25,34
2021-03-26,27
2021-03-27,25
2021-03-28,25
2021-03-29,28
2021-03-30,30
2021-03-31,28
2021-04-01,31
2021-04-02,28
2021-04-03,25
2021-04-04,25
2021-04-05,26
2021-04-06,26
2021-04-07,26
2021-04-08,24
2021-04-09,23
2021-04-10,27
2021-04-11,25
2021-04-12,26
2021-04-13,36
2021-04-14,39
2021-04-15,32
2021-04-16,36
2021-04-17,30
2021-04-18,54
2021-04-19,41
2021-04-20,38
2021-04-21,30
2021-04-22,35
2021-04-23,55
2021-04-24,39
2021-04-25,34
2021-04-26,36
2021-04-27,34
2021-04-28,31
2021-04-29,27
2021-04-30,27
2021-05-01,27
2021-05-02,24
2021-05-03,26
2021-05-04,29
2021-05-05,28
2021-05-06,27
2021-05-07,25
2021-05-08,27
2021-05-09,27
2021-05-10,27
2021-05-11,26
2021-05-12,28
2021-05-13,67
2021-05-14,41
2021-05-15,32
2021-05-16,36
2021-05-17,51
2021-05-18,41
2021-05-19,100
2021-05-20,75
2021-05-21,57
2021-05-22,53
2021-05-23,59
2021-05-24,57
2021-05-25,46
2021-05-26,39
2021-05-27,35
2021-05-28,36
2021-05-29,35
2021-05-30,33
2021-05-31,32
2021-06-01,30
2021-06-02,30
2021-06-03,30
2021-06-04,33
2021-06-05,29
2021-06-06,32
2021-06-07,29
2021-06-08,41
2021-06-09,39
2021-06-10,33
2021-06-11,28
2021-06-12,24
2021-06-13,25
2021-06-14,32
2021-06-15,26
2021-06-16,24
2021-06-17,22
2021-06-18,23
2021-06-19,19
2021-06-20,23
2021-06-21,34
2021-06-22,44
2021-06-23,32
2021-06-24,27
2021-06-25,26
2021-06-26,25
2021-06-27,24
2021-06-28,24
2021-06-29,24
2021-06-30,22
2021-07-01,21
2021-07-02,20
2021-07-03,18
2021-07-04,19
2021-07-05,19
2021-07-06,19
2021-07-07,17
2021-07-08,20
2021-07-09,18
2021-07-10,15
2021-07-11,15
2021-07-12,18
2021-07-13,18
2021-07-14,18
2021-07-15,18
2021-07-16,18
2021-07-17,17
2021-07-18,16
2021-07-19,20
2021-07-20,24
2021-07-21,23
