time,asset,AdrActCnt,CapMVRVCur,CapMrktCurUSD,HashRate,NVTAdj,PriceUSD,SplyCur,TxCnt,TxTfrValAdjUSD,VelCur1yr
2020-01-01 00:00:00+00:00,eth,231794,0.60401742,14179620092.76739481102471703,141.54757568971382,176.20538564,129.963875336061,109104318.84323,466526,80472115.2020098452599757670659,7.890191013547687
2020-01-02 00:00:00+00:00,eth,220624,0.59007664,13828388490.16716415202537763,146.05796014602325,100.74034748,126.730876972531,109116174.53073,505639,137267627.478478015077214173258,7.874175998680854
2020-01-03 00:00:00+00:00,eth,255934,0.6217776,14601654728.57377959744789918,149.69087019658033,61.74709196,133.800767095266,109129828.21823,581641,236475180.713206738773735596937,7.869773270788393
2020-01-04 00:00:00+00:00,eth,240546,0.62295237,14630731356.00661006318391124,157.9610363492778,101.46191121,134.050349210988,109143552.71823,559074,144199248.5754853206409161025008,7.843534107870503
2020-01-05 00:00:00+00:00,eth,229160,0.62722837,14734260130.10799012277284483,153.30855471285054,120.27975632,134.982177089421,109157078.71823,524664,122499916.700692063508841197985,7.812992957497197
2020-01-06 00:00:00+00:00,eth,274755,0.66720181,15719385892.40542821930897978,154.87743634557387,65.55737504,143.988824079486,109170874.84323,626525,239780587.3614660865299294742488,7.806331517901166
2020-01-07 00:00:00+00:00,eth,276248,0.66257856,15640564381.28721409987413306,159.31358170418864,77.49870586,143.248955698422,109184491.46823,646478,201817103.9991729961401609695352,7.797858762679175
2020-01-08 00:00:00+00:00,eth,283219,0.65340864,15383007551.43259112382821514,155.2402139246162,54.78897234,140.872484044418,109198099.65573,653831,280768316.9497115700004774191744,7.796412162299247
2020-01-09 00:00:00+00:00,eth,282797,0.63867031,15013734414.70625510764615119,152.31236173003865,86.32297276,137.473664114553,109211713.46823,621399,173925131.8076589081809336515158,7.787668015863565
2020-01-10 00:00:00+00:00,eth,329508,0.66686883,15705453489.29252592433017198,157.52956031297418,90.40145741,143.789400935126,109225390.65573,605095,173730091.7475974585879245932308,7.768357350293099
2020-01-11 00:00:00+00:00,eth,281332,0.66279614,15604367250.22178482101942212,158.40100705747338,93.06432956,142.846074284044,109239034.59323,549612,167672913.1775113746142711788748,7.742647739392538
2020-01-12 00:00:00+00:00,eth,231191,0.67477319,15890489273.65794003868580786,156.42362679508912,123.4666155,145.447126008182,109252686.59323,523951,128702720.2395882972984152753276,7.736749552663783
2020-01-13 00:00:00+00:00,eth,260729,0.66859452,15724539631.08457484081413582,157.447702793516,86.65654536,143.910222209234,109266314.71823,565389,181458187.2209786348725281093648,7.724072088078914
2020-01-14 00:00:00+00:00,eth,311555,0.76360036,18145716456.78076203838514455,156.582988352002,44.21855428,166.047976914085,109279961.09323,671748,410364308.6286428484920675826495,7.716573340060109
2020-01-15 00:00:00+00:00,eth,321562,0.76241979,18126744829.5674157788141667,159.1159052152327,53.57730807,165.85377936879,109293528.90573,698399,338328771.666409473405104433756,7.712939698167201
2020-01-16 00:00:00+00:00,eth,305974,0.75477525,17932157511.73262410323675138,157.5992804774922,60.00444005,164.052933255406,109307143.46823,693649,298847176.8992194020375519489056,7.7088514191345725
2020-01-17 00:00:00+00:00,eth,295218,0.7839624,18697635815.30458157721164922,157.74035363245284,69.78233516,171.034402337814,109320905.96823,676556,267942248.8754635045778638776522,7.703050492718198
2020-01-18 00:00:00+00:00,eth,290720,0.80102117,19141735600.57976488831085487,156.43809071809096,65.03359855,175.074978375219,109334502.15573,628211,294336097.4676932400592967617548,7.702680241937064
2020-01-19 00:00:00+00:00,eth,269233,0.76505223,18238394007.82492605255888168,157.28871237367161,94.59688055,166.791822443016,109348250.65573,615368,192801220.3211214163211568627048,7.7005144886174435
2020-01-20 00:00:00+00:00,eth,258251,0.76355683,18255488041.10313493899761556,158.2207955906207,103.1514113,166.927411046172,109361835.34323,599266,176977588.6793698887267304611744,7.6944147361420185
2020-01-21 00:00:00+00:00,eth,287729,0.77332135,18503243947.08704748425374728,159.4924073140975,109.76689164,169.171668731736,109375547.84323,558962,168568533.462272407413221179512,7.686095962407874
2020-01-22 00:00:00+00:00,eth,272179,0.76618535,18327614940.09992613186304578,156.7552004443951,123.81715483,167.545226271186,109389060.78073,513767,148021612.716084485467393454112,7.676104962255459
2020-01-23 00:00:00+00:00,eth,257578,0.74349304,17740382342.28821528829739245,157.99096928610334,100.68571752,162.156525599065,109402827.15573,552533,176195619.192607442187480749015,7.668082905071852
2020-01-24 00:00:00+00:00,eth,209705,0.74345936,17752547988.53267788678448047,160.38907687006275,71.08109234,162.247590707189,109416404.34323,497135,249750635.5552510683132631660482,7.661671925160294
2020-01-25 00:00:00+00:00,eth,208598,0.73622929,17565862413.04867756158565722,157.3150687192368,235.28974921,160.521455172414,109429997.34323,435515,74656301.3122766707255579494828,7.6461067889925225
2020-01-26 00:00:00+00:00,eth,195000,0.76527927,18294489564.76744569401519364,155.80698701104205,197.21999381,167.159112974868,109443566.90573,428839,92761840.2755023693083282420144,7.638885861920364
2020-01-27 00:00:00+00:00,eth,238758,0.77648692,18600541811.18617847245502549,157.4945422444814,100.14536019,169.934313676213,109457245.03073,476541,185735432.737617755129218593764,7.632698136460425
2020-01-28 00:00:00+00:00,eth,231471,0.79924832,19187626398.41891137918229845,154.80166928500947,91.88051174,175.276188486265,109470810.40573,526284,208832384.9684938015519807467095,7.613213000977144
2020-01-29 00:00:00+00:00,eth,231564,0.79607101,19124399288.89009707241074192,157.97439202247386,87.55008023,174.676776680304,109484498.46823,551529,218439540.4124339577492375298176,7.602814699724534
2020-01-30 00:00:00+00:00,eth,244211,0.83732058,20175746449.48415099225029038,153.6702134927775,75.55360563,184.256748977206,109498005.15573,566052,267038829.979819095862758875662,7.593221612273522
2020-01-31 00:00:00+00:00,eth,239398,0.81877224,19730021909.85702779756384538,154.6122153327196,56.76961186,180.163670368206,109511656.09323,583358,347545478.3601572507818258309896,7.589197382217951
2020-02-01 00:00:00+00:00,eth,236095,0.83183978,20104716996.24207696821348393,153.69044041553568,104.4663008,183.562507656341,109525181.65573,545761,192451698.2219772443386113863721,7.581407987655193
2020-02-02 00:00:00+00:00,eth,235359,0.85183419,20636907529.14334993756689106,158.3157819121807,93.89524711,188.398108533022,109538825.46823,530094,219786497.8773506300944820112304,7.581983392817797
2020-02-03 00:00:00+00:00,eth,277543,0.8543368,20742848491.30238960707221431,157.2978383586132,80.2656867,189.341644067797,109552489.59323,621191,258427347.2643342047347544578255,7.583431789396943
2020-02-04 00:00:00+00:00,eth,234304,0.84956064,20628773379.01512967257177692,159.84979633263342,70.9140399,188.276665984804,109566277.21823,524476,290898296.1279982204533897872212,7.588831447416065
2020-02-05 00:00:00+00:00,eth,274536,0.92026678,22477575741.62528594012343276,156.90649445998855,67.99855444,205.125087901812,109579846.96823,610780,330559611.540215720916602735568,7.596265299033803
2020-02-06 00:00:00+00:00,eth,287091,0.94443546,23326944443.52450379519822119,157.98526889680335,47.67714553,212.849642723553,109593533.46823,606505,489268897.7988327638111526449979,7.602230990870256
2020-02-07 00:00:00+00:00,eth,285999,0.98169653,24427403242.33960386640594226,157.460556155791,45.4770032,222.863079719462,109607222.84323,626252,537137487.62679346438450499237,7.612346688228889
2020-02-08 00:00:00+00:00,eth,348397,0.98610361,24552143773.29755433397253756,160.35408896528293,90.07035154,223.973379602572,109620812.15573,661649,272588519.466392374392301999342,7.602599177286168
2020-02-09 00:00:00+00:00,eth,305845,1.00224522,25047843469.98198765278811298,158.84769109278722,86.78814134,228.467053126826,109634378.90573,628631,288609055.142441252359311467178,7.604426524881645
2020-02-10 00:00:00+00:00,eth,318635,0.98416009,24576508891.60491068424290328,161.43203132644453,62.92160572,224.139831618936,109648109.90573,668760,390589347.0137365119615360089256,7.608873191079452
2020-02-11 00:00:00+00:00,eth,319771,1.04033691,26061071165.19783575843849529,162.20532006881243,76.62079475,237.649539333723,109661778.59323,709280,340130525.2676580724204435262964,7.6036402080695025
2020-02-12 00:00:00+00:00,eth,394534,1.14850047,29244885010.20703145938031192,161.94994461618063,39.45823591,266.649455289304,109675397.53073,798162,741160478.628154685651856583984,7.619071310972054
2020-02-13 00:00:00+00:00,eth,374630,1.14480701,29390078107.75980869324981323,164.76991496588244,47.9678049,267.940001870251,109689027.03073,764763,612704253.762802236623483863735,7.624855391599741
2020-02-14 00:00:00+00:00,eth,323942,1.20363637,31246702917.38253809815753831,165.42616734669738,58.01129396,284.830649094097,109702740.96823,771827,538631373.0738113487680699709261,7.628438579438583
2020-02-15 00:00:00+00:00,eth,343999,1.12840133,29078546533.67496708149644088,166.00286597496319,56.04617656,265.033846464056,109716351.03073,699151,518831940.3296174074372654638336,7.632860654049883
2020-02-16 00:00:00+00:00,eth,337792,1.11365892,28653671392.27605793568809269,168.13721154382569,66.14359919,261.128690531853,109730077.28073,661490,433203994.673703511707166550853,7.640070313205315
2020-02-17 00:00:00+00:00,eth,333123,1.1333764,29258562974.67958009741087431,166.68157032421462,42.44544214,266.608233372297,109743658.71823,695366,689321667.9759581774383883490774,7.650525979400605
2020-02-18 00:00:00+00:00,eth,344572,1.1971991,31123321279.54614855148991067,168.1752329590615,45.36555224,283.564988310929,109757278.09323,733983,686056263.9602053844818528005483,7.647195820904558
2020-02-19 00:00:00+00:00,eth,333141,1.11024438,28658741206.74479645015379574,175.63230500463996,54.11985437,261.077341028638,109771078.15573,695837,529542097.6460401029746850477844,7.643459469696742
2020-02-20 00:00:00+00:00,eth,317504,1.09840864,28393811401.65059045590281915,170.24433858268293,48.6095052,258.631871011105,109784657.59323,689600,584120560.02268088214943025502,7.645092634968216
2020-02-21 00:00:00+00:00,eth,323587,1.12502844,29196379780.2597562058065726,167.68748866792654,66.8563585,265.90940414962,109798221.96823,670542,436703111.523746960227230817306,7.630406008565783
2020-02-22 00:00:00+00:00,eth,314925,1.10851831,28744732199.39518895638686552,172.1634099485578,115.77478253,261.763375803624,109811894.46823,605859,248281461.392797977231817814688,7.617798889987165
2020-02-23 00:00:00+00:00,eth,311622,1.15814833,30199786831.50187642005806314,171.31336597147663,91.04735282,274.979647574518,109825534.71823,606290,331693189.2823196355238798312224,7.614357959116698
2020-02-24 00:00:00+00:00,eth,320273,1.1164964,29037843709.67901691805212709,173.56183483961445,63.55274538,264.367167504383,109839069.59323,687702,456909352.026100140753606828806,7.603357170860968
2020-02-25 00:00:00+00:00,eth,308551,1.04981425,27302449384.5115574883045497,168.2597630691627,60.84553463,248.53713220339,109852596.84323,670257,448717388.21226660049155218078,7.584890403781142
2020-02-26 00:00:00+00:00,eth,368983,0.96596272,24797542423.39581383055940588,170.28017412028228,39.3609015,225.706557159556,109866291.59323,704929,630004432.8218926340010215362828,7.597309521407388
2020-02-27 00:00:00+00:00,eth,367385,0.97349437,24876694797.23128755480493554,176.50640540557927,41.38292156,226.398922033898,109879917.15573,714482,601134329.2950616590427816170406,7.5970280814261955
2020-02-28 00:00:00+00:00,eth,387502,0.98256402,25129789100.14603031342513436,172.093413609671,61.03335267,228.673918468732,109893551.78073,688694,411738631.4028425791697599121592,7.592840243845814
2020-02-29 00:00:00+00:00,eth,294354,0.94817948,24190816862.7364059202884543,173.32477246353355,96.96721918,220.10229421391,109907154.53073,620465,249474173.50782663860331731815,7.585035105164418
2020-03-01 00:00:00+00:00,eth,321679,0.94316225,24031269874.712956167313172,171.13816212385242,68.77050477,218.6236685564,109920714.59323,628500,349441522.29963614439859888528,7.587662859523739
2020-03-02 00:00:00+00:00,eth,332395,0.99287888,25416268973.97954753858440328,169.59906568276568,48.52959113,231.194931618936,109934369.21823,681477,523727243.185452508304458927548,7.595877449612026
2020-03-03 00:00:00+00:00,eth,335468,0.96460055,24659542481.00681394225519482,170.05004265423003,65.04005726,224.283570017534,109948055.84323,661419,379143923.3207874653177742217548,7.587801489265653
2020-03-04 00:00:00+00:00,eth,313708,0.96491949,24648595462.27334886691666941,172.70513576916562,73.00227331,224.156026826417,109961778.90573,663966,337641478.0768033042721761455125,7.579785689117172
2020-03-05 00:00:00+00:00,eth,321218,0.9792524,25053847968.82759576642724805,171.6367886783265,63.5356179,227.813605844535,109975204.84323,720114,394327603.8706571361608253936975,7.574711108129602
2020-03-06 00:00:00+00:00,eth,332267,1.0453275,26873626775.29513157373522174,169.13003765068643,55.43114549,244.330236002338,109988952.71823,676799,484810958.4857726499917413071736,7.573906346101504
2020-03-07 00:00:00+00:00,eth,290494,1.01973768,26187209697.39426918359851214,172.06816935862778,91.15021474,238.059852600818,110002629.21823,630992,287297290.2236915427203455682166,7.561881352764282
2020-03-08 00:00:00+00:00,eth,327289,0.87928638,22307571242.41206625848070694,176.1155892750303,58.72263124,202.765954997078,110016354.78073,662565,379880307.997145027928207759506,7.563981501498537
2020-03-09 00:00:00+00:00,eth,383558,0.87528188,22022599885.44970336826845168,171.48032265236617,27.08902276,200.151101052016,110029871.28073,784085,812971367.752823769753532845064,7.592035498695877
2020-03-10 00:00:00+00:00,eth,326753,0.8786926,22102362849.45532451600328019,172.0520204290615,39.11919274,200.851090531853,110043529.21823,760588,565000484.4267494001461167817308,7.5991393831250775
2020-03-11 00:00:00+00:00,eth,348656,0.85365652,21377073264.56237739588056511,169.89398818751928,42.7954638,194.236009351257,110057209.96823,713065,499517270.438005599645380312805,7.603827238434633
2020-03-12 00:00:00+00:00,eth,408928,0.5139851,12143917957.3252400121174731,170.48008235552422,11.16805851,110.32820163647,110070841.15573,760781,1087379506.93289333372419427208,7.702238168362749
2020-03-13 00:00:00+00:00,eth,400311,0.62365503,14834953541.26230092440768824,165.53255404611934,12.47310952,134.759985680888,110084261.78073,847947,1189354869.164400875697153218088,7.77921361077132
2020-03-14 00:00:00+00:00,eth,460743,0.56817437,13440544621.38530392176298725,163.47625702963308,32.88110623,122.078151256575,110097871.59323,681830,408761935.40931292413506617023,7.793758085359248
2020-03-15 00:00:00+00:00,eth,438224,0.57669557,13626823852.18845972105642543,164.5772103023589,32.11394672,123.754734073641,110111535.96823,657653,424327285.8909962315547475671327,7.812648934547487
2020-03-16 00:00:00+00:00,eth,473741,0.51946253,12152205580.2193281916995834,165.48030105122774,16.42598376,110.34905873758,110125140.34323,784094,739815998.73386467261314759405,7.871382148550158
2020-03-17 00:00:00+00:00,eth,445445,0.557511,12972529568.53788411105581313,160.75664837236855,30.26454904,117.783463763881,110138801.78073,763100,428637795.005761681169448761295,7.88429620664531
2020-03-18 00:00:00+00:00,eth,434714,0.55842448,12963115619.26039449824683067,164.88765228552984,39.17034449,117.683343658679,110152509.40573,768437,330942088.663800979799933736754,7.8955536260245465
2020-03-19 00:00:00+00:00,eth,465615,0.65004493,15132153196.17714363850087299,164.39085744197558,27.14214041,137.357502980713,110166193.09323,864017,557515102.705916793349520116993,7.912792651583179
2020-03-20 00:00:00+00:00,eth,497777,0.62210744,14492205427.99508998823030573,163.15327856269755,29.20420234,131.532323261251,110179802.71823,822158,496236988.7459984196752441546385,7.927747144499097
2020-03-21 00:00:00+00:00,eth,537404,0.62653152,14601932583.72362857084257666,166.23450061295492,67.26738323,132.511633430742,110193589.84323,857503,217072998.563594157530716983966,7.924173628347659
2020-03-22 00:00:00+00:00,eth,379207,0.58158763,13493983692.64310913258118278,157.48099568306313,65.65827681,122.442055523086,110207098.65573,746195,205518395.3757564091324754158306,7.917679208454262
2020-03-23 00:00:00+00:00,eth,426308,0.642512,14944830431.96840606077693551,161.2481697371689,40.85213101,135.589770601987,110220928.65573,801238,365827438.179266304714158130653,7.928005413328523
2020-03-24 00:00:00+00:00,eth,387996,0.66344446,15368322349.05131311539558064,164.04453249735926,23.1609701,139.414792226768,110234517.46823,791900,663543982.973269549147450841456,7.948983805047646
2020-03-25 00:00:00+00:00,eth,380672,0.64902157,15004282174.55559291823381931,161.71389410180018,46.57175659,136.095511981297,110248177.59323,765389,322175568.914034240549090197647,7.947413864324841
2020-03-26 00:00:00+00:00,eth,411661,0.65899386,15283190455.12891010002569887,166.27638407027413,55.96552583,138.608215488019,110261793.65573,772649,273082227.451410069531488421549,7.945832171118095
2020-03-27 00:00:00+00:00,eth,394055,0.63710894,14741811153.46212073136922717,167.04492031821627,66.37201273,133.681614728229,110275531.78073,748776,222108845.984034308564032208664,7.940078590081204
2020-03-28 00:00:00+00:00,eth,376618,0.62601709,14450937018.93399678876275276,166.58463038633795,62.81343324,131.027766510812,110289119.65573,667726,230061250.8064465323485636207916,7.932998979785672
2020-03-29 00:00:00+00:00,eth,318335,0.59966949,13807576535.21177294037362905,170.2214634607162,96.68463779,125.178745470485,110302883.15573,607984,142810449.0050766295875158516955,7.920329519848276
2020-03-30 00:00:00+00:00,eth,344397,0.6353069,14661311186.60574063527264787,168.76158536370167,68.11726431,132.902320514319,110316442.40573,724004,215236347.7030574266549686382434,7.9158539422147935
2020-03-31 00:00:00+00:00,eth,353932,0.63926836,14729956063.91893402977243681,164.32746885195982,52.97546741,133.508133372297,110330027.78073,731749,278052403.971703362619267889229,7.9129109320129425
2020-04-01 00:00:00+00:00,eth,333042,0.65060128,14990731879.1958371465723924,166.00973225640138,77.28834274,135.85480654588,110343772.59323,683007,193958511.039088457220634486528,7.885437461387944
2020-04-02 00:00:00+00:00,eth,340841,0.67529373,15577136434.20961751939251616,169.7702049281576,49.73769131,141.151746639392,110357376.40573,720554,313185755.576667238468792928112,7.868003571592526
2020-04-03 00:00:00+00:00,eth,327371,0.67789141,15642576937.08485029967239319,168.1404471238931,51.73550234,141.727211279953,110371020.46823,722688,302356722.7668418385336038480538,7.861157686175671
2020-04-04 00:00:00+00:00,eth,325061,0.69025586,15932500517.37965040081544025,164.59233824805875,100.41815365,144.336282700175,110384583.96823,625952,158661556.0890583146821672228525,7.845202612332023
2020-04-05 00:00:00+00:00,eth,309777,0.68413033,15783917713.79440500829005317,166.77360131267574,115.224857,142.972632963179,110398174.71823,614001,136983617.2957741837924814035563,7.836472694025586
2020-04-06 00:00:00+00:00,eth,388788,0.79925329,18726897716.95483907340863241,159.70053326598656,41.37109524,169.609724313267,110411698.34323,771300,452656561.526544666624076095345,7.843518204324949
2020-04-07 00:00:00+00:00,eth,365713,0.77387957,18133769083.2497355382310551,165.1244993256742,40.7932322,164.21725949737,110425476.21823,783472,444528861.883023351092244184561,7.836361699031268
2020-04-08 00:00:00+00:00,eth,419382,0.81442094,19138519729.72357097407666335,165.99258876385883,62.83010887,173.294784336645,110439098.34323,830223,304607457.708387206035148025066,7.821886491279407
2020-04-09 00:00:00+00:00,eth,383729,0.80063997,18808287211.1697995920086693,166.115435198358,73.79521832,170.28360490941,110452719.28073,727502,254871353.995176459206981763342,7.808043368260767
2020-04-10 00:00:00+00:00,eth,376454,0.7438983,17404051136.51763814676857662,169.49335906675142,39.17530183,157.550598188194,110466423.71823,745643,444260805.293727479532813919756,7.80945912431884
2020-04-11 00:00:00+00:00,eth,387711,0.74838693,17503514314.25423609986381594,163.16418533455692,116.96658295,158.431649327878,110479909.71823,680523,149645427.549360238559994375963,7.793284135031004
2020-04-12 00:00:00+00:00,eth,365811,0.75898713,17750727980.30329296231596105,170.19044930307948,105.83515625,160.649303331385,110493650.53073,678530,167720525.094787951011249731317,7.788835489479015
2020-04-13 00:00:00+00:00,eth,380405,0.74416808,17371602605.40230130009645294,166.90103853794824,53.09774186,157.198628579778,110507341.96823,744306,327162737.9708458613969695935786,7.7939545262416425
2020-04-14 00:00:00+00:00,eth,384946,0.75251463,17573510966.65170850839810342,170.41654679638467,80.60313328,159.006158445354,110520945.46823,813972,218025159.2041579026146008632162,7.782534925282048
2020-04-15 00:00:00+00:00,eth,366353,0.72544132,16906396014.25808009108478503,168.9600660291767,81.88995372,152.951140736411,110534618.65573,792152,206452626.3097420034727072995769,7.774263016976208
2020-04-16 00:00:00+00:00,eth,368015,0.81636589,19121580177.10892187593374462,169.98947328016567,40.72068806,172.970440327294,110548254.03073,790334,469579004.855493589781849929246,7.779735104089874
2020-04-17 00:00:00+00:00,eth,384794,0.80957163,19042305466.5503578103127083,167.29566642320484,66.10854882,172.23222063121,110561806.59323,785639,288046036.509243852802054440173,7.770601554445291
2020-04-18 00:00:00+00:00,eth,408020,0.87925515,20800266031.23806041745748995,168.25479882417233,63.06762134,188.109414903565,110575358.71823,783111,329808950.896955807765679230104,7.766360773845729
2020-04-19 00:00:00+00:00,eth,377254,0.84905653,20042136926.75023860285526411,164.70244473035925,75.43628808,181.230814377557,110589013.21823,741675,265682968.1973467734269463003867,7.763327827943631
2020-04-20 00:00:00+00:00,eth,386452,0.80241005,18914582017.70736630907860214,164.2798529462281,43.92184885,171.013763296318,110602688.65573,828885,430641753.811823829162612862792,7.771363981942268
2020-04-21 00:00:00+00:00,eth,371823,0.80427693,18969498940.65626168332860082,166.29272497860265,49.23275731,171.489232904734,110616267.96823,812963,385302387.5918427781326753120816,7.770159074076396
2020-04-22 00:00:00+00:00,eth,369457,0.85297669,20199023449.97080441225034539,165.43460058476592,56.64348095,182.581804178843,110629991.53073,790519,356599261.065071675589197421765,7.763390658289045
2020-04-23 00:00:00+00:00,eth,412555,0.86634584,20540584547.352046111441129,169.00267814154037,50.1424485,185.6463264173,110643635.90573,826397,409644625.72722196711169506071,7.753051734463892
2020-04-24 00:00:00+00:00,eth,391035,0.87169447,20761718894.21368599624424395,167.06168423402858,32.51103127,187.621841320865,110657260.09323,846807,638605362.073125097672064127735,7.755941268386774
2020-04-25 00:00:00+00:00,eth,385847,0.89866138,21446374558.99559594675129631,164.69185220379617,78.26522724,193.785201928697,110670857.96823,792299,274021750.343314585586209558228,7.725527478048159
2020-04-26 00:00:00+00:00,eth,397842,0.91210923,21811751086.71779944032329227,166.43739862467612,75.78872749,197.062440268849,110684466.59323,801949,287796771.5044759846174410902314,7.722194361982841
2020-04-27 00:00:00+00:00,eth,390999,0.90904594,21759449585.14317252265638105,162.65936507756516,52.68032371,196.565708679135,110698095.46823,841193,413046998.438200550373582944166,7.7213473082859085
2020-04-28 00:00:00+00:00,eth,404598,0.91270639,21861836532.28113500878540323,161.95566844224328,88.33229505,197.466412565751,110711671.15573,838453,247495398.1434856197254042795766,7.703982931922514
2020-04-29 00:00:00+00:00,eth,427482,0.98368906,23848478278.6705204192707863,169.03498017236572,41.97365076,215.38395207481,110725418.71823,897881,568177364.829835577760122695527,7.7041525816998835
2020-04-30 00:00:00+00:00,eth,417656,0.94843872,22910234921.2805781678132258,168.11177100132153,33.96549723,206.88486528346,110739057.15573,899459,674514928.15634860931509580797,7.714544497091086
2020-05-01 00:00:00+00:00,eth,404034,0.97394619,23558639806.92347009079242751,173.80591974765522,76.53086631,212.713617767387,110752851.90573,827138,307831871.5506580388297110807536,7.709240308060991
2020-05-02 00:00:00+00:00,eth,398595,0.97882936,23718858206.87903856817056051,174.5739749766364,94.75748068,214.133870601987,110766494.53073,765990,250311194.8108763829868584681918,7.696500583163255
2020-05-03 00:00:00+00:00,eth,401201,0.96098116,23273846688.81938595291025674,169.40632773348221,89.53210023,210.090575306838,110780060.71823,789689,259949745.718183402161739913454,7.690206262899131
2020-05-04 00:00:00+00:00,eth,362848,0.9479483,22930096291.00035018279070428,177.11790235376117,66.07702458,206.961926592636,110793790.28073,774035,347020714.6468489266501199628376,7.6903462778236475
2020-05-05 00:00:00+00:00,eth,366254,0.94014076,22702822334.84598218797423654,177.28440913864412,70.7690265,204.885417007598,110807409.65573,785518,320801676.3541875605222614637814,7.6772710280003915
2020-05-06 00:00:00+00:00,eth,384165,0.93154985,22467386684.71912069229549466,170.23847517587444,53.38716738,202.736075569842,110820862.15573,833506,420838710.6488884013910754512744,7.666365342175353
2020-05-07 00:00:00+00:00,eth,401731,0.97523188,23606747651.08774678854961753,167.64927364266126,37.91687,212.990972822911,110834498.46823,877129,622592203.726638625635602898937,7.66783287771136
2020-05-08 00:00:00+00:00,eth,407113,0.97087573,23545623499.53129870098390115,170.74502605168846,51.45702027,212.413128872005,110848249.46823,887756,457578448.5114411841784782347635,7.662362686753444
2020-05-09 00:00:00+00:00,eth,412090,0.96374647,23366876239.73545411689078635,170.0086600021664,75.5901264,210.774871127995,110861774.53073,894382,309126037.383695475268867625398,7.64895051332848
2020-05-10 00:00:00+00:00,eth,415159,0.86514904,20793867006.47762614339420035,168.2658290759286,33.95661469,187.542486849795,110875500.03073,879153,612365725.9929796580783718996375,7.638883335827039
2020-05-11 00:00:00+00:00,eth,414250,0.86183502,20593814372.68382565671304846,168.770405377724,45.53273156,185.715372296902,110889120.90573,887554,452285941.6770998458078542371172,7.637311525534842
2020-05-12 00:00:00+00:00,eth,378729,0.87989052,21051379335.26808483793941525,167.8998741736004,45.93042425,189.818459438925,110902698.28073,880678,458331915.7441946980789484463,7.624867614626747
2020-05-13 00:00:00+00:00,eth,365732,0.92014952,22176401180.50613020016425461,168.823605580735,44.00085167,199.938022559907,110916377.46823,856962,503999362.2502687778347788574899,7.61589687530069
2020-05-14 00:00:00+00:00,eth,364002,0.93510549,22577916785.99270810804989248,170.58626948958022,47.98290114,203.532877030976,110930072.40573,820300,470540885.391638855751019605248,7.595857578088499
2020-05-15 00:00:00+00:00,eth,377934,0.89850788,21647546818.09218459322583868,173.12759885071657,60.42089121,195.121980303916,110943660.90573,888691,358279171.0909827581648728158584,7.543313409505669
2020-05-16 00:00:00+00:00,eth,375179,0.91490782,22282398179.71225244941477278,168.64995357874224,89.33084752,200.819766218586,110957196.09323,875030,249436771.2526229134596775384218,7.511292566056937
2020-05-17 00:00:00+00:00,eth,375674,0.94138765,22979026769.8292548842813172,174.2151373074945,81.05751015,207.07257685564,110970883.34323,808464,283490409.800704833991852783852,7.503279866655746
2020-05-18 00:00:00+00:00,eth,381426,0.97183213,23833700453.19965766813411559,168.48022859333832,51.10752257,214.748162478083,110984420.90573,857645,466344272.929213499762692154859,7.502414822301665
2020-05-19 00:00:00+00:00,eth,402897,0.96693951,23733631010.96466379099324862,165.82247423672754,68.35692226,213.820466744594,110997938.46823,848038,347201574.1165668996065445778356,7.4875043339673
2020-05-20 00:00:00+00:00,eth,385900,0.95009562,23290759062.77664997853295704,171.70918381149735,67.49643778,209.804793103448,111011568.03073,855377,345066492.800257814291829104288,7.47574281030551
2020-05-21 00:00:00+00:00,eth,399759,0.90539641,22084862175.4145244458125806,167.2472528844572,52.82645783,198.91755698422,111025203.15573,867704,418064414.773967563530119241116,7.46906486443378
2020-05-22 00:00:00+00:00,eth,413266,0.93984958,22992079534.79387389328536625,166.03769929651463,57.65604574,207.063677673875,111038690.09323,916282,398780028.0243342778824880682125,7.458871546477498
2020-05-23 00:00:00+00:00,eth,403516,0.93839766,22977451317.36098785217552964,171.50083375914065,59.75278532,206.906197253068,111052504.09323,868425,384541928.76847089480158637136,7.455446221240731
2020-05-24 00:00:00+00:00,eth,366826,0.91902122,22477139536.03456940224381712,171.01350547090203,81.19844207,202.376306370544,111066062.71823,825755,276817374.362961203116045913712,7.452068039610417
2020-05-25 00:00:00+00:00,eth,384146,0.92680231,22692687074.57793758290479306,166.6339861858707,74.86776633,204.292245002922,111079532.53073,875607,303103567.6306854228076141616364,7.443971606273817
2020-05-26 00:00:00+00:00,eth,399709,0.9122871,22314236110.4733515856152553,168.0776187427333,55.3142677,200.86048918761,111093208.03073,916975,403408325.520659065441799689305,7.432351255948174
2020-05-27 00:00:00+00:00,eth,375085,0.94026382,23054442573.73930579861242204,171.2053487369747,73.99942107,207.498003798948,111106816.21823,896217,311548958.6246525513052791625312,7.419894033740432
2020-05-28 00:00:00+00:00,eth,405928,0.98521117,24377420748.07392182955625665,167.76804428825997,54.27635565,219.378571011105,111120337.03073,907265,449135179.69291856285177868366,7.4069959040870685
2020-05-29 00:00:00+00:00,eth,448382,0.99332451,24536687659.56384513744713107,169.45112006125808,41.44957379,220.784826300409,111133940.09323,949269,591964775.824209563922735927632,7.39983112043599
2020-05-30 00:00:00+00:00,eth,420854,1.08464571,27072481305.85333220085369754,171.4737272051859,43.30226611,243.572401285798,111147573.21823,881950,625197795.395429074438853037662,7.394741942625571
2020-05-31 00:00:00+00:00,eth,411586,1.03112157,25727611146.41297637280006521,174.49326219589636,51.29036078,231.444047457627,111161256.59323,850103,501607139.374849606589279977632,7.398652197793308
2020-06-01 00:00:00+00:00,eth,418707,1.09956615,27690866057.4438782038792877,170.32021536791683,50.62541526,249.07495295149,111174832.03073,929874,546975583.664963772082519692755,7.406422683938192
2020-06-02 00:00:00+00:00,eth,459219,1.04622416,26371655363.98254597554570026,172.57260572796883,29.23968778,237.179632554062,111188532.84323,980902,901913028.555393037728361414026,7.41753617425371
2020-06-03 00:00:00+00:00,eth,418567,1.07947462,27125980068.89410585455411822,174.64762402062448,73.07507308,243.934139450614,111202065.15573,898364,371207019.3761747581171096684128,7.400705368436837
2020-06-04 00:00:00+00:00,eth,464243,1.07718602,27097433830.20957650753502692,176.13032262474647,69.7714664,243.647765984804,111215605.53073,930407,388374148.1735543163337094430136,7.385134689703738
2020-06-05 00:00:00+00:00,eth,562284,1.0626328,26729853920.71548424672101815,173.87103198729002,59.2214456,240.312976037405,111229340.84323,901995,451354296.607122017498384006489,7.384020979099567
2020-06-06 00:00:00+00:00,eth,453437,1.06956994,26922981130.21077875260088571,174.33574058672218,121.42071576,242.019700292227,111242932.28073,946196,221733012.8723505441087076283649,7.373156275799099
2020-06-07 00:00:00+00:00,eth,395673,1.07901461,27189398546.25507356613963039,177.08347825855404,97.52376823,244.384643483343,111256575.53073,943786,278797661.7359388675287757243741,7.372514284551581
2020-06-08 00:00:00+00:00,eth,440239,1.06938337,27368926535.45194702997783191,173.12979615950113,69.25519438,245.968303565167,111270135.78073,966206,395189512.956078513326989949742,7.371265501587489
2020-06-09 00:00:00+00:00,eth,436143,1.06236211,27189553095.85052122276684339,171.4122545693382,60.84677946,244.326140970193,111283847.84323,923075,446852788.8772133227525473359748,7.3663407325210555
2020-06-10 00:00:00+00:00,eth,402483,1.0756452,27568884901.47906949699811698,167.95710719039997,53.50671819,247.704879544126,111297302.46823,939890,515241559.1221502417784100899368,7.366120068245706
2020-06-11 00:00:00+00:00,eth,409839,1.01150062,25702177728.21521312220342198,170.5491683955288,45.46673972,230.904400935126,111310904.53073,925331,565296255.763699775757548764452,7.36955998850357
2020-06-12 00:00:00+00:00,eth,448201,1.03579288,26402014078.51056149329481442,171.35109771500024,66.51339096,237.162442723554,111324600.03073,889318,396942836.5745268943239360185214,7.359717860508889
2020-06-13 00:00:00+00:00,eth,443429,1.03949931,26508567845.76265503967935479,172.12047410140278,133.59696097,238.090407890123,111338243.65573,833267,198421937.5394497536970519490064,7.339288879827538
2020-06-14 00:00:00+00:00,eth,411985,1.01491656,25848929526.93718348511059483,173.7742701059941,99.84490202,232.137277089421,111351911.46823,785017,258890829.7203715895870660600688,7.324072502595405
2020-06-15 00:00:00+00:00,eth,442189,1.01100274,25747471930.1027877346374732,172.21252562065925,43.34585817,231.19783974284,111365538.53073,912281,594000742.3266898710607980788,7.329442065201044
2020-06-16 00:00:00+00:00,eth,429484,1.02746121,26189299288.67543586580869899,175.25853005274976,62.73682322,235.136621215663,111379074.65573,904928,417447010.3009347903933042392626,7.324900115801981
2020-06-17 00:00:00+00:00,eth,396283,1.02129397,26031090456.44228679175670962,170.95404438905265,51.67234721,233.687851022794,111392570.65573,879736,503772169.4609218434267165119836,7.325877722164533
2020-06-18 00:00:00+00:00,eth,469733,1.01232995,25771716738.81849980459475274,171.4697772429162,52.82576818,231.331098889538,111406191.65573,913845,487862602.415904559352809858762,7.3219738276759925
2020-06-19 00:00:00+00:00,eth,457647,1.00231012,25490449737.9573077857965592,175.46195806051563,48.81583817,228.77822402104,111419912.65573,945942,522175807.993093332406998488176,7.326409486677057
2020-06-20 00:00:00+00:00,eth,496236,1.00314857,25509347515.66006778822847923,176.51893192227465,95.06158969,228.919830800701,111433541.71823,941415,268345475.803126381340842465358,7.31005319997514
2020-06-21 00:00:00+00:00,eth,470005,0.99769724,25363050533.11164470321565194,176.66595205402214,45.19269427,227.579033606078,111447219.59323,987058,561220147.3104267207594763632528,7.31452776450914
2020-06-22 00:00:00+00:00,eth,447809,1.05773488,27109581716.75018596926671771,173.25885281878277,39.46448743,243.220758153127,111460805.90573,1092083,686936116.1188231112415012851908,7.325968303794693
2020-06-23 00:00:00+00:00,eth,489995,1.05592669,27079509865.1710585652158602,175.27291229437392,38.46780541,242.92121899474,111474452.40573,1119442,703952554.062475520964139865458,7.33438379736877
2020-06-24 00:00:00+00:00,eth,485760,1.01978094,26180061369.11880429938148384,177.3170336821354,25.73945119,234.823753360608,111488130.96823,1070862,1017118087.623896202005447365824,7.350249491545613
2020-06-25 00:00:00+00:00,eth,498356,1.00937647,25915394279.94472206783684815,179.695032213632,19.08676332,232.421420689655,111501746.28073,1041742,1357767885.693521572722725577385,7.368259031341659
2020-06-26 00:00:00+00:00,eth,503748,1.00077293,25614425361.38628558762115989,179.60227374700204,39.05734368,229.694167387493,111515349.53073,1017505,655815858.2009192101042683120989,7.3613343355809215
2020-06-27 00:00:00+00:00,eth,489823,0.96408708,24614343963.77606722531860757,175.87602679986156,46.1951923,220.699442022209,111528800.15573,1017138,532833455.994598188424628895816,7.362821938746769
2020-06-28 00:00:00+00:00,eth,513042,0.98148784,25034993920.44723713613169221,176.75212597337523,56.02456704,224.443460666277,111542541.03073,997731,446857427.778709285740867501609,7.3643799456180945
2020-06-29 00:00:00+00:00,eth,545051,0.99641958,25437055978.8417212350405713,177.38632038340322,33.13512995,228.02034137931,111556082.34323,1056189,767676360.939445893325409823114,7.382149222176573
2020-06-30 00:00:00+00:00,eth,512942,0.98722658,25183841813.70993679481625666,176.8980437100665,44.74492674,225.722754821742,111569796.46823,1111318,562831222.386161335965039524076,7.386424046232016
2020-07-01 00:00:00+00:00,eth,504674,1.00789435,25792038110.11070643540238436,173.44626538694467,38.63660035,231.145918468732,111583359.46823,1044438,667554543.531603266936634441184,7.4019361696302415
2020-07-02 00:00:00+00:00,eth,542715,0.99083263,25299190857.40115761007694279,175.81327891201693,36.74730068,226.701505376973,111596924.84323,1039119,688463925.021202278851633356956,7.421619193196114
2020-07-03 00:00:00+00:00,eth,506616,0.98434431,25123416136.05984893857608608,178.56798440696005,44.50410383,225.098854763296,111610590.65573,1022098,564519088.6044536026756252572416,7.434529132079321
2020-07-04 00:00:00+00:00,eth,530885,0.9991269,25546997596.95715899774570833,179.13646387417194,78.8900825,228.866272063121,111624126.03073,946287,323830281.1642257816067928753975,7.435181471522948
2020-07-05 00:00:00+00:00,eth,564010,0.9944873,25416258980.71051371302934879,178.72115839072123,73.2904551,227.667268264173,111637738.59323,880075,346788117.8666974421783513138169,7.444023318184098
2020-07-06 00:00:00+00:00,eth,521875,1.04856386,26927972853.36434973191926066,178.71677224297574,42.9644342,241.179081239042,111651361.78073,1020012,626750319.2613392514405586161468,7.460538480413521
2020-07-07 00:00:00+00:00,eth,548179,1.0365502,26689447482.56307769163207727,176.634510847078,45.45405746,239.013429573349,111665053.84323,1064506,587174148.475933978967897549976,7.471588648735346
2020-07-08 00:00:00+00:00,eth,515130,1.06453383,27567241571.146901493343414,182.84979376145932,31.21105751,246.8441157218,111678747.09323,1092210,883252403.9112909025354079889,7.467745992527674
2020-07-09 00:00:00+00:00,eth,511545,1.04236573,26990662346.43662615789466406,178.87159721781512,41.42106724,241.651818585622,111692361.78073,1070343,651616777.336895370403431599764,7.473260666883222
2020-07-10 00:00:00+00:00,eth,506070,1.03966003,26924876120.16830622170749793,177.39802270143872,41.5812239,241.033700116891,111705857.34323,1034806,647524858.3967643109563719023227,7.468935146014903
2020-07-11 00:00:00+00:00,eth,569659,1.0323651,26735288582.56989812264506783,181.24783370725658,94.42401991,239.307040619521,111719607.21823,982930,283140758.1178043348410241111317,7.463945430558094
2020-07-12 00:00:00+00:00,eth,567829,1.04017844,26962311536.63740939490212896,182.1373925602798,61.42452721,241.309591174752,111733277.59323,997960,438950249.4035895411973638676896,7.477149831725235
2020-07-13 00:00:00+00:00,eth,529772,1.03269853,26743992425.65361287846124186,183.72034987853067,41.49690196,239.326373816482,111746950.40573,1151834,644481664.0220822161663757197688,7.483933294064501
2020-07-14 00:00:00+00:00,eth,520157,1.0357618,26893914229.04455732045340852,178.60539382453632,33.63069446,240.638817942724,111760498.40573,1098661,799683582.553679174991578839654,7.491094701298782
2020-07-15 00:00:00+00:00,eth,520924,1.02670604,26644882052.3503420011116935,178.43128630754782,56.60444524,238.38143962595,111774146.90573,1111360,470720664.078369895508634924025,7.48644608543149
2020-07-16 00:00:00+00:00,eth,447490,1.00854188,26107970752.12817504816259684,179.39507068446244,50.62984167,233.549674108708,111787656.53073,1068620,515663685.4990383884007672168,7.481841507952115
2020-07-17 00:00:00+00:00,eth,475009,1.00719893,26032399059.77118775420424055,176.39966455990043,45.2181857,232.845427235535,111801203.78073,1078101,575706403.42083261064333957998,7.4884373144744245
2020-07-18 00:00:00+00:00,eth,447224,1.01893534,26378254394.84699401806291053,181.4487828448269,62.19937679,235.909914962011,111814945.96823,1071509,424091940.419333079783428302804,7.4903767712168605
2020-07-19 00:00:00+00:00,eth,462835,1.03185264,26767061818.92136684269165461,181.08110270606915,58.91767618,239.358145821157,111828497.53073,1082448,454312925.2960287597080212941542,7.498968317195849
2020-07-20 00:00:00+00:00,eth,478223,1.02033838,26435139785.61867540396402948,176.0879374469346,43.56198076,236.361256282876,111842102.21823,1143700,606839710.390344464296068188672,7.5175889419478805
2020-07-21 00:00:00+00:00,eth,440067,1.05265102,27432666168.36871020038760626,170.02352431956223,40.57753854,245.250595441262,111855655.71823,1120095,676055452.1575956745911653467248,7.531967310327214
2020-07-22 00:00:00+00:00,eth,470998,1.11957716,29555758887.69639265252768825,170.2742400357223,34.36771048,264.199169491525,111869234.65573,1138040,859986262.615361950045948548025,7.552524173439832
2020-07-23 00:00:00+00:00,eth,491363,1.15280912,30792866273.72068535510550544,178.13778028448468,20.02024346,275.223812536528,111883001.65573,1147143,1538086503.983977730132486902576,7.599194552540145
2020-07-24 00:00:00+00:00,eth,487996,1.16520206,31320722610.56665230884932599,184.56845417503638,31.42337638,279.907534424313,111896675.71823,1146282,996733203.566867279963436838734,7.622576053705543
2020-07-25 00:00:00+00:00,eth,510336,1.259956,34177582482.03387206068868479,175.33053581298014,33.53198492,305.402152542373,111910090.34323,1175506,1019253186.454918054427095896494,7.635533243951491
2020-07-26 00:00:00+00:00,eth,519206,1.27009295,34812771346.53264908950066865,182.58811939334777,28.6509402,311.039973524255,111923785.71823,1137893,1215065582.4072561742293580997265,7.670057314374691
2020-07-27 00:00:00+00:00,eth,551497,1.29599835,36181952861.89257661559537093,182.84418488181785,20.05260675,323.233886908241,111937375.15573,1261456,1804351589.400266679336982200694,7.722923759934742
2020-07-28 00:00:00+00:00,eth,596151,1.27564913,35602169877.13607456951013164,188.27354390273234,31.94749112,318.015537200468,111951039.21823,1222353,1114396424.575526352784420330484,7.74610709636957
2020-07-29 00:00:00+00:00,eth,523675,1.27654189,35607672741.75499769286021504,190.9668062283111,30.75824946,318.025945938048,111964678.34323,1163851,1157662525.14585318903328296576,7.770918164911511
2020-07-30 00:00:00+00:00,eth,521352,1.33266236,37620638891.91242401914976553,184.50159745671417,32.68587014,335.964082875511,111978157.21823,1164479,1150975596.7636849090525639943898,7.792841219034148
2020-07-31 00:00:00+00:00,eth,550668,1.36147041,38769324646.44138535670640799,179.70081675877327,29.58881345,346.179992285213,111991812.09323,1218838,1310269663.680567808219136662327,7.808327752241328
2020-08-01 00:00:00+00:00,eth,562801,1.47302432,43366955915.68128180065747311,183.94336474413097,35.29709613,387.185885447107,112005518.65573,1171566,1228626733.3333516149179729688991,7.8259866325598795
2020-08-02 00:00:00+00:00,eth,626146,1.41986318,41691372173.24519722063154292,188.81583798265345,31.09256767,372.180671654004,112019176.03073,1125886,1340879036.453225465022501958368,7.8529360938074175
2020-08-03 00:00:00+00:00,eth,575598,1.46008704,43187296587.70036639944182795,181.99957546744523,31.44919631,385.487812390415,112032845.65573,1176793,1373240071.4178974372117153538755,7.882190819014822
2020-08-04 00:00:00+00:00,eth,594577,1.47112169,43772364123.66642246323432938,182.63491322366957,33.27707214,390.662864699006,112046391.09323,1164208,1315391087.8989582897776480162264,7.892396070312749
2020-08-05 00:00:00+00:00,eth,611242,1.49225376,44891355573.78334787535014253,183.37181716611778,41.47725803,400.601196084161,112059963.90573,1182699,1082312517.964564100274111604434,7.900553527309817
2020-08-06 00:00:00+00:00,eth,582260,1.46794205,44156591358.49441431134618541,184.96116562441796,41.10057685,393.995932495617,112073723.90573,1215885,1074354540.453115395873674647845,7.913432236386279
2020-08-07 00:00:00+00:00,eth,529429,1.42370351,42630189303.43323253834570968,188.87751163014832,35.8347202,380.330053886616,112087353.78073,1249695,1189633658.896204783304851796136,7.926994825199058
2020-08-08 00:00:00+00:00,eth,532607,1.46050907,43983933679.79013561793466664,190.13862682369975,58.41217486,392.360176504968,112100912.15573,1182406,752992570.2764867937407327460096,7.931203452313821
2020-08-09 00:00:00+00:00,eth,493476,1.44887328,43633107486.70878517141893351,195.9098647921996,51.3682152,389.183157393337,112114583.21823,1229151,849418406.1882617390402204105829,7.942557672539834
2020-08-10 00:00:00+00:00,eth,500790,1.45477743,44336365679.60971411935431186,193.06357478510412,27.18862363,395.407852425482,112128187.15573,1289980,1630695480.772260294451540259233,7.979335227071299
2020-08-11 00:00:00+00:00,eth,473147,1.40236134,42514230903.73247719739440723,189.73166461606175,31.16268162,379.111338983051,112141807.78073,1254244,1364267408.8108992110701789069244,8.004843954219027
2020-08-12 00:00:00+00:00,eth,440096,1.42629263,43427532505.38049659247625811,193.05400092378724,22.19710143,387.208174751607,112155515.65573,1229214,1956450604.310981057854079181006,8.046107024245991
2020-08-13 00:00:00+00:00,eth,486979,1.53239028,47649376741.71351037310992079,193.71423309695643,23.45116179,424.799460081823,112169108.53073,1209139,2031855699.398718221057895115153,8.077326306983219
2020-08-14 00:00:00+00:00,eth,520788,1.55353796,49144669695.50733075682586151,201.44745820973841,21.35592642,438.076865575687,112182755.03073,1201546,2301219283.825379549845545959705,8.109265536186603
2020-08-15 00:00:00+00:00,eth,600612,1.51621458,48537169375.48736106831132248,204.619147332941,38.85963318,432.609198421976,112196341.53073,1107833,1249038279.736765966052627107968,8.122033047369987
2020-08-16 00:00:00+00:00,eth,549697,1.51523133,48580086006.43733100710699253,200.01694012482824,44.60936184,432.939172822911,112209957.09323,1152369,1089011005.7419520873547187915413,8.137360468981534
2020-08-17 00:00:00+00:00,eth,526760,1.50565854,48574926932.84638841130022854,191.21291409839972,33.33223194,432.841464172998,112223368.03073,1181976,1457295959.7344029647618580526892,8.161642995877889
2020-08-18 00:00:00+00:00,eth,467068,1.47701108,47515172268.72815301030630177,188.16489982234762,32.86626519,423.346332086499,112237118.09323,1229256,1445712556.600336861420228182126,8.182782234750313
2020-08-19 00:00:00+00:00,eth,474989,1.42582514,45672533761.56989913753023124,195.77432455615346,30.86075093,406.879427819988,112250781.53073,1216891,1479955360.1186029178977410323556,8.201447300219861
2020-08-20 00:00:00+00:00,eth,467326,1.44944988,46731165712.8425534659465322,201.16589763878875,32.31866077,416.25978755114,112264425.03073,1182994,1445949943.580710519500853161104,8.222721313603069
2020-08-21 00:00:00+00:00,eth,492967,1.3643469,43478608746.690445116470699,205.03079058290993,30.04495905,387.2406050263,112278020.90573,1256752,1447118256.11129327980446010959,8.246680516909592
2020-08-22 00:00:00+00:00,eth,555166,1.39290826,44457618324.74065425693688442,202.28237805482553,43.27508524,395.912521332554,112291518.78073,1102479,1027325956.2251866498583268930582,8.25903884663481
2020-08-23 00:00:00+00:00,eth,582203,1.37977844,44017778355.39700708331425395,207.74954641498417,53.76718531,391.947607364115,112305261.03073,1122524,818673659.3655276750560401240185,8.272393528404598
2020-08-24 00:00:00+00:00,eth,489798,1.42761421,45915066246.16836264297927416,205.6877789742228,34.23314242,408.792199473992,112318841.46823,1162182,1341246026.716111777527502063348,8.299017490618537
2020-08-25 00:00:00+00:00,eth,509157,1.35310591,43091225867.22749615860968411,205.30595095813413,36.37613345,383.604969725307,112332293.03073,1138199,1184601599.612682390297154410282,8.316344568590994
2020-08-26 00:00:00+00:00,eth,516867,1.36269047,43404201326.9191545581902621,208.0350149708945,34.16976896,386.34381735827,112346048.71823,1166218,1270251530.649052714471209265909,8.337460269282868
2020-08-27 00:00:00+00:00,eth,538449,1.34988164,42960602783.62168498736370305,204.9690658518776,42.82327535,382.349150496785,112359613.53073,1136576,1003206841.0731592986461128314405,8.347663889859918
2020-08-28 00:00:00+00:00,eth,510764,1.3878392,44391895465.6506010677806049,210.2355439104336,27.27960064,395.03972980713,112373242.78073,1131912,1627292717.606276294800852173495,8.378061095220929
2020-08-29 00:00:00+00:00,eth,453869,1.40103885,44996121010.33787834944129901,203.510340236621,29.71924772,400.368165575687,112386860.09323,1130992,1514039703.693300093664148903436,8.407949899736758
2020-08-30 00:00:00+00:00,eth,390040,1.47375312,48129499622.52679760685195555,207.55357289073808,24.97566891,428.196437931035,112400513.78073,1142415,1927055479.439916652304005627005,8.442057004529818
2020-08-31 00:00:00+00:00,eth,412302,1.48380189,49022839168.0512892695960484,208.64035593733288,17.12469201,436.09076943308,112414301.34323,1235856,2862699027.49384064799784661804,8.509869620779613
2020-09-01 00:00:00+00:00,eth,434255,1.57920264,54049626232.94758079244525537,217.6173021166301,13.15803454,480.749175862069,112427912.40573,1245701,4107727950.092771388803229666799,8.598497260932481
2020-09-02 00:00:00+00:00,eth,405978,1.43608203,49610772982.30134305292734601,216.10356127482896,13.59821498,441.214134132087,112441486.21823,1181212,3648329802.249952645495593612999,8.677872537811588
2020-09-03 00:00:00+00:00,eth,410463,1.2871747,43131280398.86159858511838712,211.80189640926906,13.3827958,383.542584979544,112454997.40573,1149636,3222890122.495492002094903424248,8.76832518404413
2020-09-04 00:00:00+00:00,eth,476106,1.29600047,43488229604.4857419219934408,221.7025985776624,14.9477609,386.66907597896,112468858.53073,1141207,2909347419.0898776079193349708,8.84459786363902
2020-09-05 00:00:00+00:00,eth,403351,1.1474203,37278944501.74332170897309403,223.23492133271287,12.85837379,331.420088544711,112482452.90573,1040906,2899195895.30237556537819269415,8.943530823402126
2020-09-06 00:00:00+00:00,eth,544008,1.21545587,39736730665.16469829318001477,229.69374293814167,16.18639054,353.227129573349,112496259.03073,1026667,2454946986.115185110014705358474,9.015630998253593
2020-09-07 00:00:00+00:00,eth,470998,1.21032339,39694172820.95557772181294549,229.52987085631386,21.76753754,352.806469023963,112509764.71823,1051480,1823549069.558983729084921371315,9.06348440676766
2020-09-08 00:00:00+00:00,eth,520483,1.16688451,37888484829.27636575797470286,227.83893752336405,22.33855296,336.716558094682,112523378.84323,1026700,1696102916.729699011138211457628,9.106905485570481
2020-09-09 00:00:00+00:00,eth,406766,1.21679278,39619068728.76601988380012497,226.03667615313276,18.82626307,352.053948568089,112536924.78073,1052603,2104457405.038631359572069896283,9.170377674019276
2020-09-10 00:00:00+00:00,eth,365959,1.25785562,41348916471.33338028239850002,222.08210521475962,13.99579304,367.380867621274,112550543.90573,1120964,2954381816.884148073562323053818,9.261282745425696
2020-09-11 00:00:00+00:00,eth,356479,1.27301466,42095259300.93511659609192885,230.95981903552087,16.10435248,373.966615780245,112564217.03073,1074413,2613905733.94117919375548163247,9.341353512637298
2020-09-12 00:00:00+00:00,eth,405023,1.31075203,43479345004.14432060713778429,234.80000044834924,18.64841655,386.216055055523,112577777.21823,1034584,2331530126.863248536278593026795,9.399598400594288
2020-09-13 00:00:00+00:00,eth,418818,1.25157651,41168100878.04465172866462171,234.5942256745953,17.1473207,365.641607831677,112591400.96823,1042047,2400847432.786191265301647522198,9.478422318245624
2020-09-14 00:00:00+00:00,eth,384998,1.28207244,42317036024.73272804106329911,230.72550007306248,14.51088358,375.801003682057,112604904.21823,1079688,2916227381.8620722265091060292525,9.56864394433573
2020-09-15 00:00:00+00:00,eth,408754,1.24716977,40986000227.87668636959355447,235.558672964714,18.36446004,363.936595733489,112618518.46823,1089837,2231810798.652257044772174594948,9.624319863711085
2020-09-16 00:00:00+00:00,eth,391793,1.25187519,41146947103.16366497527040593,229.13030606199996,14.22722719,365.322076212741,112631975.40573,1035013,2892126944.240940407898914270499,9.703778745725977
2020-09-17 00:00:00+00:00,eth,499706,1.31934691,43869451052.19489020960861556,241.10160074539638,12.45826179,389.446111046172,112645754.59323,1406016,3521313952.79928416686779374034,9.795772353981794
2020-09-18 00:00:00+00:00,eth,480140,1.2946466,43065296801.33962814843479578,232.4474425804824,12.98168294,382.261676271186,112659205.65573,1244808,3317389356.181013212894910250138,9.885541655805172
2020-09-19 00:00:00+00:00,eth,481384,1.30273497,43406819674.85391329669101353,236.94297489824018,18.38976122,385.246569666861,112672825.90573,1090001,2360379732.40277407944245731608,9.953466661657203
2020-09-20 00:00:00+00:00,eth,465984,1.26193404,41830036917.45871651805707788,240.7001708780312,23.50764678,371.207025715956,112686544.21823,1095309,1779422556.302599262141886229536,10.001413363503667
2020-09-21 00:00:00+00:00,eth,486381,1.17776214,38594926759.75053220185648461,242.98879995015324,17.13629416,342.456390473407,112700267.34323,1133662,2252232973.425589744552847025974,10.071567405390162
2020-09-22 00:00:00+00:00,eth,431660,1.18791372,38717574918.72729142378550544,237.26965378995112,24.09292645,343.503662536528,112713717.90573,1081497,1607010048.90909911280085145224,10.10979409710133
2020-09-23 00:00:00+00:00,eth,454852,1.12902221,36139108531.71362723564968075,243.04360561618722,20.24086546,320.588590882525,112727369.46823,1084100,1785452731.807440069599667750175,10.139569298889196
2020-09-24 00:00:00+00:00,eth,487588,1.21671076,39362832187.22950208345498721,236.04455941570885,24.33859085,349.144016014027,112740961.84323,1087537,1617301200.255352750565847265612,10.169026649683623
2020-09-25 00:00:00+00:00,eth,455205,1.22074551,39657310393.41875350920043016,235.44787823451009,28.27797117,351.713962361192,112754438.65573,1034790,1402410029.963393282730742172496,10.18932283405979
2020-09-26 00:00:00+00:00,eth,491205,1.22888345,39987598879.06345415565813976,241.82076562692146,37.04847052,354.601045762712,112767853.78073,984559,1079331975.4969037762069336664992,10.205514390312556
2020-09-27 00:00:00+00:00,eth,488227,1.23316314,40163831868.40369793477280648,241.24051206281504,33.1508323,356.121992752776,112781105.03073,966479,1211548219.9359062838684903326016,10.233145623937522
2020-09-28 00:00:00+00:00,eth,434364,1.23043724,40093894095.6200123454128025,240.42054358349102,26.37215264,355.45993395675,112794411.59323,1080187,1520311771.2390471342178886235,10.274049560651413
2020-09-29 00:00:00+00:00,eth,429114,1.23890977,40577084095.88678038109964378,240.32884969341913,25.38784877,359.701439801286,112807677.71823,1088234,1598287608.442181113266199560522,10.301877259774647
2020-09-30 00:00:00+00:00,eth,412900,1.23697417,40612933220.80850213837760744,242.09937172621372,24.0195985,359.976752483928,112820988.96823,1079040,1690824816.31505053969471739832,10.341334151637742
2020-10-01 00:00:00+00:00,eth,447266,1.21616561,39758391695.70111839014415862,242.7533534366962,23.55503219,352.360856049094,112834303.28073,1018741,1687893753.58911918716645679742,10.387647806752163
2020-10-02 00:00:00+00:00,eth,458931,1.19822479,39022839809.19753547750147713,241.8719507610286,24.61951298,345.801279485681,112847586.53073,1002138,1585037032.8165066041799764192825,10.437784196142932
2020-10-03 00:00:00+00:00,eth,470605,1.20094121,39123566090.84261857600632256,237.19204601426128,38.88681176,346.652968907072,112860900.09323,956528,1006088293.805349036843234339296,10.462985001852749
2020-10-04 00:00:00+00:00,eth,472428,1.21772435,39770015476.68894984938121513,239.9958183136524,43.17691049,352.339400233781,112874164.65573,985452,921094516.072843357244365297552,10.48964673764404
2020-10-05 00:00:00+00:00,eth,406952,1.2199971,39870969678.65809034570352825,243.26676636556314,30.51091613,353.191780187025,112887592.28073,1027690,1306777204.3949531469624052699125,10.526261562994016
2020-10-06 00:00:00+00:00,eth,423241,1.18155643,38398034415.8073179738674866,254.35984485274375,30.81467931,340.10351987142,112901020.34323,1083502,1246095538.69660113638801504358,10.559117596836131
2020-10-07 00:00:00+00:00,eth,428105,1.18838844,38521806016.49598353308877826,247.6359695008338,25.63432228,341.159963997662,112914204.71823,1035384,1502743298.652968483669650857098,10.59734166460495
2020-10-08 00:00:00+00:00,eth,430143,1.21539816,39584167809.24169136331315324,240.71905279075696,29.35359551,350.527496376388,112927425.71823,1019446,1348528761.7070872327720431260192,10.625387099196063
2020-10-09 00:00:00+00:00,eth,463202,1.25868643,41364317572.62778497023955368,244.6840508295402,26.32076395,366.247890999416,112940766.59323,1049571,1571546998.226720435241754539196,10.66390534562633
2020-10-10 00:00:00+00:00,eth,472917,1.2728201,41937985052.23244998375488443,251.32471004132188,37.81497552,371.282805143191,112954288.40573,1036351,1109031130.428250351114524819576,10.686506511310574
2020-10-11 00:00:00+00:00,eth,567079,1.27995698,42266442521.06648462248427361,248.9964989147222,39.71855503,374.145406195207,112967957.96823,1004701,1064148544.4254776912069906863548,10.714349540895263
2020-10-12 00:00:00+00:00,eth,496784,1.31405657,43799633633.75232095636374728,246.4604100278159,28.52267981,387.670968731736,112981464.09323,1092162,1535607240.632257206186223416936,10.755386467394608
2020-10-13 00:00:00+00:00,eth,507728,1.29078087,43112673009.42350779591118283,252.65637650260393,31.18493643,381.544274576271,112995203.65573,1127396,1382483915.0165925337056949515267,10.782352548351971
2020-10-14 00:00:00+00:00,eth,499024,1.2788118,42811014987.70333195958806719,248.2699799534331,24.88800901,378.828993045003,113008813.40573,1093927,1720146234.678039696068277849603,10.832369039121994
2020-10-15 00:00:00+00:00,eth,622855,1.2725033,42666305749.00017492670826886,253.9438853859088,33.6634084,377.502910286382,113022455.15573,1249576,1267438675.1630570745819113223126,10.860677400648205
2020-10-16 00:00:00+00:00,eth,649222,1.24186032,41405061866.40550733020657251,251.16530731650295,26.58344087,366.299949853887,113035947.40573,1161135,1557550885.465595837046801618033,10.90258523632962
2020-10-17 00:00:00+00:00,eth,654595,1.2476802,41638209280.28478264992503355,252.08340502748734,46.8672914,368.318269374635,113049535.53073,1051772,888427899.9832956552172503289345,10.919577626539557
2020-10-18 00:00:00+00:00,eth,622632,1.27470738,42728924786.60020157891843686,243.03767123836835,57.78445072,377.921652425482,113062917.96823,995711,739453680.9729950831002977495692,10.936127982883225
2020-10-19 00:00:00+00:00,eth,490775,1.2782239,42908426781.36940122932970501,253.9720183508807,40.30052388,379.463028462887,113076699.34323,1128930,1064711389.70892544615619180431,10.958649552089874
2020-10-20 00:00:00+00:00,eth,484476,1.2482645,41712644603.66990713241219087,252.04320175111,36.22095229,368.843862653419,113090249.90573,1105678,1151616453.21729123677069173835,10.984706250765544
2020-10-21 00:00:00+00:00,eth,499062,1.30863402,44390199440.91029493822752412,251.4135466181574,24.59748681,392.473164231444,113103782.59323,1159354,1804664020.158394955228159858544,11.0291372220144
2020-10-22 00:00:00+00:00,eth,519373,1.3581291,46879969296.3554210333109207,252.3512105013941,20.60214353,414.43640578609,113117401.46823,1189043,2275489888.65104861224197730797,11.074380122929231
2020-10-23 00:00:00+00:00,eth,518375,1.34033323,46308986137.45921822987939776,253.54518665726889,25.84518922,409.339998597312,113130860.15573,1132837,1791783598.085897693069331475776,11.107992505878423
2020-10-24 00:00:00+00:00,eth,603627,1.34642589,46645974148.0207924474814853,258.58222880728414,47.40240492,412.26885710111,113144549.59323,1012156,984042354.49888868446696192833,11.118124518522954
2020-10-25 00:00:00+00:00,eth,586099,1.33055168,46026201771.38409618521272377,251.9477115989693,62.03478974,406.742800642899,113157999.84323,965206,741941771.1584141396363958289275,11.11815919569049
2020-10-26 00:00:00+00:00,eth,491011,1.29390318,44590776701.90411529110000946,243.2075086910853,22.41846642,394.010756575102,113171470.46823,1086139,1989019938.199588068246179012499,11.17350417107938
2020-10-27 00:00:00+00:00,eth,516481,1.32118764,45731920476.25424199350059144,249.47103949951187,34.25527873,404.045446814728,113185090.53073,1078466,1335032794.121205949896381221128,11.182667335016985
2020-10-28 00:00:00+00:00,eth,485592,1.27926827,44023369567.5355219885651277,252.161114425219,24.45010394,388.90336364699,113198736.96823,1139608,1800539158.131251132005184691515,11.221795308568762
2020-10-29 00:00:00+00:00,eth,437339,1.27386525,43789226262.31333953895516929,257.13338959598946,34.30148201,386.788421098773,113212350.40573,1107849,1276598668.5088954367736664675035,11.249441869526885
2020-10-30 00:00:00+00:00,eth,487850,1.26471066,43433013309.68129047657277424,251.8763409866588,25.24313715,383.596369959088,113225819.40573,1111013,1720586987.43884285448096559864,11.291545353757998
2020-10-31 00:00:00+00:00,eth,523774,1.2754658,43776670002.69398208387903217,253.0692847879435,41.02087663,386.585236119229,113239373.65573,1089587,1067180265.196026837476728979872,11.315073116096473
2020-11-01 00:00:00+00:00,eth,524955,1.29889542,44800351864.4588888835134879,255.98133033822558,48.43982009,395.57778264173,113252952.59323,1050753,924866190.194046926612231385655,11.337565399404719
2020-11-02 00:00:00+00:00,eth,489991,1.26683433,43477115712.44632172411668889,246.65331693456648,25.50764516,383.848317066043,113266396.59323,1156870,1704473911.477805558148771703885,11.381222919244307
2020-11-03 00:00:00+00:00,eth,507085,1.27920643,44014721133.1118939878783192068,252.69929407,24.89407843,388.54819970777316,113279951.28073,1119359,1768079957.62042696611296687976168,11.420443688298175
2020-11-04 00:00:00+00:00,eth,625419,1.31234568,45520820968.6638832472373899625,252.34510458,23.65102466,401.79561385154875,113293474.09323,1137324,1924687053.98462575985963814583375,11.457449816955416
2020-11-05 00:00:00+00:00,eth,502128,1.3504508,47248734782.8237396060441549995,249.02893918,19.294873644723,416.99735464640565,113307037.21823,1128431,2448771401.8146032837158154495862,11.441917812299938
2020-11-06 00:00:00+00:00,eth,573232,1.44773852,51724971109.451088450683132339,256.77604922,17.68757153,456.4478808883693,113320651.21823,1171971,2924368165.9103410998362666121067,11.594254612917142
2020-11-07 00:00:00+00:00,eth,545032,1.3947556,49501206896.1000194507840999555,258.65249604,22.61424055,436.77211285797785,113334174.59323,1131722,2188939610.20779770123019905459375,11.64087724176957
2020-11-08 00:00:00+00:00,eth,607371,1.4436467,51615811182.7734177202029084225,250.57368795,53.858489568048,455.37572986557575,113347742.96823,1016465,958359797.9954354951982668367394,11.63127046932962
2020-11-09 00:00:00+00:00,eth,545082,1.41192024,50394519196.058001883996186113,253.08562419,25.53264716,444.5479997077731,113361255.09323,1147695,1973728727.8334519590757689334208,11.706435141001355
2020-11-10 00:00:00+00:00,eth,491180,1.41961116,51188864451.344404657280324184,252.6086322,32.87149115,451.5016406195208,113374703.09323,1157455,1557241934.1457344151681687765368,11.733917223886785
2020-11-11 00:00:00+00:00,eth,646367,1.44751679,52636636662.819858808987624706,257.23844957,30.656683215493,464.2159424897722,113388257.15573,1096582,1716971020.40766109712846717227634,11.716482001894947
2020-11-12 00:00:00+00:00,eth,588103,1.43540169,52489887339.9721227338041700585,253.26671408,23.48662151,462.86649982466395,113401785.09323,1099253,2234884541.70744259017094644142695,11.802157403377137
2020-11-13 00:00:00+00:00,eth,523034,1.46291337,54050512182.3189912963891740878,259.00859394,25.101975106763,476.57134097019286,113415364.15573,1156377,2153237422.65032967606369949515294,11.789247966898158
2020-11-14 00:00:00+00:00,eth,572107,1.42631391,52466731076.477595829727935334,253.89554599,41.025061335615,462.5514587960258,113428960.34323,1067063,1278894640.69928569330542567134184,11.828665728243323
2020-11-15 00:00:00+00:00,eth,504327,1.3933891,50974919025.302421497778684674,261.53086331,35.756227871383,449.3456436002338,113442557.53073,1037428,1425623508.4042492117824916912558,11.855562350653704
2020-11-16 00:00:00+00:00,eth,497314,1.42451273,52445588185.842030358898368749,252.24402969,31.183394442188,462.2547316189363,113456033.21823,1105512,1681843465.85722350379009577923189,11.891553556657191
2020-11-17 00:00:00+00:00,eth,517582,1.47122276,54771213441.0836773072338160055,257.83446929,16.453249721094,482.69500502630035,113469608.90573,1173012,3328899419.23532349751283590014455,11.921834559327408
2020-11-18 00:00:00+00:00,eth,500099,1.45711421,54414177251.193751354242900069,255.29764643,20.16282855,479.4918066627703,113483017.84323,1120798,2698737288.9743235033096747809339,12.067509060292116
2020-11-19 00:00:00+00:00,eth,498682,1.430739,53474003939.275019097665444545,262.94938377,28.249277914472,471.1500233781415,113496765.96823,1122748,1892933479.6157835938972359329145,12.048576935351338
2020-11-20 00:00:00+00:00,eth,529365,1.51526003,57840602350.0429959836939973695,262.03876882,21.48467939,509.56297720631215,113510213.53073,1162871,2692178985.4735228681710291393672,12.135974937932966
2020-11-21 00:00:00+00:00,eth,577881,1.58604702,62137690708.855800309737736818,265.81210134,18.519536384518,547.3534804208066,113523879.78073,1172183,3355250877.705678635717845475305,12.095510920037324
2020-11-22 00:00:00+00:00,eth,557067,1.60936639,64163519384.318385911450994632,267.85670925,21.680932735644,565.1310609000584,113537414.28073,1148006,2959444603.5446980450450869813588,12.153198975131618
2020-11-23 00:00:00+00:00,eth,557131,1.67518019,68949701372.157119276274190994,255.47108376,17.252497986383,607.2141186440678,113550886.34323,1213632,3996505400.3529987630673287307946,12.2102380390717
2020-11-24 00:00:00+00:00,eth,544793,1.64595465,68658132503.91694299876452688,267.13978331,17.792570096588,604.573530742256,113564569.09323,1240072,3858809161.981786234792998360544,12.252324244651852
2020-11-25 00:00:00+00:00,eth,545213,1.56146242,64540440796.879499193490807761,266.38071542,28.364720695218,568.2473562828757,113578074.90573,1205924,2275377272.0123855604860660421285,12.309499420165512
2020-11-26 00:00:00+00:00,eth,551486,1.44927973,58885598655.964432862308827546,266.14541055,14.06263974088,518.3973562244302,113591626.09323,1173330,4187378738.3447609529274734797202,12.332548438015607
2020-11-27 00:00:00+00:00,eth,559050,1.45837495,58738522860.17093683441506182,264.17947875,23.675055747678,517.041817182934,113604975.28073,1102889,2481029970.370016084462602048322,12.413935831172425
2020-11-28 00:00:00+00:00,eth,689375,1.51479457,61448304280.81784938377755373,264.7296573,46.23133610601,540.829210052601,113618686.15573,992335,1329148353.833306334189946009908,12.456903046582436
2020-11-29 00:00:00+00:00,eth,739327,1.57796509,65324166330.141195148991800039,272.50980956,43.881573050461,574.8735552308593,113632233.96823,993930,1488646869.04050673165362099283625,12.47258107032583
2020-11-30 00:00:00+00:00,eth,527321,1.63930401,69718300657.21927625273165592,274.97592699,26.26316794321,613.469492402104,113645913.15573,1183915,2654603618.57235401011135781424,12.492712413265078
2020-12-01 00:00:00+00:00,eth,559564,1.58084285,66860366299.230662504624075039,278.58826337,20.26804334935,588.2515552308593,113659480.71823,1172361,3298807149.10629410489652432218785,12.51867330336959
